relative_path	size_bytes	sha256
.gitignore	525	6842b69bbcd37098fd6eb77873f068fadeb8f75ce9ab2dbe6eddc4275b14ab89
CITATION.cff	533	9c49f84c68ca1344e4200dc6bfc8cd5d47a2776e6acd7b90e0683e293691a039
LICENSE_PENDING.txt	273	33d78d932c3cb9bfe09981a2189d0dd639e12e43f9b368e657ef4200a24d574d
README.md	2505	5613a12e2ea75a386474af63df7dc191272ff994a85ea20b83e301a454e6c22d
config/granule_marker_panels.tsv	4221	6bcdd2a96b8711aabff9ff8a55c9fc5674171a1db58fb0f732e160648b7ded54
config/granule_marker_panels_refined.tsv	4142	b49c63428f679b157bf56b289b8ebefb2c0a7711c56ebd9e00ab0468f9843c59
dgd_reanalysis/Project/manuscript/JCN_manuscript.md	55529	386dd940c02c6a86ba4addc1b15355a9553ef71b20102494d53bf6d9bd68dd09
dgd_reanalysis/Project/manuscript/README.md	802	60bb4aa27e7e7eff9efb54895426e32a312bccc663fbf640ac5fc2f5e12535af
dgd_reanalysis/Project/manuscript/main_figures/Figure_1.png	406148	7d322627dccb80c48a1991317d763de1a0729f9da6c59160e43b80d1227f527d
dgd_reanalysis/Project/manuscript/main_figures/Figure_2.png	609428	ed021f96199962093c9ddcffe59323a0f8498aab00553336871163d5ccb8744a
dgd_reanalysis/Project/manuscript/main_figures/Figure_3.png	356014	43f1d81c453a5adfedc93aec2c9f2c298acb6ed3908a1412be91350ecdf2deee
dgd_reanalysis/Project/manuscript/main_figures/Figure_4.png	867996	1e40b622f7ba8957fc1f1c3ebe5f0ce185435b2085f7b430d4f24a8e8b6124bd
dgd_reanalysis/Project/manuscript/source_tables/Table_S10_Allen_pair_similarity.tsv	9976	623090ccbd7fef45cb42c5350b6c7d8ddf430928559c2025002ed4302749b367
dgd_reanalysis/Project/manuscript/source_tables/Table_S11_Allen_matched_null.tsv	1031	9d6c832723e278f7ec133c6b40fb3536dd762cc5ab88ce7832eb190b2b4a94a8
dgd_reanalysis/Project/manuscript/source_tables/Table_S12_Allen_cross_region.tsv	3949	64ceff999f72d86c64f6c7702b21bc14710f58452bd8b4862bfbba70c456457b
dgd_reanalysis/Project/manuscript/source_tables/Table_S13_table_manifest.tsv	3166	56ee6845a2cb44e82340835719521388aa1f5eafeb3cad52d1cd221858d8fc9e
dgd_reanalysis/Project/manuscript/source_tables/Table_S1_primary_core_datasets.tsv	3861	d95989c927de8d5d48d83d7d18ae5060ab9444f3d0143fde1213aa0ec1e7df51
dgd_reanalysis/Project/manuscript/source_tables/Table_S2_candidate_tiers.tsv	28759	4ad39d8d367a83e7f0d0e0d4c1e02cdf7fc802aabc8fa6556204ff947cdaaf6d
dgd_reanalysis/Project/manuscript/source_tables/Table_S3_species_screen_support.tsv	15412	cfa29be731b8a14325a6e6874bca3bb8fc42fff11ab493b77939181fa2ead2fa
dgd_reanalysis/Project/manuscript/source_tables/Table_S4_leave_one_dataset_out.tsv	27582	17cfd91ca29a7814e232b2b1820564188da398be30756f3de27e995c95a77330
dgd_reanalysis/Project/manuscript/source_tables/Table_S5_independent_dataset_scores.tsv	798	eb786aef0b529cf77ec06b2a0d5b02335121028a1d66481d0e386cdc77c653e6
dgd_reanalysis/Project/manuscript/source_tables/Table_S6_module_inference.tsv	1111	330f2df99b4b45312f4ad4d37333ca5d6100980e6aac9fa907852a80c60d3ee1
dgd_reanalysis/Project/manuscript/source_tables/Table_S7_Allen_population_coverage.tsv	420	3aff0393abf8a622dd2922119c137145562e9ccfe59afa7a6f575d658cf7c94c
dgd_reanalysis/Project/manuscript/source_tables/Table_S8_Allen_candidate_contrasts.tsv	11103	953d97805cf2face80cc55b08173cd800e43ae935c69a681c51d0e843c209d0a
dgd_reanalysis/Project/manuscript/source_tables/Table_S9_Allen_module_contrasts.tsv	2975	540003969b5ec2c7e50efa0d683594bd09cea236243df4cf4ce57d351d9a57be
dgd_reanalysis/Project/results/dgd_allen_candidate_marker_prevalence.tsv	10620	b0bc8c3b7f7480288a54b45e6bcabe2f36a3c9671e015d03b32148d4b429194e
dgd_reanalysis/Project/results/dgd_allen_comparator_clusters.tsv	40220	82690ebc1f6ce965027182cb5869c8275d759a1ccedf8880d05115f452d2fde3
dgd_reanalysis/Project/results/dgd_allen_comparator_module_markers.tsv	6935	b6a795f96aa9b9d8cf687816afbdf5dda8fc41fe95dd19326ecf57cb0559cbbe
dgd_reanalysis/Project/results/dgd_allen_consensus_candidate_matched_null.tsv	1037	621974aaa58bc06f6c915eb7578e6d99f5d427e93d86ec975f07b2040b5be32a
dgd_reanalysis/Project/results/dgd_allen_consensus_candidate_specificity.tsv	5019	3f9840889e4695431935ce6aca4e43987915468c7ee0d0528e88b1981ba67e43
dgd_reanalysis/Project/results/dgd_allen_consensus_library_gene_expression.tsv.gz	713633	f8d14ab295a01c279831ab5e1cb415fb3651e31a23fac79fc48d93050d59922c
dgd_reanalysis/Project/results/dgd_allen_consensus_library_module_scores.tsv	364399	aac4978792f54595677a77d31f5628b2eef87ca58bbf3ec8d48259460b062530
dgd_reanalysis/Project/results/dgd_allen_consensus_local_gene_contrasts.tsv	35384	cef37a0b50ac2702bbc6e5a5690fc3b93f0fc4eae278bc3faaf0ce4a0d3115a2
dgd_reanalysis/Project/results/dgd_allen_consensus_local_module_contrasts.tsv	3032	c5f58f144eae39f154719641011193991640d1d52b037ed01d427e51bd6fdc4b
dgd_reanalysis/Project/results/dgd_allen_consensus_pair_similarity.tsv	10137	c6f7dad91fa63ddba628faff9e49390f78f90c3b07fd510f4271f75c5e32722e
dgd_reanalysis/Project/results/dgd_allen_consensus_population_counts.tsv	43296	9a96118ca69e6ab2616d5d939d7e66cb6ed88308ef5b9664efee4d11eaa7e951
dgd_reanalysis/Project/results/dgd_allen_consensus_population_gene_expression.tsv	71852	58e4c6bd32924c87fa3a63f8af590a8ef6a57381c570d5e7cb663ad53ceeeb86
dgd_reanalysis/Project/results/dgd_allen_consensus_population_module_scores.tsv	7826	2aab7d822c50d20831eb6c751400fb74cf3dbb62b8a23363a1828388350cab16
dgd_reanalysis/Project/results/dgd_allen_cross_region_contrast_concordance.tsv	4731	d451b308e7842f96c25183b31a68d761eddcc8bbdf4b098e53d3b2bad2c44e09
dgd_reanalysis/Project/results/dgd_allen_cross_region_feature_manifest.tsv	89538	b248f00c41ff3bd1a2672efa9b0a842f0975af261fe4104a532c05ec40ccfe73
dgd_reanalysis/Project/results/dgd_allen_cross_region_feature_pool.tsv.gz	17112988	1cdd07754592165e3c0cb8577718e488b3ce95eca15be878e93001d1c22be826
dgd_reanalysis/Project/results/dgd_allen_cross_region_feature_weights.tsv	69468	1216030c30880b35ebb74f506f73ef93394dabcb5bd4aa33075ed8c257f3886c
dgd_reanalysis/Project/results/dgd_allen_cross_region_gene_contrasts.tsv	8604	337abba07ad9a7c96e96c186c4c082cbc7df34cc3e6389d26417d50519209bb6
dgd_reanalysis/Project/results/dgd_allen_cross_region_label_permutations.tsv.gz	273275	b6a84682b60b35c6376a421ba66b08f749c28e24a3fdd69fa78de95db6a0372e
dgd_reanalysis/Project/results/dgd_allen_cross_region_matched_gene_null.tsv.gz	1021935	57c4e229d339049060a52fad654ac114f219077b9564acbea691c8357fb81d49
dgd_reanalysis/Project/results/dgd_allen_cross_region_specificity_summary.tsv	2499	d3cc593fb7bd250ec88f986065c3b80238d840ab6846772c26d959314f593a9d
dgd_reanalysis/Project/results/dgd_allen_cross_region_stage_sensitivity.tsv	1321	fc7c95d800d16a805de16698e149148af0e36a17574726db95d36c69f4fe316e
dgd_reanalysis/Project/results/dgd_allen_cross_region_transfer.md	4252	9b5377aaab8aeed325c58d740ed1f9962ccc6f9956bd4d269f983de95f98b9cc
dgd_reanalysis/Project/results/dgd_allen_cross_region_transfer_metrics.tsv	6001	e2a6b64ed3d0b8214bf96e30d6236a8226296252a3a00e04f50aae7e55aae4d5
dgd_reanalysis/Project/results/dgd_candidate_leave_one_dataset_out.tsv	27582	17cfd91ca29a7814e232b2b1820564188da398be30756f3de27e995c95a77330
dgd_reanalysis/Project/results/dgd_candidate_lodo_summary.tsv	1245	e14bb31d99e56d0230f07469f086137a8008296af4ffa37260ad1520e5e309d6
dgd_reanalysis/Project/results/dgd_dataset_level_configuration.tsv	798	eb786aef0b529cf77ec06b2a0d5b02335121028a1d66481d0e386cdc77c653e6
dgd_reanalysis/Project/results/dgd_dataset_level_configuration_summary.tsv	616	9bf3e0e4f860708a0a0eaec2b662d3ed9c84ad2a2ea80fc87fdf3d86ada3fb80
dgd_reanalysis/Project/results/dgd_matched_null_summary.tsv	1619	be7290c4ad723acf99cf5d612f3c84cb5c0b724f468586c89468fd97df674339
dgd_reanalysis/Project/results/dgd_module_gene_overlap.tsv	814	aee74bc4ff09a76b052f70e368288658bdadebb4ba988ebd54759691d07cfcc1
dgd_reanalysis/Project/results/dgd_module_leave_one_gene_out.tsv	10938	1025a858ed9b9bb0547a78cd67f4ccb8d6d92d73a072cf07ca00d82dac55d127
dgd_reanalysis/Project/results/dgd_module_level_inference.tsv	1111	330f2df99b4b45312f4ad4d37333ca5d6100980e6aac9fa907852a80c60d3ee1
dgd_reanalysis/Project/results/dgd_species_shared_support.tsv	6446	5cd1b490d37e001e946fcaf028adc1d34d6171dc90f66a4a09dd7a5fa264c7f7
dgd_reanalysis/Project/results/dgd_species_stratified_candidates.tsv	15412	cfa29be731b8a14325a6e6874bca3bb8fc42fff11ab493b77939181fa2ead2fa
dgd_reanalysis/Project/results/primary_core_manuscript_candidate_tiers.tsv	28793	069ed759e051bbf51a4bae5484b89f143cfad9fee5298fcbb441c7f10c3fd735
dgd_reanalysis/Project/results/primary_core_niche_circuit_module_formal_gene_scores.tsv	32189	1615e5ed6aa99b4817c76ba3711c3f330a829923572fa1179f2c0e932d854b41
dgd_reanalysis/Project/results/primary_core_niche_circuit_module_formal_summary.tsv	1937	151829ae84c8109ba57324747b74a277d445b73cbd8c12999c9b6aead7342400
dgd_reanalysis/Project/results/primary_core_niche_circuit_module_gene_sets.tsv	16419	076552720ecbec34c073c69dffd426c74f73b2ac20329855b57679c70cce51ce
dgd_reanalysis/Project/results/primary_core_transcriptomic_configuration_primary_contrasts.tsv	21504	782ed89661f4633be184fa2d54566f127a92c95b3601baffa6ed03e503708e42
dgd_reanalysis/Project/scripts/analyze_allen_consensus_comparators.py	43488	cb080e75fdd817e6345616e64c1e4b6b784ebc3c68402aae20d9435d474f9033
dgd_reanalysis/Project/scripts/analyze_cross_region_granule_specificity.py	44068	5969a45162888839851be990514e394124d88574660ab69dd124a8695c3bc0cd
dgd_reanalysis/Project/scripts/build_discovery_robustness.py	40923	13de690f2c0d2073fd25ff590f8752cdabb2f3ae7caec2bde5cf0b267cb38306
dgd_reanalysis/Project/scripts/build_main_figures.py	12137	84331eb7c91ec051e5c2acce64c6c99e6e3a5f33af6d5987f06cd89158517fb4
dgd_reanalysis/Project/scripts/build_supplementary_tables.py	10679	359d18d3edf91627f5b438d1842f58e04b074fd946744958dbb3e34ee1d87487
dgd_reanalysis/README.md	3374	b4521bdb665321637d3b39957357a629b64a5185d4a15fb514964b157ef6d692
dgd_reanalysis/requirements.txt	127	c79f0356a4a97ad888b0e6804bfc03026725b34422e3d01a0abc2977ba7135ca
docs/downloaded_external_data_manifest.tsv	6092	ddc30512fab8aea5182a04b92528c2ab886f424e11284dde0acd52fb65a97ba2
docs/external_dataset_inventory.md	13681	ec569940b43cc257456b6c809d95d110225e97dabdb1b7f2a232709d50061a64
docs/manuscript_figure_plan.tsv	5136	796f723a30bc9a88bd5468aafb47702bd1ff3bbec89f71fed4ea35736d787994
docs/manuscript_main.md	87827	9059204dc4ccf86bb2370bcc0b9c1c2cde1bfcd89397a032eea53018ec3d6f01
docs/methods_clean.md	32235	347eddf9e6ed30160c5c7bfd6a21427c5395b2e50638b2c370fa3098745029ed
docs/release_checklist.md	644	c733db4b1dea8df7d07313ebd9dc60e501af76b7913423e3ca8a738a9d56e815
docs/run_order.md	2559	4495d20b8bcc313e54617a1397d86eef2a3dd29306089f3a2f3f5ba3e5a8a380
docs/supplementary_information.md	5328	067b067936d9af641a5494e9911a84ce355cad5f0bcf7c2df50a8aa479465c79
excluded_large_or_local_files.tsv	6642	7d7a203913cb484d49998b61a5b804b76aec6b3c8660a9ba2a3b601eda7b91cc
manuscript_outputs/final_figures/Fig.1.jpg	1198472	5ab53e76b6133e0845c519fb61b05bc289c2add067cd92daf394d894b2666048
manuscript_outputs/final_figures/Fig.2.jpg	1256184	3efd2c524c175128347e9ae719d9fdbf20f361ec45843c59abd8ce84bfef341e
manuscript_outputs/final_figures/Fig.3.jpg	1113907	3b1fbc1a2863fdc5ef47c299b7005eb86fb72421433f6fe35d55e24597831895
manuscript_outputs/final_figures/Fig.4.jpg	2203267	cc992b34a7ccb17babfe88e65010bc9ebca44f30f8c893c7c9082a953f648183
manuscript_outputs/final_figures/Fig.5.jpg	2415047	10600d277d9809619fb50c13036ebdea7c5029a05fc10a06becdae7f437c01f5
manuscript_outputs/final_figures/Fig.6.jpg	2577118	228b4588dc6c60f8bc7a67fd532232f91b76c11bfb4a30e337e06547671f76c3
manuscript_outputs/final_figures/Fig.7.jpg	1602866	d857444bb6cd61ec8808e20ee4483d1d479f61be5da5d2313ee0e09c9a3b4077
manuscript_outputs/final_figures/Graphic abstract.jpg	1842600	6619a3d4916fc4894eee4f249b376c469a9882e2e0db9fe02eb4f8f434ea9366
manuscript_outputs/supplementary_figures/Fig.S1_simmature-versus-mature granule-cell stage split.png	271587	5cd98a21b8a371471488ec0162348765b254dddb5c124ff221daef066f1b6912
manuscript_outputs/supplementary_figures/Fig.S2_granule-enriched genes relative to named pyramidal and Purkinje comparators.png	83707	45a694d1f7d63ffd15021aae816beedc8c68961c387a70e147e50fb16b9a8be5
manuscript_outputs/supplementary_figures/Fig.S3_regional-origin and shared-toolkit timing analysis.png	246384	fce20a0203e8d1b9adbe6badb5f6c95b5ea4b8f80a35d9f17517499cc17510ca
manuscript_outputs/supplementary_figures/Fig.S4_developmental-origin control for deep origin, regional divergence, and later toolkit reuse.png	324396	ff09d2ebab3e9f54510263f725d1d0460dc6dced205355742caf77276eee29f9
manuscript_outputs/supplementary_figures/Fig.S5_hierarchical integrative model component-score summary, including the provisional epigenomic extension.png	117163	945a566ea7af238668cef90163e9adcb07b4668c64a11da7ad45cc66f3f5ada4
manuscript_outputs/supplementary_figures/Fig.S6_public perturbation module-shift signatures.png	686308	fc4b88733936ec99b6300460bc154272175662db9126c8e6e84a80faa4638e1e
manuscript_outputs/supplementary_tables/README.md	19608	9bcd913e5c93f8533cae7bb4e4cb0fcd2110294d940085d8be5c541634e5a317
manuscript_outputs/supplementary_tables/Supplementary_Data_Archive_S54_S88_S94_S101.zip	7159029	bb4a9e489b294f1b0702e3d338277b90b53a4169c347139f09d8d034a9b39b10
manuscript_outputs/supplementary_tables/Supplementary_Table_Index.tsv	60488	c4cbc5e60f40ae33330d59e0f0a78ead60a1297e718e30e87d281aa1a34b756d
manuscript_outputs/supplementary_tables/Supplementary_Table_Submission_Guide.tsv	2698	b06cad661ea7e95e36a971a9c09edbcfbd8cdc5a11b8f723e7082e5744ec8f28
manuscript_outputs/supplementary_tables/Supplementary_Tables_Primary_Reader_Facing_S1_S40_S102_S103.zip	2765798	aadc3bc0ffb34f8b95d79237ded34c8ccc197e3d412991b451d288daf2078dea
manuscript_outputs/supplementary_tables/Supplementary_Tables_Supplementary_Controls_S41_S53_S89_S93.zip	1518022	f691fa92d43f727b01eb052845cff9eefe288a18d8018c1326ae9612bf0836ec
manuscript_outputs/supplementary_tables/Table_S100_causal_perturbation_module_shift_node_summary.tsv	11210	f05cf916465ac3ab61b458084ae3fea9407d81cecc2e2de0aa362b3552d0a08e
manuscript_outputs/supplementary_tables/Table_S101_result_evidence_anchor_provenance.tsv	4864	2f1284e448f923f6afb41e99d4b882a444de35944656f69d0fd74287fc967c3a
manuscript_outputs/supplementary_tables/Table_S102_hypothesis_support_score_matrix.tsv	2452	fd1887db586004aa635bf8765d19e3846fe7c9d99a4e0ca9fafd7974c288483d
manuscript_outputs/supplementary_tables/Table_S103_hypothesis_support_scores.tsv	1522	70adcc52b5d624a582be8ceb8438086587410186eaffa659472aeb0344b3b245
manuscript_outputs/supplementary_tables/Table_S10_named_comparator_axis_units.tsv	30689	eb7bad0871b4144a3f67ca35305ca57790ca45c1e8c6d7c9630b0c12e22764f3
manuscript_outputs/supplementary_tables/Table_S11_niche_circuit_gene_sets.tsv	16419	076552720ecbec34c073c69dffd426c74f73b2ac20329855b57679c70cce51ce
manuscript_outputs/supplementary_tables/Table_S12_niche_circuit_formal_summary.tsv	1937	151829ae84c8109ba57324747b74a277d445b73cbd8c12999c9b6aead7342400
manuscript_outputs/supplementary_tables/Table_S13_niche_circuit_named_comparator_summary.tsv	1358	7497cba0da641015bdb80d1494667e3ccc95948946e1e6a153915e2c0a103a5c
manuscript_outputs/supplementary_tables/Table_S14_configuration_local_contrasts.tsv	1261	440e099deefc45887b7bc241c5aedb1a65754e3df907c853cb3ee757694ab029
manuscript_outputs/supplementary_tables/Table_S15_configuration_primary_summary.tsv	2784	3e6af58b7fc975a5a4fb4b187fc621328bbe0f71e21a1f2a8e529ed27cf1186f
manuscript_outputs/supplementary_tables/Table_S16_configuration_primary_contrasts.tsv	21504	782ed89661f4633be184fa2d54566f127a92c95b3601baffa6ed03e503708e42
manuscript_outputs/supplementary_tables/Table_S17_configuration_driver_summary.tsv	5828	f4a639ac61db02d4b0433cae812d8d063d63f742423578427ea3d65d347fd472
manuscript_outputs/supplementary_tables/Table_S18_configuration_driver_contrasts.tsv	36710	557a81190aadd2457a8e96e75d79353b44768bcd0fd99fb3c16e7b7d3313efc7
manuscript_outputs/supplementary_tables/Table_S19_aim2_pathway_gene_sets.tsv	18208	2c311db84d4b1ff60155ec94e39e53fe95ce2395855ea055903742f5e7438fec
manuscript_outputs/supplementary_tables/Table_S1_primary_core_dataset_frame.tsv	3861	d95989c927de8d5d48d83d7d18ae5060ab9444f3d0143fde1213aa0ec1e7df51
manuscript_outputs/supplementary_tables/Table_S20_aim2_pathway_summary.tsv	8810	510573d9632f91dbb1bda983e48605ee3d02853de100912fbdcde7bcd7c6b26a
manuscript_outputs/supplementary_tables/Table_S21_aim2_pathway_contrasts.tsv	192500	f523a77b33ad897f9beeca63bb0abf74283625f378f477cc32b0a2b5cc3eaa73
manuscript_outputs/supplementary_tables/Table_S22_aim2_ligand_receptor_summary.tsv	14214	209db4b81e26ab51b79fb3ef224194bf5fa719915f71379ba71d3b511b3e24a6
manuscript_outputs/supplementary_tables/Table_S23_tgf_bdnf_stage_summary.tsv	6425	393c5078dfe158c39d03ca89006d2ab69c9ebc86702fd69771a31cdc62eca900
manuscript_outputs/supplementary_tables/Table_S24_tgf_bdnf_stage_transitions.tsv	28049	a8ef7c0e35e58215d55c6557769eb0b3c123473c2a12966ab9f586a9a41ae7ff
manuscript_outputs/supplementary_tables/Table_S25_stage_window_branch_summary.tsv	1362	cb676988165c4cb78929ee2476ccb383dbb4f2ee00c08b7321eecc5edfe5a34f
manuscript_outputs/supplementary_tables/Table_S26_stage_window_coefficients.tsv	5421	d35e8c05959b3a844e23ce7156253c3320915a789d7fe012f5711c036c0b28e7
manuscript_outputs/supplementary_tables/Table_S27_conditioned_medium_secretome_candidates.tsv	23095	2bc2b9a42476c327f53bf4ae5bcfdab09a4432b08b4d652fa21277b4a2e38535
manuscript_outputs/supplementary_tables/Table_S28_paper_2005_support_revision.tsv	5672	58e30a1df14a13f96ea8fbf25fd70540779de81beee68e3a2c1a07b8d8d4113d
manuscript_outputs/supplementary_tables/Table_S29_neuromorpho_summary.tsv	10225	1d177ad4777ff4f0359dc1823e1a605bcb6670dc52fb6d0382fff0eb4edec790
manuscript_outputs/supplementary_tables/Table_S2_supporting_dataset_tiers.tsv	12239	7d6ad42a9c30896a722aed4b919e46e9e48280b665daffeccb25641543093e46
manuscript_outputs/supplementary_tables/Table_S30_neuromorpho_comparison.tsv	1661	b18221bcb44e340fef852eb15782be861f89009c097cefae6ef134afbac32e56
manuscript_outputs/supplementary_tables/Table_S31_dandi_session_summary.tsv	2678	963aaeab08ee0b4049a651f3d5d568f3e35d52a78141f4171eb0947ce7bd1179
manuscript_outputs/supplementary_tables/Table_S32_dandi_unit_metrics.tsv	41469	3740b2999e419c1333bebc00adbc871f937796dccc6223f134254e30f180fd1e
manuscript_outputs/supplementary_tables/Table_S33_dandi_population_vector.tsv	4222	b98d87f3870d9d42fef9eaaba889a517ca649469aede3109be227bae591ad7b2
manuscript_outputs/supplementary_tables/Table_S34_sparse_coding_architecture_summary.tsv	2335	bf1d114d6c16087fcd9960a5a1faefa9c0d313713d19cc953f1f4354728267dc
manuscript_outputs/supplementary_tables/Table_S35_sparse_coding_parameter_grid.tsv	136535	76f0e25f3ac03fff7ece1bd691cbeb6ca04bbad518aff2e5b3db0cb69b060ec1
manuscript_outputs/supplementary_tables/Table_S36_empirical_calibration_architecture_summary.tsv	1336	9ef375eb0e4e883f06bacf51223ca363267c9be78e79ae7b4dadaca50abc7cae
manuscript_outputs/supplementary_tables/Table_S37_empirical_calibration_grid.tsv	272585	ce30a841ef380263fabc51ec654637bfabca2358f2c4435e892dd0015c14c3ce
manuscript_outputs/supplementary_tables/Table_S38_sender_receiver_summary.tsv	44547	a460a69c21d82c2f5b527960e1d7eaeaefe0f8b60799e71fa53411531aa74668
manuscript_outputs/supplementary_tables/Table_S39_sender_receiver_top_predictions.tsv	96791	5963ce2026fa5ae4830cb875fd9a08f969333f6cecd11706453c140c1f9e32a2
manuscript_outputs/supplementary_tables/Table_S3_candidate_gene_tiers.tsv	28793	069ed759e051bbf51a4bae5484b89f143cfad9fee5298fcbb441c7f10c3fd735
manuscript_outputs/supplementary_tables/Table_S40_sender_receiver_predictions.tsv.gz	203016	c4c3d6ed51e6de0653b6c86cce595fa4dfc4fc7dcc3c3f1bdd1feb8ec616c342
manuscript_outputs/supplementary_tables/Table_S41_stage_split_module_branch_summary.tsv	8006	0215166097ffd40e15cf6e0f31fb836569cb3f841cd2ad6056d6d8fe82292151
manuscript_outputs/supplementary_tables/Table_S42_stage_split_similarity.tsv	3992	1f82081e4835e06ac52fc36ee97ba78eb69be2dac83f4e98db857753a21adf54
manuscript_outputs/supplementary_tables/Table_S43_stage_split_transitions.tsv	1486	6c1ae65621e809c6f0e9b1677c1900857664279d046c74b1fc39e6f6358356bf
manuscript_outputs/supplementary_tables/Table_S44_stage_split_group_calls.tsv	12969	8e9f21ac84610126a3b4dd361427a36a5f3b94fa9cf031cb664e49e498cab1db
manuscript_outputs/supplementary_tables/Table_S45_granule_special_top_candidates.tsv	3936	54e0e0333b06ce861eaa2be3523f096e0a67651c2fb5e4dc5c905548d519df31
manuscript_outputs/supplementary_tables/Table_S46_granule_special_summary.tsv	7013269	94d516b726a2070e0825e5dd264a36733f2e9ea4cd6d7a030ab6c11d73425de2
manuscript_outputs/supplementary_tables/Table_S47_regional_origin_timing_state_summary.tsv	4576	2723c4931e50440eb849b9a04e66dfeede5b1156a0864d370423dfed5b8f4111
manuscript_outputs/supplementary_tables/Table_S48_regional_origin_timing_metrics.tsv	2999	21f7abd1033b791308703c6772c2171251e870be164e260a7d2cae15247682c4
manuscript_outputs/supplementary_tables/Table_S49_regional_origin_timing_gene_units.tsv	31103	2d750c73a2edab80dd2573afdcce2c6d78392dcc69d21ff5bf9a1dcbcacae7d5
manuscript_outputs/supplementary_tables/Table_S4_formal_rank_gene_summary.tsv	16412078	f65179497718276fe61c210e56d4038342e0452599c2d395739f72e7a43a4e41
manuscript_outputs/supplementary_tables/Table_S50_developmental_origin_gene_sets.tsv	17034	47c4d67361e79cab2bea0e0e9dce2c0b033d47384fc9bd88d9cba860ab50091a
manuscript_outputs/supplementary_tables/Table_S51_developmental_origin_state_summary.tsv	3077	11b936103119d9c3d0533633c2189b32269b0073932ff494d23683481c6b1e0a
manuscript_outputs/supplementary_tables/Table_S52_developmental_origin_branch_metrics.tsv	2462	67d594c19d5b02daa883a99ef56b250104282c21315300082b3856bcd52ff090
manuscript_outputs/supplementary_tables/Table_S53_developmental_origin_units.tsv	85725	01a48e657f4e1ff31517b24d5b091b0b36fcf26175e0954fb890e6e5f18ac40a
manuscript_outputs/supplementary_tables/Table_S54_epigenomic_extension_candidate_resources.tsv	5603	29ead1107344514297270009b5a1c16be480b9177f2410a2b1ed0d7c9ac0b56c
manuscript_outputs/supplementary_tables/Table_S55_epigenomic_regulatory_targets.tsv	111998	29ea5347c20b4283b72c71bc0af07620297cd351157b69601eb3883baff7e581
manuscript_outputs/supplementary_tables/Table_S56_integrative_model_term_specification.tsv	3583	e3e8c73cf8d038c6c0013d452f1f724e98d87fdd19dab6c0588c4b5f0ef57ed0
manuscript_outputs/supplementary_tables/Table_S57_epigenomic_target_summary.tsv	669	c4bc047e0abc3020ee770715376d9fe19a7770ee876b286e291cad137ec310ae
manuscript_outputs/supplementary_tables/Table_S58_gse268609_epigenomic_peak_targets.tsv	759646	72f496116902f5320ef768d425990660473b1572d74123da954fa66ea9f0bf7d
manuscript_outputs/supplementary_tables/Table_S59_gse268609_epigenomic_peak_gene_summary.tsv	30705	6148fb1615bfde094713599daea59037f17362b9e849f84a15f8c3399bbdc743
manuscript_outputs/supplementary_tables/Table_S5_formal_rank_shared_hits.tsv	1470636	dce076eb6f9d124699dc7eb87355e1e8a87d41dd238dac821952b17aab98519d
manuscript_outputs/supplementary_tables/Table_S60_gse268609_epigenomic_selective_extraction_manifest.tsv	586212	c1894d8e9bdf35d0c81579a2bd0c3d6bb78f179eac6f8304a3beb88df753baaa
manuscript_outputs/supplementary_tables/Table_S61_gse322785_cerebellar_multiome_sample_metadata.tsv	8713	dfea091bfaa0722f81b7f0ff8e1a3ad6ee5a1206d7d2f366c6bc4246a8edb96f
manuscript_outputs/supplementary_tables/Table_S62_gse322785_cerebellar_multiome_file_inventory.tsv	8400	e015b3d7a22902633f806ed08f9ffadfeb236a9f16be1e956f0e484ddbe1f5ef
manuscript_outputs/supplementary_tables/Table_S63_gse322785_cerebellar_multiome_donor_summary.tsv	891	9b62a1ec363c70892fea006f674854ab9d0b34c2f72d9fce71748960871267fc
manuscript_outputs/supplementary_tables/Table_S64_gse322785_cerebellar_multiome_download_plan.tsv	13413	20af49a5a4f40f58ed250efc3c386a948a97e072ba1c94613de3413a46b73fd7
manuscript_outputs/supplementary_tables/Table_S65_gse322785_human_h5_feature_inventory.tsv	485	a84ec39822cc2050a12c5291d856fb6af5381326c54436d3fc1e5e62fa703628
manuscript_outputs/supplementary_tables/Table_S66_gse322785_human_h5_epigenomic_gene_summary.tsv	101654	9aef0166ccba583900fc565c43064e678186a547badc53522f777354e3c1105a
manuscript_outputs/supplementary_tables/Table_S67_gse322785_human_h5_epigenomic_peak_targets.tsv	2776762	89df865b204725a86b1dcdcc30178970d6bf5e7e8ffe5cc2d21e8a6202bdc1cc
manuscript_outputs/supplementary_tables/Table_S68_gse322785_human_h5_epigenomic_selective_manifest.tsv	2231264	361eae2495de5d16d1abf678e3d0592a540810924760b4f727ac682e30028971
manuscript_outputs/supplementary_tables/Table_S69_gse322785_human_h5_selected_matrix_summary.tsv	1437	1413fcf963fe2aeba844953972eb922af3b623a9193206bf4a791f0992ce0f95
manuscript_outputs/supplementary_tables/Table_S6_formal_rank_mechanism_hits.tsv	98663	a00b124723686f96e98fb482d298ec8d013b4fc6c135a9d8e24d19cdcad620df
manuscript_outputs/supplementary_tables/Table_S70_gse322785_human_h5_marker_panel_coverage.tsv	2619	6fa68fb090efb3e3b553d99ed0a853e67b3a0464fea66f4b3d3b1eb5aded601f
manuscript_outputs/supplementary_tables/Table_S71_gse322785_human_h5_marker_celltype_summary.tsv	2766	7eb8d5ba837271e48ca37c2a5326cd3c6b099b144505ff2d4f7dc4a746047477
manuscript_outputs/supplementary_tables/Table_S72_gse322785_human_h5_marker_high_confidence_barcodes.tsv.gz	306596	8b55fc46c96e6bdba3ed7c309fa742a227618a52e703dc4c6de7af0492a94470
manuscript_outputs/supplementary_tables/Table_S73_gse322785_human_h5_epigenomic_marker_group_feature_scores.tsv.gz	2698193	2510c0c2b03a03d82fbd45e3f753d66184d2b8e0f739747ff807f2a57dd78246
manuscript_outputs/supplementary_tables/Table_S74_gse322785_human_h5_epigenomic_marker_group_module_scores.tsv	938066	f5cfeda24edfff3ac0236a09de4bd3f409aff21ec1d7e87a9bf0ac452a80138a
manuscript_outputs/supplementary_tables/Table_S75_gse322785_human_h5_epigenomic_marker_group_contrasts.tsv	1411824	31897f65fa7e1ce8187def44b676159119f098ac95ef04d002977faae8ded7f2
manuscript_outputs/supplementary_tables/Table_S76_gse322785_human_h5_cluster_validation_barcode_assignments.tsv.gz	997237	535bf32e9a50e2c072d30b82957fdd18297d2d5f325149fea294f235d2d33171
manuscript_outputs/supplementary_tables/Table_S77_gse322785_human_h5_cluster_validation_summary.tsv	8592	4c5fbc705c71be9f83add97fa3ed6a618a7b066ad6eb168da7b11b8436be7096
manuscript_outputs/supplementary_tables/Table_S78_gse322785_human_h5_cluster_validation_marker_call_enrichment.tsv	16036	16f5d616ec1be6c3e7448b8d06fdbb9f61a424b1406affcf8826778ebb092d18
manuscript_outputs/supplementary_tables/Table_S79_gse322785_human_h5_cluster_validation_marker_support.tsv	3129	a8038bb2bf52dff089681dc326b71ac295d512be12fa2e703dfbde7fbff5d221
manuscript_outputs/supplementary_tables/Table_S7_mechanism_axis_gene_table.tsv	37287	d308e4957d442a2e4c7288c4b68e1f2c1fcf681baac3ad8b5a1c4fd664808217
manuscript_outputs/supplementary_tables/Table_S80_gse322785_human_h5_cluster_validation_metrics.tsv	482	89e8329a65fd41f35d94c9613eb88bef88dcb8e17ae0b3a955022fea8147f813
manuscript_outputs/supplementary_tables/Table_S81_gse322785_human_h5_cluster_supported_marker_rules.tsv	47675	b13cd937db01a21d8da16b329de176b71dd1d5d21d4057d7fadd5a752e9209b3
manuscript_outputs/supplementary_tables/Table_S82_gse322785_human_h5_cluster_supported_marker_barcodes.tsv.gz	168373	797ad36a1027080a43648486edb847560d8bab1fcecb9e760dd8650be17122b2
manuscript_outputs/supplementary_tables/Table_S83_gse322785_human_h5_cluster_supported_epigenomic_feature_scores.tsv.gz	1495193	44cb534a5ff0ab8ca1205b06c86e3aa1c4f27e2c8520f2f5920a3992b6d8e55a
manuscript_outputs/supplementary_tables/Table_S84_gse322785_human_h5_cluster_supported_epigenomic_module_scores.tsv	578877	f6506c2dd141964392a7ae7338ca1f84c84915faab0c41231e84a69a655e346b
manuscript_outputs/supplementary_tables/Table_S85_gse322785_human_h5_cluster_supported_epigenomic_contrasts.tsv	661075	77b96fcb55cb36614ad3c074e96917a0581f01dd59d38fdce3f666c4d996418d
manuscript_outputs/supplementary_tables/Table_S86_gse322785_epigenomic_broad_vs_cluster_supported_contrasts.tsv	276743	f89f1e366b4fe9f4ec72e256b2d5742b39bc7dadab68547cfa80d224fdb00eb0
manuscript_outputs/supplementary_tables/Table_S87_gse322785_epigenomic_robust_positive_contrasts.tsv	95306	736f7acd4ca76399fe7e4f7c2b7befa8a774d1505a21150f5f043b39a783edcb
manuscript_outputs/supplementary_tables/Table_S88_gse322785_epigenomic_robust_contrast_summary.tsv	13955	ff8065736fd8767a654aa60908eed9d894e9d01a918a75c3d7a94a1f7f4c39a4
manuscript_outputs/supplementary_tables/Table_S89_hierarchical_integrative_model_terms.tsv	4101	baa5f82fceb4f84217a2204b36b3ac3682f284a8a2b0e14d869d8a40fde6f7fd
manuscript_outputs/supplementary_tables/Table_S8_mechanism_axis_summary.tsv	1613	32ec2c733146d81e65582e6cad1b52f10dd515ce15fbeefd4950f712baffe2ce
manuscript_outputs/supplementary_tables/Table_S90_hierarchical_integrative_model_evidence_units.tsv	306483	2508f20d5ddc70253e183bb73b68661e00e6ea88f1b264cf4d27302d51d270c6
manuscript_outputs/supplementary_tables/Table_S91_hierarchical_integrative_model_layer_summary.tsv	1605	a4a075132afca38f03aa360cfe990c76db35faec61fde359f3961bdce0d42efc
manuscript_outputs/supplementary_tables/Table_S92_hierarchical_integrative_model_branch_summary.tsv	985	ddf8832d43569adc60b132afb4735adb9f84add6c18b332a7b4a81b1ffe4f0e6
manuscript_outputs/supplementary_tables/Table_S93_hierarchical_integrative_model_component_scores.tsv	2035	565005e090fd938b6f5481770af0ef0b11d052a4336769e332d36023fd7d6174
manuscript_outputs/supplementary_tables/Table_S94_causal_perturbation_dataset_triage.tsv	10275	a65be4070bc8497a2bd1ce902254d057f545e1218add92018ad280119a56604c
manuscript_outputs/supplementary_tables/Table_S95_causal_perturbation_node_summary.tsv	2185	edf1402d127d2cd37a440a5ffaba424c6ad5f05d6accc10f7c2dac3fd5e1d4ca
manuscript_outputs/supplementary_tables/Table_S96_causal_perturbation_processing_status.tsv	465	d21c5e431764f9433bba104fcf83b562ccdef30c18f2826eb639fc8858120b3a
manuscript_outputs/supplementary_tables/Table_S97_causal_perturbation_module_catalog.tsv	40674	fbd29c6d32a6a817d1d2f1484574abb35c45eb83d4004bc90f656af3762e5075
manuscript_outputs/supplementary_tables/Table_S98_causal_perturbation_module_shift_gene_effects.tsv	621108	62f3ac5081cf8d2f0ab90ae9790d3f636beaac86f7f19c01b18703d86239a893
manuscript_outputs/supplementary_tables/Table_S99_causal_perturbation_module_shift_summary.tsv	74256	07fe05744e7ac2049589e6c6ebe815f6182a15b966b5938879f5f2808ce0fd7d
manuscript_outputs/supplementary_tables/Table_S9_named_comparator_axis_summary.tsv	1047	31519b54da28b63d5ef5a2e8277dc64154ea562a203775393a5ef95601535173
requirements.txt	78	2d61a7e46c1d9fa2343445c2ca4ef374258cb12bc13453774fdb4f71f554ef5b
results_summary/aim2_sender_receiver_lr.md	5392	0d93d171f2a07ae0e7b13545f30f5fc6e015898e633b2d4074e0d0cf68400f18
results_summary/aim2_sender_receiver_lr.png	563165	5044c7890a9ad41b86e8f5fd492fd8404b0f353164a7ce39cd79b1f1be6e28ad
results_summary/aim2_sender_receiver_lr_coverage.tsv	3302	1d2cb050eea8e925d8ee447208a930a75539dbcffdd128439186164d6b6de431
results_summary/aim2_sender_receiver_lr_group_expression.tsv.gz	132655	4d35e135a7d486275a09369512661e24857972f8fe76e3ce22905cb5b9aca7ef
results_summary/aim2_sender_receiver_lr_pairs.tsv	5898	ff99e283df310d6088350a6a737e38449dbaf809056b04e2af111ec6b27184dc
results_summary/aim2_sender_receiver_lr_predictions.tsv.gz	203016	c4c3d6ed51e6de0653b6c86cce595fa4dfc4fc7dcc3c3f1bdd1feb8ec616c342
results_summary/aim2_sender_receiver_lr_summary.tsv	44547	a460a69c21d82c2f5b527960e1d7eaeaefe0f8b60799e71fa53411531aa74668
results_summary/aim2_sender_receiver_lr_top_predictions.tsv	96791	5963ce2026fa5ae4830cb875fd9a08f969333f6cecd11706453c140c1f9e32a2
results_summary/aim2_stage_window_model.md	6171	bfb3d80d0565a122b56b22fa90ea1c3c4060b07bac68031e893d514bb3194ae2
results_summary/aim2_stage_window_model.png	305957	b2a81e40b698cb0f66ce91398b6c0e81c45a2e5fef971eff14dd6202bf9c8473
results_summary/aim2_stage_window_model_branch_summary.tsv	1362	cb676988165c4cb78929ee2476ccb383dbb4f2ee00c08b7321eecc5edfe5a34f
results_summary/aim2_stage_window_model_coefficients.tsv	5421	d35e8c05959b3a844e23ce7156253c3320915a789d7fe012f5711c036c0b28e7
results_summary/aim2_stage_window_model_diffusion_support.tsv	5345	2b63685e9676940a2abfbf95f211d1c9681d8db60866f1127ace8e4bb1a34aea
results_summary/aim2_stage_window_model_group_fits.tsv	7074	931a08d212d3a9420647ca4f1938c9bdd99ed6ef444df165e4753f7e5fe6f6db
results_summary/aim3_empirical_calibration.md	4590	21074f4fe5669b3d0b8af3d0dc649a4b108f2974e8ad09b9a966561f075a9b43
results_summary/aim3_empirical_calibration.png	220962	770070c151127898a5892c9db0532de2d86cfef711fac1e24346a611b00069e3
results_summary/aim3_empirical_calibration_architecture_summary.tsv	1336	9ef375eb0e4e883f06bacf51223ca363267c9be78e79ae7b4dadaca50abc7cae
results_summary/aim3_empirical_calibration_grid.tsv	272585	ce30a841ef380263fabc51ec654637bfabca2358f2c4435e892dd0015c14c3ce
results_summary/aim3_empirical_calibration_targets.tsv	1152	af541f21dfe495117b99886dbe2f2d992bbbf3c20274990bc609e9f7cd5c31b6
results_summary/candidate_granule_cell_call_summary.tsv	28698	a5bc0756f714d3ec8d334b515806e59523e972aadd5154e3f72ed87883089847
results_summary/candidate_granule_cell_calls.tsv.gz	5589868	47f6008e46878fd2ab2bab063287e277deb5ff8b03c4db5ab60326d6ece2b82d
results_summary/candidate_granule_cell_subset_interpretation.md	4558	4d6cd0812f70535dcd32f0f55c7eefd07d6f5bf785ae294b28ede08bc8acfc7d
results_summary/candidate_granule_program_class_summary.tsv	4083	89828373466aa4fa72d11e1ff4a80528c393b82f156dcb47f5e96449ac44e38c
results_summary/candidate_granule_program_comparison.png	119486	43fe3ed4ccbc49cdd19c97a17308971e77423bc44146a2e5088cd314260c0e03
results_summary/candidate_granule_program_comparison_interpretation.md	3664	e0fee1e8812432d40429105b247673bf4ee85484b65218bb75a4a5fc4169d7e6
results_summary/candidate_granule_program_statistics.tsv	1419	3fd6194f2868a0315c6141439d84486c3420336bffee5f7d9fe6cbcd59eac873
results_summary/candidate_resource_integration.md	17477	7765bf3d4293b11706ebe8a45da76bca110af7b091a5826077672301de93173d
results_summary/candidate_resource_inventory.tsv	32535	0450d9afeb25b1dc19865014d4c2cd2d45bd12ffb4e711fb71c2c74fba640f1c
results_summary/causal_perturbation_dataset_triage.md	2510	5c6397abc090d4edc7ab5666f7af97df67ea0565fd7edd3b2f74cd3c5727eaf2
results_summary/causal_perturbation_dataset_triage.tsv	10275	a65be4070bc8497a2bd1ce902254d057f545e1218add92018ad280119a56604c
results_summary/causal_perturbation_module_catalog.tsv	40674	fbd29c6d32a6a817d1d2f1484574abb35c45eb83d4004bc90f656af3762e5075
results_summary/causal_perturbation_module_shift.md	5843	dea103f2cdec46ebbdd3378c828975fbb9734a219bb88ae878b33e4292bf7e79
results_summary/causal_perturbation_module_shift_gene_effects.tsv	621108	62f3ac5081cf8d2f0ab90ae9790d3f636beaac86f7f19c01b18703d86239a893
results_summary/causal_perturbation_module_shift_heatmap.png	686308	fc4b88733936ec99b6300460bc154272175662db9126c8e6e84a80faa4638e1e
results_summary/causal_perturbation_module_shift_node_summary.tsv	11210	f05cf916465ac3ab61b458084ae3fea9407d81cecc2e2de0aa362b3552d0a08e
results_summary/causal_perturbation_module_shift_summary.tsv	74256	07fe05744e7ac2049589e6c6ebe815f6182a15b966b5938879f5f2808ce0fd7d
results_summary/causal_perturbation_node_summary.tsv	2185	edf1402d127d2cd37a440a5ffaba424c6ad5f05d6accc10f7c2dac3fd5e1d4ca
results_summary/causal_perturbation_processing_status.tsv	465	d21c5e431764f9433bba104fcf83b562ccdef30c18f2826eb639fc8858120b3a
results_summary/cerebellar_conditioned_medium_secretome_candidate_contrasts.tsv	131208	c67754c70b2b56a628dad1663a0827e1d1dbc338e676ecb6a3025ac933a1271c
results_summary/cerebellar_conditioned_medium_secretome_candidates.md	6674	4de158815024da8a8d8d0274bb95f043fa1ba3d6551bae8914addb13279d5466
results_summary/cerebellar_conditioned_medium_secretome_candidates.png	64056	634d882e2bb7077d89dfd00851ea53d82604344970d0415f9fee41803fd759fb
results_summary/cerebellar_conditioned_medium_secretome_gse122357_stage.tsv	5802	63e9eea5892fadc0787ac3719846479a0e77bb1d457fc4ca5cf7cc8ada045ccd
results_summary/cerebellar_conditioned_medium_secretome_ranked_candidates.tsv	23095	2bc2b9a42476c327f53bf4ae5bcfdab09a4432b08b4d652fa21277b4a2e38535
results_summary/cerebellar_conditioned_medium_secretome_units.tsv	460340	6d29441d59e7c658594e08d468d5c17f5e05da9d3134f6e461a8c563b21fc068
results_summary/dandi_000003_activity_sparsity_pilot.md	3425	28b634e492131c547053d98aa146af83d1b738be53e4589454c2cc31abb2cd26
results_summary/dandi_000003_asset_manifest.tsv	39157	c7550e5e47cef342daf0c948c877e004335af640172dfddbf5ca924bf121dfc1
results_summary/dandi_000003_multisession_download_plan.tsv	10214	6c65594bf682e0e4af400e975357e312d344dbd8ec509ee3a3578c8cdc0d3476
results_summary/dandi_000003_multisession_population_vector_separation.tsv	4222	b98d87f3870d9d42fef9eaaba889a517ca649469aede3109be227bae591ad7b2
results_summary/dandi_000003_multisession_session_summary.tsv	2678	963aaeab08ee0b4049a651f3d5d568f3e35d52a78141f4171eb0947ce7bd1179
results_summary/dandi_000003_multisession_spatial_celltype_by_session.tsv	6598	5cec2d2c85f4c478f8e6abfaefa329efb1fca3e609d2088ec53e44688b51779e
results_summary/dandi_000003_multisession_spatial_celltype_pooled.tsv	1381	6e01a907d7eb697fc927237d899ea8e89494b01122b61f734b133d7cd796e59f
results_summary/dandi_000003_multisession_spatial_extension.md	3137	641713b8e46fd630967f7764fb188c264a608b92643bb12ef77d44774dc55131
results_summary/dandi_000003_multisession_spatial_summary.png	271781	e70b30f3f16c5e62155f908b0e3a1465cc5f3e22cf5f58ecdda57ca375e8fa0c
results_summary/dandi_000003_multisession_spatial_unit_metrics.tsv	41469	3740b2999e419c1333bebc00adbc871f937796dccc6223f134254e30f180fd1e
results_summary/dandi_000003_pilot_activity_sparsity.png	150832	abdabad3108ff70fe91e7404a6a63583f1bf322a6ecb691ef05aab96afc14f6c
results_summary/dandi_000003_pilot_asset_plan.tsv	925	701c376a53be7ac21a99aeb168319f328a3db816f62919d1f6168a68365d6620
results_summary/dandi_000003_pilot_behavior_states.tsv	1215	bc816f603f5eb944e635f86140049394da8db19d3d5ade15e91b1aaca815d6b9
results_summary/dandi_000003_pilot_celltype_sparsity_summary.tsv	1495	e5794f8f2f301870dbadcc6d3a752c8528c6705dbeccd440fc3c3e45ff604fc4
results_summary/dandi_000003_pilot_granule_spatial_maps.png	99794	028ffa5c62d2a0affca68322b625a5fe01924b61de65e3194fe1b5377172c835
results_summary/dandi_000003_pilot_nwb_structure.tsv	10568	397dc01db4b4ac78c11f5b57277991a2fed7c7d465372bf40460da737335cf91
results_summary/dandi_000003_pilot_population_vector_separation.tsv	655	45472c84265dd5019880f75fafed1f209ea86d0b674ae250b89e702d004a2083
results_summary/dandi_000003_pilot_position_summary.tsv	375	454527a2764f7d2e4569a1b62d33775287d07de64e8aad3c378c5bebb4ec2f7a
results_summary/dandi_000003_pilot_session_sparsity_summary.tsv	735	f64d4dca955e085039d364379bd1d7cbb6e7518bfc4f82f5a5f362a9381a8b44
results_summary/dandi_000003_pilot_spatial_celltype_summary.tsv	1264	7a6964d94589834c8430db7b8665f9590945cf4e308a33ee81552c2e823c9548
results_summary/dandi_000003_pilot_spatial_unit_metrics.tsv	4686	1a6c0a06fc1b636de2e16370f62ff141f47c75a4bb325699af3729139cd95923
results_summary/dandi_000003_pilot_state_celltype_summary.tsv	3257	f4de8f37546a8bd73313274444404df4c7a4dc804bc582c729763719c3ce6f5a
results_summary/dandi_000003_pilot_state_unit_firing.tsv	86551	12f82a98a781a28f7d3245d8b9e4ea0443983869a0eea868de1ef40ca9cf1027
results_summary/dandi_000003_pilot_unit_sparsity.tsv	4129	332060bca5ce820e10a5d7444744edad5a7b0628b3e4fc0f72c39951dbf5cc1e
results_summary/dandi_000003_spatial_pattern_pilot.md	2208	2ae03d513b2315de8944409db06b4556a4f4c89c3692b43b7de2e4460c232948
results_summary/dandi_000003_targeted_download_priority.md	3102	1ddc66daa8a659a17dd10f357ab9275618776b94d8e43864a2418e92ef4165f6
results_summary/dandi_000003_targeted_download_priority.tsv	57975	89aec7909a6a964508a3485abca72fafe17fba6050ff9974a76e407e2039806b
results_summary/dataset_file_inventory.tsv	6669	a559c88dd4b356bea2c0b5fc4c3ab07d53a870c2f1215eb6a81fd590828df11b
results_summary/dataset_level_candidate_program_interpretation.md	6210	cb590fcb2e476dd4d5348a6410fd6777c66cce92ba0777d0ba1da7a4793d5230
results_summary/developmental_origin_divergence_audit.md	2926	fc4a5202f32c3156a7a982f6a25417e823886f47e9be1f23cbc0bface1c516df
results_summary/developmental_origin_divergence_audit.png	324396	ff09d2ebab3e9f54510263f725d1d0460dc6dced205355742caf77276eee29f9
results_summary/developmental_origin_divergence_audit_branch_metrics.tsv	2462	67d594c19d5b02daa883a99ef56b250104282c21315300082b3856bcd52ff090
results_summary/developmental_origin_divergence_audit_gene_sets.tsv	17034	47c4d67361e79cab2bea0e0e9dce2c0b033d47384fc9bd88d9cba860ab50091a
results_summary/developmental_origin_divergence_audit_state_summary.tsv	3077	11b936103119d9c3d0533633c2189b32269b0073932ff494d23683481c6b1e0a
results_summary/developmental_origin_divergence_audit_units.tsv	85725	01a48e657f4e1ff31517b24d5b091b0b36fcf26175e0954fb890e6e5f18ac40a
results_summary/epigenomic_extension_candidate_resources.tsv	5603	29ead1107344514297270009b5a1c16be480b9177f2410a2b1ed0d7c9ac0b56c
results_summary/epigenomic_extension_regulatory_targets.tsv	111998	29ea5347c20b4283b72c71bc0af07620297cd351157b69601eb3883baff7e581
results_summary/epigenomic_extension_strategy.md	3408	5b62364c9432a7e8ffe5a0a04325ac170cc3272abe357502470d90a78ecc2f73
results_summary/epigenomic_extension_target_model.md	3122	c7fd8e081d0803b2c0263b5e90073b7166297113f6b7a4d8eb76d7e3fab36e16
results_summary/epigenomic_extension_target_summary.tsv	669	c4bc047e0abc3020ee770715376d9fe19a7770ee876b286e291cad137ec310ae
results_summary/external_data_drive_plan.md	1717	f724fc23b6999681782a43b8546c9b16462dd443e409f331be48403e039a1f3d
results_summary/first_pass_marker_panel_interpretation.md	5572	3d61f104ba895c4a13e62b25c1ba8acda5e363c45a4db2b6418e135375c0fd3e
results_summary/gse186538_human_dg_gc_candidate_cells.tsv	2876347	a75b26fc27db18782b1d77b5beaf7e3dc337a3aa0ccd27e58034f80f4c8d99b2
results_summary/gse186538_human_dg_gc_candidate_summary.md	864	bcd86e21002cc2d086790021dce2b48d99b8cc3d6cea559bdd17a02e7676bc40
results_summary/gse186538_human_dg_gc_candidate_summary.tsv	382	25caf1a6b5724e1ae5561e158ec1d4792a1fdef48e4996041a1482ffeca158c4
results_summary/gse186538_human_dg_gc_sparse_subset_summary.md	966	0dff51787db38d652af07969f375f365685154da23ea11137574c6dbb3867942
results_summary/gse186538_human_dg_gc_sparse_subset_summary.tsv	616	b771a8ee65c1b5d9b263ba194b4123248781b6b63079d34640cf11cddc0b1c81
results_summary/gse186538_human_file_inspection.md	595	597761e57eb3bd13fad2483e106520ca1832901fa7b6045340d26e3c8d940fb6
results_summary/gse186538_human_file_summary.tsv	524	28ccd9de954aa6e67c10f2ed7dbc6b45354d5763dab95cc8aebaf0644f17ff8d
results_summary/gse186538_human_metadata_profile.tsv	1439	801d9046b9e8eafe8ffe995781e93ccc8c23a02052b761320b9352bd4d682255
results_summary/gse268609_barcode_sample_suffix_summary.tsv	1953	f0d2ae21727827e2448e615f4a08637d1854909f182fb6d0f7e4f7ce0ee231c5
results_summary/gse268609_download_status.tsv	472	2e3599071e7876f90638200e3b2d90c287b048d7486fefb540b7d9bcd9cf2e4c
results_summary/gse268609_epigenomic_peak_gene_summary.tsv	30705	6148fb1615bfde094713599daea59037f17362b9e849f84a15f8c3399bbdc743
results_summary/gse268609_epigenomic_peak_targeting.md	1698	fc51f1dbd985faef82c122c0aa1f5f4ee77d635ee68ad620c873eaccb4a21cf6
results_summary/gse268609_epigenomic_peak_targets.tsv	759646	72f496116902f5320ef768d425990660473b1572d74123da954fa66ea9f0bf7d
results_summary/gse268609_epigenomic_selected_matrix_extraction.md	534	3bc0c7a3b67ba42c1a26ddc2b10e8aa72c155d6aa859ce7382fe0664d1806560
results_summary/gse268609_epigenomic_selected_matrix_summary.tsv	214	ae01c048eafeb012451db8e285eb1ad66121ac619a0326a30451e41a849d8935
results_summary/gse268609_epigenomic_selective_extraction_manifest.tsv	586212	c1894d8e9bdf35d0c81579a2bd0c3d6bb78f179eac6f8304a3beb88df753baaa
results_summary/gse268609_feature_type_summary.tsv	59	dbaee9dd9b83dc6ec06fcfda43c2b28e89ef176f85c6d5fb9c6361b52f3220c7
results_summary/gse268609_geo_metadata_summary.md	1513	eaca55f93250db9078913a4cb6fe3d48ba5afc77561d10520456d7cff28e1447
results_summary/gse268609_geo_rna_sample_summary.tsv	472	f7f43d0f3244f220b517f22d3f55c2115aad605fa0ba78571bb6deed452724c5
results_summary/gse268609_geo_sample_metadata.tsv	529524	796ea5a33459bda820401e0fdb71ad09958db22f216a67ed8a3a558653338bf7
results_summary/gse268609_human_core_diagnosis_module_deltas.png	108929	645c13d39c919b4375ca3c8c00780d43f8863e07f27a1945aeac71e8755d59da
results_summary/gse268609_human_core_diagnosis_module_tests.tsv	5499	b1f888859c7b257d9486041fd09749601569241052b7c7e8d60eb4819d028bed
results_summary/gse268609_human_core_label_module_heatmap.png	130748	55e0665530cb24c06c887f991e626685b4e79706a0b5bff47a7de4f6dbca7712
results_summary/gse268609_human_core_sample_module_summary.tsv	28002	09348813444b570b693cdf209c60ff669cea325e0467cd9c2f2b13f233b447ff
results_summary/gse268609_matrix_header.tsv	347	26e2037105d1ffbec664e69da9eccf7141fe75d748da07e530a64a691e22bfea
results_summary/gse268609_rna_file_inspection.md	1360	f7d440234eecd73005d4401cdc54ac81ed492cc1988cd234a9bbb8563543e8a4
results_summary/gse268609_selected_gene_presence.tsv	330386	5dfa2b09f184938327b9ac1dd27c59de0104f313370204fafb8204e95f577636
results_summary/gse268609_selected_npz_summary.md	920	5a5e6ad30160f15bd2ff55e14aeb232cc7d4522320d73f6a98f734395ce6c7b7
results_summary/gse268609_selected_npz_summary.tsv	879	d467160257a416232aa6c4f9b233b4d6fad28d36c302524447fdd65ec2fa38a5
results_summary/gse322785_cerebellar_multiome_donor_summary.tsv	891	9b62a1ec363c70892fea006f674854ab9d0b34c2f72d9fce71748960871267fc
results_summary/gse322785_cerebellar_multiome_download_plan.tsv	13413	20af49a5a4f40f58ed250efc3c386a948a97e072ba1c94613de3413a46b73fd7
results_summary/gse322785_cerebellar_multiome_file_inventory.tsv	8400	e015b3d7a22902633f806ed08f9ffadfeb236a9f16be1e956f0e484ddbe1f5ef
results_summary/gse322785_cerebellar_multiome_metadata.md	1119	e6c0fb9c2e8edd6cef60f845fb945e03633fcc40db17b34f8356e7c76882aba6
results_summary/gse322785_cerebellar_multiome_sample_metadata.tsv	8713	dfea091bfaa0722f81b7f0ff8e1a3ad6ee5a1206d7d2f366c6bc4246a8edb96f
results_summary/gse322785_epigenomic_broad_vs_cluster_supported_contrasts.tsv	276743	f89f1e366b4fe9f4ec72e256b2d5742b39bc7dadab68547cfa80d224fdb00eb0
results_summary/gse322785_epigenomic_robust_contrast_summary.md	3327	c75ff02cbe2f8c8e16335410e39bb094e793819058102a7ffa40e94eb9e8aa23
results_summary/gse322785_epigenomic_robust_contrast_summary.tsv	13955	ff8065736fd8767a654aa60908eed9d894e9d01a918a75c3d7a94a1f7f4c39a4
results_summary/gse322785_epigenomic_robust_positive_contrasts.tsv	95306	736f7acd4ca76399fe7e4f7c2b7befa8a774d1505a21150f5f043b39a783edcb
results_summary/gse322785_human_h5_cluster_supported_epigenomic_contrasts.tsv	661075	77b96fcb55cb36614ad3c074e96917a0581f01dd59d38fdce3f666c4d996418d
results_summary/gse322785_human_h5_cluster_supported_epigenomic_feature_scores.tsv.gz	1495193	44cb534a5ff0ab8ca1205b06c86e3aa1c4f27e2c8520f2f5920a3992b6d8e55a
results_summary/gse322785_human_h5_cluster_supported_epigenomic_module_scores.tsv	578877	f6506c2dd141964392a7ae7338ca1f84c84915faab0c41231e84a69a655e346b
results_summary/gse322785_human_h5_cluster_supported_epigenomic_scoring.md	2576	7ae9c3487bf4ce30378c95b0438ffdce850600b25b5b5a75235a91b4ed4c24e0
results_summary/gse322785_human_h5_cluster_supported_marker_barcodes.tsv.gz	168373	797ad36a1027080a43648486edb847560d8bab1fcecb9e760dd8650be17122b2
results_summary/gse322785_human_h5_cluster_supported_marker_rules.tsv	47675	b13cd937db01a21d8da16b329de176b71dd1d5d21d4057d7fadd5a752e9209b3
results_summary/gse322785_human_h5_cluster_validation.md	2314	0892639ce35270e01a5ae138660ddde6a14efc5de171d7d6711ce1e820439ad2
results_summary/gse322785_human_h5_cluster_validation_barcode_assignments.tsv.gz	997237	535bf32e9a50e2c072d30b82957fdd18297d2d5f325149fea294f235d2d33171
results_summary/gse322785_human_h5_cluster_validation_marker_call_enrichment.tsv	16036	16f5d616ec1be6c3e7448b8d06fdbb9f61a424b1406affcf8826778ebb092d18
results_summary/gse322785_human_h5_cluster_validation_marker_support.tsv	3129	a8038bb2bf52dff089681dc326b71ac295d512be12fa2e703dfbde7fbff5d221
results_summary/gse322785_human_h5_cluster_validation_metrics.tsv	482	89e8329a65fd41f35d94c9613eb88bef88dcb8e17ae0b3a955022fea8147f813
results_summary/gse322785_human_h5_cluster_validation_summary.tsv	8592	4c5fbc705c71be9f83add97fa3ed6a618a7b066ad6eb168da7b11b8436be7096
results_summary/gse322785_human_h5_epigenomic_gene_summary.tsv	101654	9aef0166ccba583900fc565c43064e678186a547badc53522f777354e3c1105a
results_summary/gse322785_human_h5_epigenomic_marker_group_contrasts.tsv	1411824	31897f65fa7e1ce8187def44b676159119f098ac95ef04d002977faae8ded7f2
results_summary/gse322785_human_h5_epigenomic_marker_group_feature_scores.tsv.gz	2698193	2510c0c2b03a03d82fbd45e3f753d66184d2b8e0f739747ff807f2a57dd78246
results_summary/gse322785_human_h5_epigenomic_marker_group_module_scores.tsv	938066	f5cfeda24edfff3ac0236a09de4bd3f409aff21ec1d7e87a9bf0ac452a80138a
results_summary/gse322785_human_h5_epigenomic_marker_group_scoring.md	1895	fa20ee8230ae7babd89ac9cbd1faf452cd5a639bb237aa3052d5c4bc21656819
results_summary/gse322785_human_h5_epigenomic_peak_targets.tsv	2776762	89df865b204725a86b1dcdcc30178970d6bf5e7e8ffe5cc2d21e8a6202bdc1cc
results_summary/gse322785_human_h5_epigenomic_selective_manifest.tsv	2231264	361eae2495de5d16d1abf678e3d0592a540810924760b4f727ac682e30028971
results_summary/gse322785_human_h5_epigenomic_targeting.md	1553	c345f716e0fc6a51ac530e016cfb9b20ae96e88715769cff750dba1efb383b35
results_summary/gse322785_human_h5_feature_inventory.tsv	485	a84ec39822cc2050a12c5291d856fb6af5381326c54436d3fc1e5e62fa703628
results_summary/gse322785_human_h5_marker_annotation.md	1490	b57aab83a77872f7a8e0dba6c642a64b5df98e8654326d768f8b1d681efd765c
results_summary/gse322785_human_h5_marker_celltype_summary.tsv	2766	7eb8d5ba837271e48ca37c2a5326cd3c6b099b144505ff2d4f7dc4a746047477
results_summary/gse322785_human_h5_marker_high_confidence_barcodes.tsv.gz	306596	8b55fc46c96e6bdba3ed7c309fa742a227618a52e703dc4c6de7af0492a94470
results_summary/gse322785_human_h5_marker_panel_coverage.tsv	2619	6fa68fb090efb3e3b553d99ed0a853e67b3a0464fea66f4b3d3b1eb5aded601f
results_summary/gse322785_human_h5_selected_matrix_summary.tsv	1437	1413fcf963fe2aeba844953972eb922af3b623a9193206bf4a791f0992ce0f95
results_summary/gse325391_adult_marker_gene_presence.tsv	858	2a399e43feb1a50b5f7f3de9122fded996df8e4ea428f6014f649646cffc8220
results_summary/gse325391_adult_metadata_group_summary.tsv	5180	c1c288566a4136f0d0044cc0856a740e2cb796046732492d1cdf1ecfa4fb463d
results_summary/gse325391_adult_metadata_profile.tsv	4120	d5b87776594c17140b389cfe5092115568c7dbb53cbccba9ef2e45b81d48f821
results_summary/gse325391_adult_rds_inspection.md	646	1038146f402e3e841ee9b7d4bf799446c8a6947954ede015f12400c282e84c8b
results_summary/gse325391_adult_rds_summary.tsv	298	531e93a1ec61398483145dc17e877fff018245473e01f2df355143b6cc6c1c75
results_summary/gse325391_download_status.tsv	206	e50eec9f48c8337fe8bac8ede07537e30869990ca9ab2b14f70e2306d1acdd88
results_summary/gse325391_geo_group_summary.tsv	499	ac683c644d6fd2bd5e6b13970bcdbb11bbc36dae2abd125ea48c6a7f64cc1a9f
results_summary/gse325391_geo_metadata_summary.md	1033	817244bb4bc4c9b08945357d5000eaf5af7ae83e551cf2cc51a5a5763793ae3f
results_summary/gse325391_geo_sample_metadata.tsv	101470	ddda9255e85de179ddfd93f36432ec19d889f0dfae3f2b6797a01f75de30c642
results_summary/gse325391_human_core_diffn_vs_matn_deltas.png	90913	99fa8937a4354fedceb180690ad4505b49fac58c88ff63d69033547a47d6a0d6
results_summary/gse325391_human_core_label_umap.png	959081	c82ceafb36f437234c08a7b59a0d4d245f368a91107b1562df4cf99b8566c3ae
results_summary/gse325391_human_core_module_heatmap.png	195194	f6041e1d0f5ebc2d35d86c722a1900aa2a8854918e3498bb7f385122caa7d1f7
results_summary/gse325391_human_core_module_tests.tsv	1303	9db2a6ff261a5105b25d9121e699b695de4a33017fc2982cdaac8a6c378b36e9
results_summary/gse325391_human_core_replicate_module_summary.tsv	24221	38eff325167a7a3979502b8b3cf86f8fa2ed2063a34c88a3ccb7ea606dd8ac79
results_summary/gse325391_selected_npz_summary.md	618	3dddca93bf97c9acd81a83b2f7f89b455517a9d657d61748e5cf62bbfc7fc59e
results_summary/gse325391_selected_npz_summary.tsv	548	5a3149555f88dc62dd812e247e636a8d84ee2f91976c7c5af6136db1bcc34d54
results_summary/gse325391_selected_sparse_bridge_summary.md	616	4d14f1b124a614693670c149f4fed556b4f3701f879f820c41b9adc4c340ca76
results_summary/gse325391_selected_sparse_bridge_summary.tsv	305	02b89e5857b5eae6f70640fbb6b28e41ba070e8c1fb2ceb34a0c7c2f4fb317f0
results_summary/hierarchical_integrative_model.md	2892	1a4413f652a653fe83ce61f8557342e905616e484c4033546136ede6ad265a7e
results_summary/hierarchical_integrative_model_branch_summary.tsv	985	ddf8832d43569adc60b132afb4735adb9f84add6c18b332a7b4a81b1ffe4f0e6
results_summary/hierarchical_integrative_model_component_scores.png	117163	945a566ea7af238668cef90163e9adcb07b4668c64a11da7ad45cc66f3f5ada4
results_summary/hierarchical_integrative_model_component_scores.tsv	2035	565005e090fd938b6f5481770af0ef0b11d052a4336769e332d36023fd7d6174
results_summary/hierarchical_integrative_model_evidence_units.tsv	306483	2508f20d5ddc70253e183bb73b68661e00e6ea88f1b264cf4d27302d51d270c6
results_summary/hierarchical_integrative_model_layer_summary.tsv	1605	a4a075132afca38f03aa360cfe990c76db35faec61fde359f3961bdce0d42efc
results_summary/hierarchical_integrative_model_terms.tsv	4101	baa5f82fceb4f84217a2204b36b3ac3682f284a8a2b0e14d869d8a40fde6f7fd
results_summary/human_bridge_backbone_rank_integration.md	5213	d5b4e37ecdeb15c6ce0b187a8fac00a7e327e2e0136f21caa43e70321edeaf61
results_summary/human_bridge_backbone_rank_source_summary.tsv	1533	15e744ee874f2364c321db0856c94f7d4f63d113b6a5178f9c27ee85edeea195
results_summary/human_bridge_backbone_rank_statistics.tsv	2102	d9855ea17dba07945e04de673a848d0d980aa0f417eaa6edc5e26fbbbe832dfd
results_summary/human_bridge_backbone_rank_units.png	262730	d1cda79da19149fd58a145a0c845a2cf9fd33c23555d51f3c20759f2b4cb3263
results_summary/human_bridge_backbone_rank_units.tsv	386625	a0efe1d6faa1032b9b45f8938b36fa164a2f0a833ffb3b7fce4989460ba149ac
results_summary/human_bridge_candidate_gene_packet.md	6478	11391a76fb7d2912a1f3287afff3341cdee4b99ed3571c4e3ab30fcf2e4d37be
results_summary/human_bridge_candidate_gene_packet.tsv	13391	b293b9c9519f2064539402e014eac1f4a09cfe716e19ca7ef6790194a3d8ca3e
results_summary/human_bridge_marker_gene_summary.tsv	140912	13d5aa2ba0f9d0dba6c7ac2df29c15f46bdea041cf1e4ce69d5c1c83637bb612
results_summary/human_bridge_structural_executor_candidates.png	84099	58eb2e68558e678c00632ff58bc1287d721ebef01e4061e1f5dc3f56826679cb
results_summary/human_dentate_core_construction_plan.md	2892	1e3e4f9066befb17ec8f812c6bf8980fef6935db2e0b107ca1434e2c980ad305
results_summary/human_dentate_core_construction_plan.tsv	5693	29db81cf12029da44599a93a3fed3b6aa51d7253adf8d63e56d767253fde00cf
results_summary/human_dentate_core_construction_status.md	39530	90fbaa1fe87d9d6072e596a11f3529980ea40fb2ec4460f25c12d4c1c142fbbb
results_summary/human_dentate_core_construction_status.tsv	24332	3607e2941b299df536e7ba2a8b225893b133bdc449b34df79c55bf0acd22222d
results_summary/human_dentate_hippocampus_candidate_datasets.tsv	5983	004a5bad35892d1080115446e7ae405c004af9826b62b0bab051db6257874e7f
results_summary/human_seed_archive_inventory.tsv	64024	2eacf9c7fab38bcf945e972cbf111b1e8564e4a63f621f8d541105e69161567b
results_summary/human_seed_archive_summary.md	1137	4fb94bd79d38bcbdbbb368934d2e2ce6861a25a50475cb3fb7e50c1d653611f4
results_summary/human_seed_sparse_object_summary.md	945	9172f8da09fe82e3784ef3e3b3b532918a865856fc54e0968fa029e8c4a5da8b
results_summary/human_seed_sparse_object_summary.tsv	20869	25806ac096c461e3b8f07ffcc49301b221a750f16d59fa8211c4b4ed5ed2ae70
results_summary/hypothesis_support_score_matrix.png	310051	790888c0f756aa1dd5e25f718a3e64ebbe566ce136e0c115c0fc1d5fbc8bc68e
results_summary/hypothesis_support_score_matrix.tsv	2452	fd1887db586004aa635bf8765d19e3846fe7c9d99a4e0ca9fafd7974c288483d
results_summary/hypothesis_support_score_model.md	2492	6b40949efb2eae8cbe40a0c49eeacaa9d642f49e27637f657dac6df0f9071f21
results_summary/hypothesis_support_scores.tsv	1522	70adcc52b5d624a582be8ceb8438086587410186eaffa659472aeb0344b3b245
results_summary/integrated_primary_core_datasets.md	17392	9ee0793f3d09b760aeeef778889f197cf01c4f12b706d11cbe45fd6bc19a798f
results_summary/integrated_primary_core_datasets.tsv	3861	d95989c927de8d5d48d83d7d18ae5060ab9444f3d0143fde1213aa0ec1e7df51
results_summary/integrative_granule_model_term_specification.tsv	3583	e3e8c73cf8d038c6c0013d452f1f724e98d87fdd19dab6c0588c4b5f0ef57ed0
results_summary/manuscript_claim_evidence_caveat_table.tsv	6872	fdd1feca15ef7d14613cd6e8c77bd672f65eb0fa7586ccc544bc5ca508cc7152
results_summary/manuscript_figure_plan.tsv	5136	796f723a30bc9a88bd5468aafb47702bd1ff3bbec89f71fed4ea35736d787994
results_summary/manuscript_planning_packet.md	12118	ee0f284bddc13d8243c44e8ea48b604028ebfab6298a515385ca6b31c7f7f882
results_summary/marker_gene_expression_summary.tsv	998675	4e07ae38c252186205a780c540d11cba26d47aa8d4c7f0dbe92089e9747a85b3
results_summary/marker_panel_expression_summary.tsv	71344	f9c5febcd0a409b1da653857c6a9fd4a12dae0e1c43948ff094b89f6ea992010
results_summary/matrix_dimension_audit.tsv	2470	961e47bcb96a1e819ba8c2cb6021c6f98224b2a364258aa4e6bcdc9e83647e44
results_summary/module_score_identity_structural_contrasts.tsv	12648	c8f63692d6151e921b4657b744a665ba14fb3d303af760b3bf3151969e6297c0
results_summary/module_score_identity_structural_scatter.png	137458	acd3d4901ada3246748190089957691696c0ba2e3a89071e07caf45165e8b499
results_summary/neuromorpho_aim3_input_degree_priors.tsv	1483	cb5340e3c26b7dccce8ff87d543e093e8f1565ae99325e08874b2b673a58f7dd
results_summary/neuromorpho_granule_morphometry_comparison.tsv	1661	b18221bcb44e340fef852eb15782be861f89009c097cefae6ef134afbac32e56
results_summary/neuromorpho_granule_morphometry_metadata.tsv	232780	4a03f5c7af82435bae2d087686e1815c75020e9aa864432e156d79f79e947272
results_summary/neuromorpho_granule_morphometry_sample.tsv	361721	11b5bdb243864535f54f4e324ef4fda06f1acfcceed895addbe702c4c38172e5
results_summary/neuromorpho_granule_morphometry_sampling_plan.tsv	214	76245b6cc44ee986aa1bd26b4434588114967959b02b0eefb61db27ef1849786
results_summary/neuromorpho_granule_morphometry_summary.tsv	10225	1d177ad4777ff4f0359dc1823e1a605bcb6670dc52fb6d0382fff0eb4edec790
results_summary/neuromorpho_granule_morphometry_validation.md	3084	031f31c7ecb3d5fea4048c2585189409dd0a49da29096db9e1e1a041fd0e128f
results_summary/neuromorpho_granule_morphometry_validation.png	199435	ed9f99653aadc7468efc3bbed9e2fe729d96e8ae5e7f628702970e74e444f70c
results_summary/next_phase_allen_reference_summary.tsv	630	c05e528ffd63b058abf992b12099485182045d65784ae35f326f1f686c4cf5a5
results_summary/next_phase_analysis_strategy.md	33173	a87298af8ba953b7f0ab51c7bb6f0b5e004aba29d026a401d75089399c2f573c
results_summary/next_phase_dataset_priority_map.png	149209	9c9a0189db4da84f388bee68ade1c03f02d361ca8b5560fe20761ccdb6888c38
results_summary/next_phase_dataset_priority_summary.tsv	3165	bafa2b4b68928982bde446b8aea9eaae2807569351f8ce48bfe43196696ce0af
results_summary/next_phase_dataset_sample_priority.tsv	9865	b26297b9373ed2dc6765f209f0f76b81a303edea52ddbc460c1896501cbacc85
results_summary/paper_2005_support_revision_table.md	3347	6b25f7a6e03fbe9d3937add78b2875aec00356041401de32666a9897b31ac386
results_summary/paper_2005_support_revision_table.tsv	5672	58e30a1df14a13f96ea8fbf25fd70540779de81beee68e3a2c1a07b8d8d4113d
results_summary/per_cell_marker_module_score_summary.tsv	89545	65aedba3e2013d3873e30bd7eff2b67352ab477c1e8d865235d546d5b9fd2d93
results_summary/per_cell_marker_module_scores.tsv.gz	9953350	df806a144e137d47a5b4caf534eaeba957f8be7089a9fa28ca65a01285fc7a30
results_summary/per_cell_module_score_interpretation.md	4283	e1f26831e8724aa05bcce6c13e5d2eb9ea7cadd15ca3a327d9829a6c2a17660a
results_summary/post_cleanup_next_tasks.tsv	2229	086baaaa0d967ba54980d1c4f958642bd43fc45bcfc14fcd7eb93ee49a8f1885
results_summary/post_cleanup_project_roadmap.md	10675	e10eb550d42ad2d26c6e40bf989a8c534bebc3b2b9a4b7d0c620d466e2a632af
results_summary/primary_core_2005_endpoint_graph_pseudotime.md	2151	631a20b8d856ea7d61e610cf0d958781c0b3d55604f8cb7c166758a0eb02462d
results_summary/primary_core_2005_endpoint_graph_pseudotime.png	452538	3d803f4004c8830e0c27ad8da25a28e06e11a10def42956aca98a17dfce3b914
results_summary/primary_core_2005_endpoint_graph_pseudotime_bin_summary.tsv	7643	51df623248938af014d803882fa353c401727e58841fb680ea8119f8dbcdeb21
results_summary/primary_core_2005_endpoint_graph_pseudotime_cell_scores.tsv.gz	1644236	48bf42b09b26ada4f0ac46ca166c45ddfc5a8fd9c5e3e53b8e8f3a364a30f1ed
results_summary/primary_core_2005_endpoint_graph_pseudotime_group_summary.tsv	5114	e448d6f8083473821a4c4d4e95da8abad889f6af3b36cb99dad77cdb6af3ae5e
results_summary/primary_core_2005_endpoint_graph_pseudotime_module_correlations.tsv	5761	5570a32c1234ffb47e1f60ba2e91e6741f5655c5d93914b244d50334abe75380
results_summary/primary_core_2005_endpoint_pseudotime_audit.md	3442	ed27782a6e00c1aa85f2a6be64cafd25ab7a147566a857890ef6125aa5585e48
results_summary/primary_core_2005_endpoint_pseudotime_audit.png	739199	2460b4c69d38530cef6ba394991c2897f26f5a038130149a529b87c7f40b3862
results_summary/primary_core_2005_endpoint_pseudotime_correlations.tsv	14850	679ffe68f4e35dfb76083c7d36a1c7fcd79c92eb508bc5c049b92c0751281808
results_summary/primary_core_2005_endpoint_pseudotime_gene_units.tsv	677864	559cb349202006b9d78d5dc14e1c39da51b5c325d9ac745a23583c21405dac3a
results_summary/primary_core_2005_endpoint_pseudotime_module_units.tsv	97279	6bf51b9f321c12c21b936d0f4743a8639cb670cbf934403e39f998259f620fa4
results_summary/primary_core_2005_endpoint_pseudotime_trajectory_scores.tsv	7301	9fd16555a433f0d8fdcc73b0c184386f2665bfd7f4d6d998527b95f05be580a3
results_summary/primary_core_2005_endpoint_pseudotime_transitions.tsv	14051	e48ca2b9cf1f3f202f6d01031c20cfd8887eda427ecc6bd14d6bdeecc9da58af
results_summary/primary_core_aim2_ligand_receptor_contrasts.tsv	94332	01a2db98125dcc75ac28de3aae6f244bc2cbc490539d2e9836d83396737d17f4
results_summary/primary_core_aim2_ligand_receptor_pairs.tsv	2415	f6b8ffda94a9cd356efadc7b23a3d80d2662ee1a40e93ceff37c3b6489b2bf1c
results_summary/primary_core_aim2_ligand_receptor_summary.tsv	14214	209db4b81e26ab51b79fb3ef224194bf5fa719915f71379ba71d3b511b3e24a6
results_summary/primary_core_aim2_ligand_receptor_units.tsv.gz	35470	e88fcf1d4c802c85db59c7e64a80b7e231aeddc437f86456fc6545bfe397aeca
results_summary/primary_core_aim2_niche_pathway_model.md	6300	bb73d8e4502a5ce7b7c75bd66ae51b9fa973e41ae9be3f46cd8dbbdb6eee34d1
results_summary/primary_core_aim2_niche_pathway_model.png	277661	40f5a875bd60d0fa9d4792bfe485eac5523aa26b3ff37acb49b0ad00300fff6e
results_summary/primary_core_aim2_pathway_contrasts.tsv	192500	f523a77b33ad897f9beeca63bb0abf74283625f378f477cc32b0a2b5cc3eaa73
results_summary/primary_core_aim2_pathway_coverage.tsv	3128	283e0091b941dc503366fc6f0ca456035c02ed0e33ed4af40b167035a24c184a
results_summary/primary_core_aim2_pathway_gene_sets.tsv	18208	2c311db84d4b1ff60155ec94e39e53fe95ce2395855ea055903742f5e7438fec
results_summary/primary_core_aim2_pathway_summary.tsv	8810	510573d9632f91dbb1bda983e48605ee3d02853de100912fbdcde7bcd7c6b26a
results_summary/primary_core_aim2_pathway_units.tsv.gz	37084	ad94e7a6022f8bf74c6e0f61217f26d2f342d578341c6603dd0bb9a74246b3b5
results_summary/primary_core_aim2_signature_contrasts.tsv	70987	3a7daf936d24161f8cb9ff3d2f04c039a537e788bb5c682941d5a7755400cfc0
results_summary/primary_core_aim2_signature_summary.tsv	4881	bdca8dcb801283ebefaaf9804f6be4ce53393d97b07f022a91692061d5da0dfb
results_summary/primary_core_aim2_signature_units.tsv.gz	4827	2a07d527ffc064f5d964bd4d344341d48b449af745a72def85194c8224323288
results_summary/primary_core_aim2b_stage_tgf_bdnf.md	3743	9ef8adaa689cbfa80f409cb01cfa3c6d5d579b913ac1accc54cc0b42fda6ee77
results_summary/primary_core_aim2b_stage_tgf_bdnf_gene_units.tsv	826851	efefdf0b97e1166d96e41263923daf020b96679c0c39cd371de1928deeeab78e
results_summary/primary_core_aim2b_stage_tgf_bdnf_pathway_units.tsv	110256	f6da8e47ee96fdd951146d4a55a9f7d63f8e403cb81d8bab278f4c0b51bc456a
results_summary/primary_core_aim2b_stage_tgf_bdnf_plot.png	437523	ab571f8b9e80e602b6454afe7e911dc3397d3b7bb812f58fbb150e844318e0e7
results_summary/primary_core_aim2b_stage_tgf_bdnf_signature_units.tsv	20852	96d126d7894407b6bff97810bb587a3defcdcebbd08e6f6a2c53eda28b65949c
results_summary/primary_core_aim2b_stage_tgf_bdnf_summary.tsv	6425	393c5078dfe158c39d03ca89006d2ab69c9ebc86702fd69771a31cdc62eca900
results_summary/primary_core_aim2b_stage_tgf_bdnf_transitions.tsv	28049	a8ef7c0e35e58215d55c6557769eb0b3c123473c2a12966ab9f586a9a41ae7ff
results_summary/primary_core_aim3_sparse_coding_architecture_summary.tsv	2335	bf1d114d6c16087fcd9960a5a1faefa9c0d313713d19cc953f1f4354728267dc
results_summary/primary_core_aim3_sparse_coding_model.md	5298	2b3bae745c11122b20c8c96366abbc5c6b345fdba283512fb32622841dc5ef3a
results_summary/primary_core_aim3_sparse_coding_model.png	367881	0b9c606436f72972c02c9d4216eac0700ba8d651ddf116b73150bebbf4d799cf
results_summary/primary_core_aim3_sparse_coding_parameter_grid.tsv	136535	76f0e25f3ac03fff7ece1bd691cbeb6ca04bbad518aff2e5b3db0cb69b060ec1
results_summary/primary_core_aim3_transcriptomic_parameter_mapping.tsv	1665	dc6ba99142d3944390960d321db6b328801e4905c5156131f9f5a8cffd7dab6f
results_summary/primary_core_candidate_gene_pseudobulk_analysis.md	5011	77918f1425d996601cbf087706868750d5ff2b36aa74c8cb2c4af890ff38810c
results_summary/primary_core_candidate_gene_pseudobulk_coverage.tsv	3982	6c84225548d88b2e507330e1f2052dd6a3594a548bc2941bd6b43957d0da4011
results_summary/primary_core_candidate_gene_pseudobulk_effects.png	96759	4da6ce532ccea96af21ad9926f9e5f4a69121b50ab2b48d4fae520fac48922b9
results_summary/primary_core_candidate_gene_pseudobulk_expression.tsv	6998816	71123721b5907124930612e7accc10693dd5f5d07129088d52b5afd4092c2708
results_summary/primary_core_candidate_gene_pseudobulk_hits.tsv	14736	7c81b5be0c5841cf41e10488ce57016f592d6c38d57577fed00a9ba64f3415f9
results_summary/primary_core_candidate_gene_pseudobulk_statistics.tsv	20850	30c29ceec57745156f53f457a23f972328e20d59b1aa33ea8de7f2c4e7b3a986
results_summary/primary_core_configuration_driver_audit.md	4238	f0b5d208847475a2eb2a0d17d44e9d0b49fd6e09ce72009e477df92fb0b4d03e
results_summary/primary_core_configuration_driver_audit.png	272879	024f59a9e03577a7af10206d418f2a416eb75a8b523266829aa887574698df2b
results_summary/primary_core_configuration_driver_audit_contrasts.tsv	36710	557a81190aadd2457a8e96e75d79353b44768bcd0fd99fb3c16e7b7d3313efc7
results_summary/primary_core_configuration_driver_audit_gene_priorities.tsv	19115	2813dc56df33aa1beb39be1f2c866069c2ac3176fc219dc90c1b55b5a69a9da5
results_summary/primary_core_configuration_driver_audit_module_deltas.tsv	165157	fbd8bed4b509b7fef271fabc4a39d09859f6626ccdc927f0cdf1b152fe3f7b46
results_summary/primary_core_configuration_driver_audit_summary.tsv	5828	f4a639ac61db02d4b0433cae812d8d063d63f742423578427ea3d65d347fd472
results_summary/primary_core_consensus_candidate_dataset_deltas.tsv	355687	09ef6ec08651ce1539afbb095a178454f0716d5b72cd509eb0193a326377f23d
results_summary/primary_core_consensus_candidate_dataset_validation.md	3351	4b2805067c1cc2a66e6750cbb71f80197d5c6164c4948a0f20254714f421f133
results_summary/primary_core_consensus_candidate_dataset_validation.tsv	16163	a576c40486535dba153d38809d645e09f7020c7e595827824abf4f8835905f81
results_summary/primary_core_consensus_candidate_dataset_validation_heatmap.png	130922	170387854716ff6cfc27b168d1ed575e57027f80bd1ec5d138c7f158d751787c
results_summary/primary_core_cross_screen_mechanism_consensus.md	3736	468fbefcd00848c567b3a99f441eb07582817b12de59c03e3169495824b42bbf
results_summary/primary_core_cross_screen_mechanism_consensus.tsv	4591236	b68d4db86c74733a1c01f64e73b8c5f2bf49e5fef7afae97fb6029707d1b8784
results_summary/primary_core_expanded_gene_mechanism_triage.md	6692	bf3aab031d641d861e119b1e93f48b4eb24004412fc641e5c9dbadb92dd4b3ba
results_summary/primary_core_expanded_gene_mechanism_triage.tsv	936336	4c0e5359a446430209139a934389270ea90ccfd5221be13b7bca5913a422f8a2
results_summary/primary_core_expanded_gene_pseudobulk_analysis.md	7555	7d60f8011c13ec25c7559a387611a08c0aacd52e934fc7ff5bbfb0944ffa6843
results_summary/primary_core_expanded_gene_pseudobulk_branch_specific.tsv	474688	d5f7d0142a00ae928e9a2442d0342e2c07bce46158f26c13d837d6fbee3300af
results_summary/primary_core_expanded_gene_pseudobulk_coverage.tsv	4035	f57856e84c2291fbc77fc229056c577230f30ff0abd4ee24d522be7b5c19eca8
results_summary/primary_core_expanded_gene_pseudobulk_shared_hits.png	117666	018ffc2b9fa4ed66ed3f3cafc589ca3fef2382677deff7464840af18c5773fec
results_summary/primary_core_expanded_gene_pseudobulk_shared_hits.tsv	452600	00d28dc8b633f8395d8e712d6929bcd93787a1a7bec416b0718b5cbe210f43f9
results_summary/primary_core_expanded_gene_pseudobulk_statistics.tsv	770557	310b458a5a2ddff66c27a825389ef3c380e0840da7bf478686015fe2bcbc6ac5
results_summary/primary_core_full_transcriptome_diffusion.md	5081	d9aaf58157ddc41cf07687a9c73c76ac586d5d79a16dda6a9f3657880062f039
results_summary/primary_core_full_transcriptome_diffusion_cell_scores.tsv.gz	5043438	2bf645122ddfdeb181c8474b3cf5d59a13d0c5a019130ef3b24f2cdba9e9db8c
results_summary/primary_core_full_transcriptome_diffusion_dataset_summary.tsv	2083	76137189137f206fb11cee33d36d89cf034b21376c4ee69b231bfdb13ba9538d
results_summary/primary_core_full_transcriptome_diffusion_fig1_5_impact.tsv	1213	37e713d4cfb199237d20461d1b3d951d97e763e3429b52bee318d60fa222eb65
results_summary/primary_core_full_transcriptome_diffusion_group_summary.tsv	36563	b54a7b551dba3d959373cc5cc3f6bbccd3f6980c3bcc7ea408761ab0738c776f
results_summary/primary_core_full_transcriptome_diffusion_module_correlations.tsv	13354	b1623e94de56803709af6b05050e5c0ca5e4bc3b1fe9d0d940ad1ca05b77b8a5
results_summary/primary_core_full_transcriptome_diffusion_overview.png	307015	e344a4b55a35232c2b1e496aeaaf89fc920d91024d649290fdfde11bf16675e1
results_summary/primary_core_full_transcriptome_diffusion_pseudotime_scatter.png	561769	f41260d2b732fa2c8e69a2d4f39d926e634686405f4a4bbd556df16237234f5f
results_summary/primary_core_genomewide_symbol_mechanism_triage.md	5766	76eb51df6155b75068981e82415ead7304fb8eef222f8a118ff683d1d0e9f283
results_summary/primary_core_genomewide_symbol_mechanism_triage.tsv	7991724	06e895f9df1d098bd9aab9bd5cf55b7e4012aa3b476a21bb73adef0577fb0b49
results_summary/primary_core_genomewide_symbol_pseudobulk_analysis.md	6170	597e4d3f9e5274ed85d72cf05f658610d9604560b10dd030a571049335b35cc0
results_summary/primary_core_genomewide_symbol_pseudobulk_branch_specific.tsv	1410209	0ba9f182b6c320997bd6f37547513cdee843c974b3aeefddc8f048ad7a194cd4
results_summary/primary_core_genomewide_symbol_pseudobulk_coverage.tsv	3496	aa709954179377838bc3f5b226f3ec1743ab6faea6261cde453d7654aa6a6738
results_summary/primary_core_genomewide_symbol_pseudobulk_shared_hits.png	109340	ceb127e63848f9bf0ff2131acd5de3e33811f0606be6183fc8c146c22ccf3890
results_summary/primary_core_genomewide_symbol_pseudobulk_shared_hits.tsv	1664077	713e51f7ec9a4195bfc87bca8b00d47d02bb7a07bc5e3f1ae547be5bd43783fd
results_summary/primary_core_genomewide_symbol_pseudobulk_statistics.tsv	5119553	43d0e819575faa8ed4f160acd20b999654d35dc006d595aaf878888562f29e0f
results_summary/primary_core_granule_special_gene_named_comparator_screen.md	2100	922926efee124cfbce80dc1d80cb497f4d97092212addfadc1369818e64b7308
results_summary/primary_core_granule_special_gene_named_comparator_summary.tsv	7013269	94d516b726a2070e0825e5dd264a36733f2e9ea4cd6d7a030ab6c11d73425de2
results_summary/primary_core_granule_special_gene_named_comparator_top_candidates.png	83707	45a694d1f7d63ffd15021aae816beedc8c68961c387a70e147e50fb16b9a8be5
results_summary/primary_core_granule_special_gene_named_comparator_top_candidates.tsv	3936	54e0e0333b06ce861eaa2be3523f096e0a67651c2fb5e4dc5c905548d519df31
results_summary/primary_core_granule_special_gene_named_comparator_units.tsv.gz	3973624	8786a368c800984503daedb8d7632571de7b7ad377b1c1b693a58a17ec1e6dc7
results_summary/primary_core_granule_specificity_named_comparator_axis_summary.tsv	1047	31519b54da28b63d5ef5a2e8277dc64154ea562a203775393a5ef95601535173
results_summary/primary_core_granule_specificity_named_comparator_gene_coverage.tsv	2236	ea45c3f4638aaf96aa1a7ffc14392ac6561302a4158c70c47a7e1fe8da20ffe7
results_summary/primary_core_granule_specificity_named_comparator_units.tsv	30689	eb7bad0871b4144a3f67ca35305ca57790ca45c1e8c6d7c9630b0c12e22764f3
results_summary/primary_core_granule_specificity_named_comparators.md	2896	5af1cb5d116fccc7aa9a002287d183c91a235d962bca474f42408b6bc115c64e
results_summary/primary_core_granule_specificity_named_comparators.png	116427	1962fe70ee78e7e3938dab11ec71569c3fcec3b711fb243c5002b7f434f7bd8a
results_summary/primary_core_identity_structural_modules.png	175206	9473ed841eb0a45bc4345a0401e751155b35163873a09c92afe02465e5e0ef04
results_summary/primary_core_integrated_module_units.tsv	368481	9df1b1be88d30ddbdc5a052de97a9f14ed5efde453052676ece662da65bd17d3
results_summary/primary_core_manuscript_candidate_tiers.md	5612	c12a31f1e32cd34bf0a70b936e9fa30f33a50e1e833e6e820957245cb810a7fc
results_summary/primary_core_manuscript_candidate_tiers.tsv	28793	069ed759e051bbf51a4bae5484b89f143cfad9fee5298fcbb441c7f10c3fd735
results_summary/primary_core_marker_panel_ortholog_map.tsv	12698	384b47160cc7baf4871383a10aa7732c606665acb8beaab0c0ad4be012e4cb07
results_summary/primary_core_mechanism_axis_branch_summary.tsv	3516	5c4ae9e160a6bea5d49f10d72e1c518b1b646a9bfd29c26944ab3c8f522de591
results_summary/primary_core_mechanism_axis_gene_table.tsv	37287	d308e4957d442a2e4c7288c4b68e1f2c1fcf681baac3ad8b5a1c4fd664808217
results_summary/primary_core_mechanism_axis_model.md	4525	4fe4e835ccfdbc3763269149e00ba79d8ba7345c19979ed467929babfac367c0
results_summary/primary_core_mechanism_axis_model.png	266157	2591291569cc3f4b48eda2c2cdcf59b48696eb03ba10c74238c49f9869572c87
results_summary/primary_core_mechanism_axis_summary.tsv	1613	32ec2c733146d81e65582e6cad1b52f10dd515ce15fbeefd4950f712baffe2ce
results_summary/primary_core_mgi_ortholog_expanded_meta_model.md	9135	da92be244d5e325dfc552a6e8b49a400c23093c1063e95a926a5bd5712af22d3
results_summary/primary_core_mgi_ortholog_expanded_meta_model_branch_summary.tsv	9763061	06922514533553c9631b39bd1aff2bbf951f9025e9caf8e45066bbd49c177651
results_summary/primary_core_mgi_ortholog_expanded_meta_model_gene_summary.tsv	9342996	8c558d9a95f01b0cff54e53c0e9050c2dc848a95ee1d9be0397a6dcc7eb0dc6b
results_summary/primary_core_mgi_ortholog_expanded_meta_model_mechanism_hits.tsv	29520	01f102686da6fb1a69fe7d8d5ab49a61209c1b7d79093d28302dfbbb96330e6e
results_summary/primary_core_mgi_ortholog_expanded_meta_model_shared_hits.tsv	796268	54341ad0a6f1178c60c1e7d07fc950658554929ee99aff9202daeefc60813421
results_summary/primary_core_mgi_ortholog_expanded_meta_model_top_hits.png	190637	12a80301cd11899a4a28267d09da657c34d2b7a0516e1286c6bd45aa0bf18142
results_summary/primary_core_mgi_ortholog_formal_rank_dataset_deltas.tsv.gz	4533980	1ec0de2e437edee023605cc1c193cb52eed63ef65ba4d8bbdbdff0553e5fa3c0
results_summary/primary_core_mgi_ortholog_formal_rank_mechanism_hits.png	219211	c6d36efaa617759e93ce9cfd246f4839863ba72e22a5cc9a9e2d7d77d984cc10
results_summary/primary_core_mgi_ortholog_formal_rank_mechanism_hits.tsv	98663	a00b124723686f96e98fb482d298ec8d013b4fc6c135a9d8e24d19cdcad620df
results_summary/primary_core_mgi_ortholog_formal_rank_mechanism_model_long.tsv	29279	bd5844b303b67e6f2f9f4eae3550f201b5033373aa2ed9eb0208727aefaff5bf
results_summary/primary_core_mgi_ortholog_formal_rank_model.md	10086	69223c7d2a06ebba8b9463230b95fc40e2e1b28125b89dd74c0d4f592df3ea46
results_summary/primary_core_mgi_ortholog_formal_rank_shared_hits.tsv	1470636	dce076eb6f9d124699dc7eb87355e1e8a87d41dd238dac821952b17aab98519d
results_summary/primary_core_mgi_ortholog_full_matrix_analysis.md	9527	96c519c90cdf3fd26dba469c04f8717479f683f22136a75f8989d89251044b67
results_summary/primary_core_mgi_ortholog_full_matrix_branch_specific.tsv	1803009	223a9d85922672b707a7396cc33848dd17abd59011e1b633ef4d67755651ec2e
results_summary/primary_core_mgi_ortholog_full_matrix_coverage.tsv	4044	350559d4850e05c963e059c03b128d029902279126f906c2410d83d5aefb27bb
results_summary/primary_core_mgi_ortholog_full_matrix_nonidentical_symbol_hits.tsv	88934	9196bc799675bcf452e931fcc881fd885742876efd00c6bb8265a2250aefff39
results_summary/primary_core_mgi_ortholog_full_matrix_shared_hits.png	121788	5a9b3674e6dadb37a525612da518c31d06354dcfe8a6d5235b613a383c859b9e
results_summary/primary_core_mgi_ortholog_full_matrix_shared_hits.tsv	2174820	c3c4045e3cd3d42b1b8f6218d4f3bb93859422335e84814a2430586c6e69a401
results_summary/primary_core_mgi_ortholog_full_matrix_statistics.tsv	5673702	568d12f6e9c75ba7e94d33a00a0ac3df186371411a0156905df641e54feb4997
results_summary/primary_core_mgi_ortholog_meta_model.md	7181	ff949bca66b594142ec2ffbcc858d6fb6a91df43a676a2f77f10546e6ceea3ba
results_summary/primary_core_mgi_ortholog_meta_model_branch_summary.tsv	9126054	9f6f34dfef23160438fcce9f6a0b650810c6846f11617916c1c5736d9f0ae0b3
results_summary/primary_core_mgi_ortholog_meta_model_gene_summary.tsv	8409825	b61ad8c3c1f650ea7e404d67a0d0be0e2b433d16c95d0b1755d1ca710d14fdaf
results_summary/primary_core_mgi_ortholog_meta_model_map.tsv	1939815	0c94cff06965c49ddf167acd9b1bc033a0bf00a96b6bc0da8d13f743c9ae88f0
results_summary/primary_core_mgi_ortholog_meta_model_mechanism_hits.tsv	28578	03ffe59649d2bcebd763943fb14da84c1c90a7049fbf84cd9dc93c283d5267a1
results_summary/primary_core_mgi_ortholog_meta_model_shared_hits.tsv	733544	1132f8977039b3ab1e7172e38a94325bad2e6f7cd274a2dd79fd0fba2d1af4f2
results_summary/primary_core_mgi_ortholog_meta_model_top_hits.png	190637	12a80301cd11899a4a28267d09da657c34d2b7a0516e1286c6bd45aa0bf18142
results_summary/primary_core_niche_circuit_module_formal_gene_scores.tsv	32189	1615e5ed6aa99b4817c76ba3711c3f330a829923572fa1179f2c0e932d854b41
results_summary/primary_core_niche_circuit_module_formal_summary.tsv	1937	151829ae84c8109ba57324747b74a277d445b73cbd8c12999c9b6aead7342400
results_summary/primary_core_niche_circuit_module_gene_sets.tsv	16419	076552720ecbec34c073c69dffd426c74f73b2ac20329855b57679c70cce51ce
results_summary/primary_core_niche_circuit_module_model.md	3839	72403db3c23a3e3639046762ea4a527f71a35e8f3a06697fdd9e47073f42d783
results_summary/primary_core_niche_circuit_module_model.png	232059	4f1d2a2324058ff3a4c5ddf1c8418f4194ccfe099fdc969586689900504c312c
results_summary/primary_core_niche_circuit_module_named_comparator_summary.tsv	1358	7497cba0da641015bdb80d1494667e3ccc95948946e1e6a153915e2c0a103a5c
results_summary/primary_core_niche_circuit_module_named_comparator_units.tsv	73457	50cdb6afb0e65f3bff110e909593b6e6587504bdbd45e875698e91d7aecea17d
results_summary/primary_core_ortholog_module_analysis.md	3466	ec703cbc9bbf8b69dc36b1db47cd411b97ff2e83abcc4f286a9db784178e6dd0
results_summary/primary_core_ortholog_module_leave_one_dataset_out.tsv	12690	33b22dc8c9cba217af09ebbaf7ee9414e910a4213c34ee453ee0e68e2fc60542
results_summary/primary_core_ortholog_module_statistics.tsv	2890	7bb5351e21e2d8c2a8b21ee12c2048c3b348f0d788446b78c20034507934154d
results_summary/primary_core_seed_gene_named_comparator_specificity.md	1957	880db3ad80a9c407bdf463f8517ba6f9a049f4401769747d58a1f34d36c8888e
results_summary/primary_core_seed_gene_named_comparator_summary.tsv	842	b8cb4f753e2d3ff29f7ad78da329708557037ff57c5d1fb28d7ad9547460534d
results_summary/primary_core_seed_gene_named_comparator_units.tsv	38077	fa944a4c3a1f0f5cc7ae7eeef0c71f680945abbbf693736e807f85d784ab59f3
results_summary/primary_core_stage_split_granule_comparison.md	3216	d776de35d83d21eed41c578ff11804f5b418fda0d8a5ad3bcc520cb676b37110
results_summary/primary_core_stage_split_granule_comparison.png	271587	5cd98a21b8a371471488ec0162348765b254dddb5c124ff221daef066f1b6912
results_summary/primary_core_stage_split_granule_group_calls.tsv	12969	8e9f21ac84610126a3b4dd361427a36a5f3b94fa9cf031cb664e49e498cab1db
results_summary/primary_core_stage_split_granule_module_branch_summary.tsv	8006	0215166097ffd40e15cf6e0f31fb836569cb3f841cd2ad6056d6d8fe82292151
results_summary/primary_core_stage_split_granule_stage_similarity.tsv	3992	1f82081e4835e06ac52fc36ee97ba78eb69be2dac83f4e98db857753a21adf54
results_summary/primary_core_stage_split_granule_stage_transitions.tsv	1486	6c1ae65621e809c6f0e9b1677c1900857664279d046c74b1fc39e6f6358356bf
results_summary/primary_core_tgf_bdnf_old_vs_full_trajectory_comparison.png	143896	3f67ecca0d20ed5e9526f82a602c40d85c1f3ded134f8eab659557ac141d4d99
results_summary/primary_core_tgf_bdnf_old_vs_full_trajectory_comparison.tsv	3174	8cbc2ba2bf416e0135b93f6808f2cb55b759a022e7d41cd375587a1c3adff5cb
results_summary/primary_core_transcriptomic_configuration_contrasts.tsv	1261	440e099deefc45887b7bc241c5aedb1a65754e3df907c853cb3ee757694ab029
results_summary/primary_core_transcriptomic_configuration_model.md	2621	08ec0c64ec4a27d17f5632bce78dc468edf6accf6ce7f6d71776bd1713b1371e
results_summary/primary_core_transcriptomic_configuration_model.png	256272	56a3bd3c79669462705d9730ccd83f8e7698e7ae62b9541aab14d395821cbbea
results_summary/primary_core_transcriptomic_configuration_primary_contrasts.tsv	21504	782ed89661f4633be184fa2d54566f127a92c95b3601baffa6ed03e503708e42
results_summary/primary_core_transcriptomic_configuration_primary_coverage.tsv	2110	d49c6b57bb8bda12fb99b32796195748e84e87b69029e0e443b7fc3b06854313
results_summary/primary_core_transcriptomic_configuration_primary_summary.tsv	2784	3e6af58b7fc975a5a4fb4b187fc621328bbe0f71e21a1f2a8e529ed27cf1186f
results_summary/primary_core_transcriptomic_configuration_primary_units.tsv.gz	3232	05963a4364ba73b9c164dfcb8141b003cd57cf5241c3e5e25db2e72164faf045
results_summary/primary_core_transcriptomic_configuration_primary_validation.md	2818	41446b91eac3cbbebc19d94a9761092a3518f02fdd58cd18922bee012d18b44d
results_summary/primary_core_transcriptomic_configuration_primary_validation.png	200481	e12f9bf3e2f7b94908ef0586bdaa8dd11e92e70644e464a7ef03ad19e30cd3f3
results_summary/primary_core_transcriptomic_configuration_primary_validation_label_key.tsv	9401	a78144dcc4908c05c97f726bd941d10192663cb6e0e9ecdf1f7df89bfdde51e8
results_summary/primary_core_transcriptomic_configuration_role_summary.tsv	1047	9e2ab14f985bd6094e24b4ddf9870acadf50f757336141020e77847a6bb7720a
results_summary/primary_core_transcriptomic_configuration_units.tsv	9555	2dbd9befd94e60c28d19582c2869b7021a1c170f5aec91c1526dc8791de4243e
results_summary/promoted_secondary_dataset_metadata.tsv	406436	e93aba842c564341ec3693f91c95e3fc3ade4ad315fe2d001ad6d3093124f9e1
results_summary/refined_candidate_granule_cell_call_summary.tsv	28247	0e3830bf0e0fdd3efe199efa0e55d662e2e7e24814cfc34fc52dc461e75ae904
results_summary/refined_candidate_granule_cell_calls.tsv.gz	5147943	cb688a2f5907858d5cec2922062c055a6bcc7eebf50c7803a7386815f29d9eda
results_summary/refined_candidate_granule_program_class_summary.tsv	4101	370303c1f55526db00c24d1248559fc7a3c7893f543bc72257e08717bf90784c
results_summary/refined_candidate_granule_program_comparison.png	118643	6ce6864806798f6324c52b4c7453f2b21265bf7d5cd891c44f9557e44d04649b
results_summary/refined_candidate_granule_program_statistics.tsv	1419	391e0c5285cee3d42fc27786959894aaba42ac8a48a282e75ad2b115b961d18c
results_summary/refined_dataset_level_granule_program_identity_structural_units.png	121469	d6c0175210ae5d32c7e8770c97b108fbe05ea2d94e13d6e078faa815cace9539
results_summary/refined_dataset_level_granule_program_leave_one_dataset_out.tsv	938	66fea3ed78c82320cd8ba50ac5efc839c56716bab4edbcf942f294fdfaa8396f
results_summary/refined_dataset_level_granule_program_statistics.tsv	1688	1cd8515125420b73ac1ac5e6cd1df3b4042c0e03637b56ee929a489550a9259c
results_summary/refined_dataset_level_granule_program_units.tsv	81763	62ed927b554eaca5b2b3a0ef4028736cf715f8342e68d55b07f3f2e8c5d77c9e
results_summary/refined_panel_comparison_interpretation.md	3528	7288f13587637f456e9a91a11fa7e5008f2a2a5abad94a4c21524a59e9a69b97
results_summary/refined_per_cell_marker_module_score_summary.tsv	89461	1b70473663c50a7587154114e550b6309aa9b64e4b2981612f3167adfbfd830e
results_summary/refined_per_cell_marker_module_scores.tsv.gz	9420473	049f5722148fc833d8e9a0f41e8e34861a112e2a50df485b30360f6a6f1b0c53
results_summary/regional_origin_shared_toolkit_timing.md	2493	c5ff11a37a9ed64a7fab5aea8debd69b99ad81b92090241e3cd1b154d22719ae
results_summary/regional_origin_shared_toolkit_timing.png	246384	fce20a0203e8d1b9adbe6badb5f6c95b5ea4b8f80a35d9f17517499cc17510ca
results_summary/regional_origin_shared_toolkit_timing_gene_units.tsv	31103	2d750c73a2edab80dd2573afdcce2c6d78392dcc69d21ff5bf9a1dcbcacae7d5
results_summary/regional_origin_shared_toolkit_timing_metrics.tsv	2999	21f7abd1033b791308703c6772c2171251e870be164e260a7d2cae15247682c4
results_summary/regional_origin_shared_toolkit_timing_module_units.tsv	79770	73039aaf70ce981ab689406b886c9ced74cb3da9a4518a426c9a9417a93c7bb9
results_summary/regional_origin_shared_toolkit_timing_state_summary.tsv	4576	2723c4931e50440eb849b9a04e66dfeede5b1156a0864d370423dfed5b8f4111
results_summary/revised_core_supporting_dataset_tiers.md	16594	a20081c3afa97f46b77e7e8e011bb54338238bed93b814343fcbfbc43cfa63ad
results_summary/revised_core_supporting_dataset_tiers.tsv	12239	7d6ad42a9c30896a722aed4b919e46e9e48280b665daffeccb25641543093e46
results_summary/secondary_dataset_promotion_readiness.tsv	1663	f39a00d6a4e8ed140b397be07e3239fe4ad92297c8c5a532f6fd4a273fbe9244
results_summary/secondary_phys_morph_allen_celltypes_probe.tsv	875	89adb3a198443b7324f6fc7134b122f8ba14813bf7d456e358c4c56b5197734d
results_summary/secondary_phys_morph_candidate_resources.tsv	7742	630595f49b241fae424d75398978dc80391d653e0e7ee59c77515f8a939b50d9
results_summary/secondary_phys_morph_neuromorpho_probe.tsv	613	1c8d61076e06a756f52c3f117c841c73acd308d2252631efa9e3a1f184ce56a3
results_summary/secondary_phys_morph_parameter_map.tsv	5523	e3e1c3a01ea516baf92a6c9dae688da23121a30fe9223f94bd66658ce8a38dd6
results_summary/secondary_phys_morph_validation_plan.md	9551	2eab5156843459a27ab309b6383d894a0d3643b1d2914703917c0756cbf88b61
results_summary/secondary_promotion_and_human_dentate_interpretation.md	3258	e820126e7b57e54442a39a4dea6cab5e062717ad0d7e96d398717897dc79ed93
results_summary/specific_aims_completion_audit.md	11961	26605e5d878892be3d040d4143847a304b42f3152ed1465dd9000873a13546a3
results_summary/storage_cleanup_log.md	4894	8ba6969074882f38fbc86076543e5d9e7b25188a19294bc55225ee2303d02250
results_summary/user_suggested_resource_assessment.md	2660	b6e1e89dff58af97c8af4e5f67f101c0ea5ec509cf77ca53c3b7dbc6d00e5a8f
scripts/assemble_manuscript_figures.py	37923	eb2cbfed20fc7205fbf0a0719885ec1099b0ff38d0ef214a1baa7e02dfb3aa2e
scripts/audit_dataset_shapes.py	12172	54cb201c507d5921e7c620972cf6a75ca299a80bde667bb6f5489a45c967face
scripts/build_2005_endpoint_graph_pseudotime.py	22643	90a5a065f996be6a37b5a76fd07a846a951e0eb48b971981f2192054c9dbbc15
scripts/build_2005_paper_endpoint_pseudotime_audit.py	28889	4c300ae9ee1a993636d667d8b3e3d0909153f1f6498146f8d35fa1a31188ddb0
scripts/build_aim2_sender_receiver_ligand_receptor.py	41004	3884d087553bbde57d31dc92739af6f2ff95369e6001b0f8ceec06bf7a679ee5
scripts/build_causal_perturbation_module_shifts.py	33615	98416d5a843934d781fb835b8899daf51dfdc7b3bc9f68648ed106fb2eba0a01
scripts/build_cerebellar_conditioned_medium_secretome_candidates.py	28580	e7f2137fb148c0edbf9e8dfbd3805524925c0361aebd8b3e1dcda3faa1934e20
scripts/build_cross_screen_mechanism_consensus.py	4776	5f445ba2b256f55ba2c0abf10098c5c56cb7fa75e19ec5c579b5255b877e2fea
scripts/build_dandi_000003_activity_sparsity_pilot.py	27959	b06234f5de4c67a662eb323a32f07b870ef1280a6e3b918e152cc85cd93e42e6
scripts/build_dandi_000003_multisession_spatial_extension.py	22398	23034bc951ab57bed017c2098ec2c89273f73b724b76f768f0ea3f3501d37c3f
scripts/build_dandi_000003_spatial_pattern_pilot.py	19810	3ae11e69a32acfe232d87163d338a3d876144141c7ad61ccd0dc47743b7d686d
scripts/build_development_formatted_submission_package.py	5474	6a324b12ec88444b2937012ed7bc2ac2db06e8327a9591d1af6ee40e27634656
scripts/build_development_submission_manuscript.py	29948	f945d1c44fd7493d1a23e965272461997a56a92b17969290e8e1219117a4b681
scripts/build_developmental_origin_divergence_audit.py	29185	22ab4539635cae06dc00b10fce4864680b4ad96ecd46da03920dbc0d73f19d69
scripts/build_epigenomic_extension_targets.py	22469	055966528275885b2a0ef48641e7012f0e12cab8c1b7fb7c4d220465972828c5
scripts/build_fig7_hypothesis_support_figure.py	11680	6582f1f2aa9672c4dd9afa024e575ffa16af515ea791ee7e632612a2377e000c
scripts/build_gse268609_epigenomic_peak_targets.py	14155	de8be6ca17f0ae9ca2f5bb2046262cd941d24edfefa4400fcaa0a914de37eeea
scripts/build_gse268609_selected_npz.py	14251	00555caabf44a71b1bed6856d97861e8d8bedc293e1f0241ea3fba23c32bbc4c
scripts/build_gse322785_cluster_supported_epigenomic_scores.py	17656	8901b51d2d0ab9eac57dec91631347f9ecdd1cf055a8d2292e6c0b443c5779d8
scripts/build_gse322785_epigenomic_robust_contrast_summary.py	7470	47cd0b3a190428efed938cd7a41b1017fbac557af16e6929edaa521fbc2da079
scripts/build_gse322785_human_h5_epigenomic_targets.py	15981	659a43dd9ebab70034de6672e6d1c62d6e1a1b67385d4bacef03d02cdb99cf90
scripts/build_gse325391_selected_npz.py	5725	795b96f8e4cdfc1966f44a41e22d9765d637bad69ad3bdecdfafef234ab510e8
scripts/build_hierarchical_integrative_granule_model.py	45863	cb243e42927986866908dfa1795e0e0af96b2a8137d08e887f9aeb4654a95e3f
scripts/build_human_bridge_candidate_gene_packet.py	20343	4d4d9de0ea4bdffa083578f9ed3808dad8b9f38639a72a4ce9d639c2ff07e591
scripts/build_human_core_normalized_reduced_object.py	22102	2fd4ccf0c0e089e4a5c1d953c9a7fb96c06fe5e937adecad0d6c10280b2e1f42
scripts/build_human_seed_sparse_objects.py	9090	7659db43098c273392ed90a1ad1ff536692e81884f0d60c4b2ec596bc4817b03
scripts/build_hypothesis_support_score_matrix.py	12572	77d8469fe85b228ef346df09c1cb3993d7ba1f5255e427414b6ad946b1779442
scripts/build_neuromorpho_granule_morphometry_validation.py	26956	f8c429f5453f1af7c4d1faf02220b62667363a28371cae01f098595091ffaada
scripts/build_primary_core_aim2_niche_pathway_model.py	50963	58fd50fbed20a7973f19c92c934daa6baf323e251450be77197b02ccdc6c9f3d
scripts/build_primary_core_aim2b_stage_resolved_tgf_bdnf.py	38449	ba3ecb81efb95c5b6e0833fb682d4cdecfe243f64fadb7a221d68762d9909b36
scripts/build_primary_core_aim3_sparse_coding_model.py	27810	93827504657a0da4b1829d81cdddba8846c30030726351c5cb1e794e28230540
scripts/build_primary_core_candidate_gene_pseudobulk.py	45178	62563d01b884dd4efadee8cdcabef95fdda90e719627d367c13de23232b467b9
scripts/build_primary_core_configuration_driver_audit.py	24367	787553c6d12c60eaab07622bf18b46235e122123dbed2989bba8a55f66e3d36b
scripts/build_primary_core_expanded_gene_pseudobulk.py	18009	34d16b7a87c180d36af495f3d3ccfc7603e6e5b49ecd67f9e58dfc31d22c894e
scripts/build_primary_core_full_transcriptome_diffusion.py	50782	e67f4c908fe6dc95c98e542cfd50bc346c9dceff50e4f24aeb8e98e4ee8401c9
scripts/build_primary_core_genomewide_symbol_pseudobulk.py	30489	94f6db2040e938c1b433a1a27a30c368652db6e60889e18001a6caeb36059ee4
scripts/build_primary_core_granule_special_gene_screen.py	20985	0e014bd3b88e47ef4bc846e5c317adba16d23e5d4bdb91519bb5b3a1bc629cdd
scripts/build_primary_core_granule_specificity_named_comparators.py	18882	a2196f330b0358affec91641a1da1ed1803ef8cfaad5dd8cdd4283b4d4e2e215
scripts/build_primary_core_manuscript_candidate_packet.py	13573	a698c337855a032c3c70e542f01f6ed5514f9e1d6146f6b0df5cc02ebe277127
scripts/build_primary_core_mechanism_axis_model.py	16057	7e466023857f2ae9d180c0dd21d41fcf7650dbcdfbba87a04ccdd360cf231a1e
scripts/build_primary_core_mgi_ortholog_expanded_meta_model.py	9451	c88ff972ceb27fd15a03c1cc25bb595bcab74bb63af1eed230c76dda464154d0
scripts/build_primary_core_mgi_ortholog_formal_rank_model.py	34547	1f08e9be17cfc6caffceaca6fcabf5de8fbc2147eb073c3d28cfe8f6a0be2bd3
scripts/build_primary_core_mgi_ortholog_full_matrix_pseudobulk.py	39552	94cc6bda111f61c02bbe2d7d14392401db2b3d00e3e5f7f0e443303cdb73289f
scripts/build_primary_core_mgi_ortholog_meta_model.py	37842	e9b3384d2f76334fae09fc724ed7e952465962a8d3e9edaaff65236df69db3a7
scripts/build_primary_core_niche_circuit_module_model.py	33619	19a15561c63a3c9ab4b09604807b8f458572b6c44d31cd5498e6f222d0a338d5
scripts/build_primary_core_ortholog_module_analysis.py	18504	0457061c32466ffc9d2f05ee944370101aa772b0248ccba8dd91252586ae0ef6
scripts/build_primary_core_seed_gene_named_comparator_specificity.py	9684	1cf60e212ad4d1b1197403a56fc67c3940296b5186eb8ec0e2f80c2bc9e6d173
scripts/build_primary_core_stage_split_granule_comparison.py	23691	cddcb844b586897f472c0d7135da0420b15c32d1b41b7042636ff0139d5127f8
scripts/build_primary_core_transcriptomic_configuration_model.py	15860	d903c09a7f442214840ddcbb424be9857f606b8c71f8c2faa6f1f2a1381db6bb
scripts/build_primary_core_transcriptomic_configuration_primary_validation.py	23945	dc2149f4c097a63b016027c976ff9376243e57ef67a7cb5acff97f07bd3fbf8f
scripts/build_regional_origin_shared_toolkit_timing.py	22231	a0c668345c1a43b0d975f2b13f99b45e87862b0b4c0d4970cb7ec6e516e6c23b
scripts/build_secondary_phys_morph_validation_layer.py	27366	edf4d1c5efe0e5945a661386affc63f2076748cafb75c722078ce658eb446b69
scripts/calibrate_aim3_empirical_sparse_model.py	18967	f0ed4c4adc9cedb771048b7709b7d6d6c1859152a98deb789b45c9f167a31b3f
scripts/classify_candidate_granule_cells.py	8133	20746843cecfa35afdf307c9bb5b0b131839430f2c9f9f7b877088d41ab9e8d7
scripts/compare_candidate_granule_programs.py	8971	cdab02bafe0dc1e9c543aa8fa3cd277a3dd9980e1e64c6cbb6915925d495839c
scripts/compute_per_cell_module_scores.py	22414	915da8d82c67ab2db4271d6b979bce9f6b5cc4fe48d890580394009c74a68128
scripts/curate_gse268609_geo_metadata.py	10696	b596ee68083fc3b56b4a2016c9e8cf944a730f939bf3493ff0fd2b34f2f551a7
scripts/curate_gse322785_cerebellar_multiome_metadata.py	9358	d860ec1ccd0131c5f54680a7ec9463fc4dce84a485e113694c3a1a279b9951d4
scripts/curate_gse325391_geo_metadata.py	8852	80066bc1bb53f78d01acdf1fa1bad381ebb7e8f822fe6786a90c5a487985c241
scripts/curate_human_core_geo_sample_metadata.py	19400	9d9bb4c21f1222781366f3abd2c5a0242905ccf659fc01018cec3a420e93b41c
scripts/curate_secondary_and_human_candidates.py	24795	57239d466916b6b9d27e79bac3453787672ecf6baf46c31557d3d7567bfd84ae
scripts/dataset_level_candidate_program_analysis.py	11658	6c6ec788b52e2461d66a688e4256cc1e268bf10d44880c8d4bb61cc809670a9a
scripts/export_gse325391_selected_sparse_bridge.R	7479	62c0bd7b94fbfa55256d609531701722297cc46023dd688d1ee53fa252d1323e
scripts/extract_gse186538_dg_gc_sparse_subset.py	8294	43b9b966fb8db2136a910cd09fdf28a353542ef60e46c33df93a81c9f2e10aed
scripts/extract_gse268609_epigenomic_selected_matrix.py	10292	ebae1fd58814dab25751d776996ed9dfd155031476ed5a430172928a69b37a93
scripts/extract_gse322785_human_h5_selected_and_markers.py	24826	080c2eb62343018a5d80ab6500726ca0a57a2b57c713324e919d8e4d57e80880
scripts/extract_marker_panel_expression.py	22043	0a90999f8f93f829e26fa6b1a373b1ea67c6ca67a63d0a45f80f930186fc5e93
scripts/fit_aim2_stage_pseudotime_model.py	17837	fae5aded57e9bdd4dbd90c9645cd3ab898963d8c4dbf000c511dab114dd4ba18
scripts/format_references_from_pubmed.py	15141	f0ec4104d7ab4892b555af9e272c0851c0d34ccbbce60ae64469ea633058489a
scripts/inspect_gse186538_human.py	5290	7e85fc86796224a0b924817f163ebae3a8dcff0624cf8791af4cd2d2bfd9785a
scripts/inspect_gse268609_rna_files.py	10500	4c23ab67f7c2fef37434095d52578dc2d0ebd4069a2fe30e6d5da206236eb2e0
scripts/inspect_gse325391_adult_rds.R	7060	b8eece52b2140fbba3ccc723f3055db3c2e18f2141d950442684c45fd9a66aca
scripts/inspect_human_seed_archives.py	8012	d133c952d94af6458a72868722593b3674e79be64b5e98c514508cfbbb26f411
scripts/integrate_candidate_resources.py	10127	d44c92b25b3bc10f8c77fb08e405cb74006e6a708eadc8c2d042d7052a44305d
scripts/integrate_human_bridge_with_backbone.py	25945	336f206ff3a4635a40e369777fe2c62ee6890f6ca1be8e14fafe21ce01c6c8bc
scripts/map_gse268609_to_human_core_labels.py	18043	fe8542eec0274a76bbc8edbf448bbcd9cd401bc7f787d034685a6dfe67b74983
scripts/map_gse325391_to_human_core_labels.py	15752	26ea506ccb604e9233777c8d16e3f15c1b8fa877cf07cc7b709f65ca64fe6cb9
scripts/organize_supplementary_tables.py	50336	8183a42e42402f631bb218b30daf56349a729779de9847c1468022a3dee2fd49
scripts/plot_module_score_contrasts.py	3517	97eb8edcbaf64db4c7faabd5e2c9a1ef24633105e5b6114b8f977c81730e73bf
scripts/prepare_code_release_packets.py	16945	cd969508b662fb1dbe79af01ec31f4ac2969db9c05f90eb317b6ae2b4e546c65
scripts/prepare_gse186538_human_dg_candidates.py	2773	9aabedbe90a0666edfb3457652441c8770183c1ddca9b63c99fac51501de5f8f
scripts/prioritize_dandi_000003_targeted_downloads.py	11228	cda524f759bd8af9b104e898e4dcaca6f56c91cab62a675ff30a2baddeeb4126
scripts/prioritize_datasets_for_next_phase.py	16951	42a21d1a3df573eb056260a2c0fc433a1baa8d0635c5371d548d8f56eb957811
scripts/qc_harmonize_human_core_sparse_objects.py	9541	9d1aa3e390999a6a13abfde8082a8fc90c360ab0814e2e2d01f9a35154c34244
scripts/score_gse322785_human_h5_epigenomic_by_marker_call.py	13624	992c54cfee01c118b684a9b0bb2787852ca21cfed40a377ed126639a1995ee56
scripts/summarize_causal_perturbation_dataset_triage.py	6692	d5b6666d09bc90314882ad9f804ccf6af9229edbdd9abb1d690211a2c1ae33fe
scripts/summarize_module_score_contrasts.py	4298	3372d78624d901845d03f014ae1429d2e66bab1877fbfa428ddb75268d14aeaa
scripts/triage_expanded_pseudobulk_hits.py	9302	2b6ab6b2ae77cfe46f90bfdc88b3b9c3d3a62f668b8ac27a246089bad42b19d2
scripts/triage_genomewide_symbol_pseudobulk_hits.py	5096	01535c06c59868ca494abe12ff3c7dc6e9004603160654ee7f52ad30b421d06f
scripts/tune_human_core_labels_and_test_modules.py	22365	7a0f3888c1ff66b9bc4e9202e331f72d85abd505d87752717f9396e414617fd3
scripts/validate_cross_screen_consensus_dataset_robustness.py	13006	22222030dec7dfe5cd869229b0bbf3b45f05c43b7bfdfb47ecc9fcf74d84b7a0
scripts/validate_gse322785_human_h5_marker_clusters.py	11236	f51581c1e83822c51f2ee36956d9a2045fbbdc2e37d172223a0ef9e6a0b5e338
scripts/validate_human_core_marker_programs.py	20689	e2ec5a0ed0ff7914fb0ef249f4d21baa9ff5655c1161e042964b8c7033641946
