dataset	region	axis_type	comparison_group	transition_id	transition_label	metric_type	metric_id	metric_label	start_label	end_label	start_score	end_score	delta_end_minus_start	direction
GSE104323	dentate_gyrus	adult_dentate_lineage_state	curated_dentate_granule_lineage	immature_gc_to_adult_gc	Immature-GC to GC-adult	pathway	bdnf_trkb_mapk	BDNF/TrkB/MAPK	Immature-GC	GC-adult	0.5625	0.3125	-0.25	decreased
GSE104323	dentate_gyrus	adult_dentate_lineage_state	curated_dentate_granule_lineage	immature_gc_to_adult_gc	Immature-GC to GC-adult	pathway	notch_hes	Notch/HES	Immature-GC	GC-adult	0.375	0.1875	-0.1875	decreased
GSE104323	dentate_gyrus	adult_dentate_lineage_state	curated_dentate_granule_lineage	immature_gc_to_adult_gc	Immature-GC to GC-adult	pathway	shh_granule_expansion	SHH/PTCH/GLI	Immature-GC	GC-adult	0.375	0.375	0.0	unchanged
GSE104323	dentate_gyrus	adult_dentate_lineage_state	curated_dentate_granule_lineage	immature_gc_to_adult_gc	Immature-GC to GC-adult	pathway	tgf_beta_smad	TGF-beta/SMAD	Immature-GC	GC-adult	0.5	0.25	-0.25	decreased
GSE104323	dentate_gyrus	adult_dentate_lineage_state	curated_dentate_granule_lineage	immature_gc_to_adult_gc	Immature-GC to GC-adult	signature	differentiation_stop_index	Differentiation/stop signaling	Immature-GC	GC-adult	0.625	0.225	-0.4	decreased
GSE104323	dentate_gyrus	adult_dentate_lineage_state	curated_dentate_granule_lineage	immature_gc_to_adult_gc	Immature-GC to GC-adult	signature	neurogenic_permissive_index	Neurogenic/permissive signaling	Immature-GC	GC-adult	0.4583333333333333	0.25	-0.20833333333333331	decreased
GSE104323	dentate_gyrus	adult_dentate_lineage_state	curated_dentate_granule_lineage	immature_gc_to_adult_gc	Immature-GC to GC-adult	signature	stop_minus_permissive_index	Stop minus permissive balance	Immature-GC	GC-adult	0.16666666666666669	-0.024999999999999994	-0.19166666666666668	decreased
GSE104323	dentate_gyrus	adult_dentate_lineage_state	curated_dentate_granule_lineage	immature_gc_to_adult_gc	Immature-GC to GC-adult	signature	tgf_bdnf_2005_index	TGF-beta/BDNF 2005 mechanism	Immature-GC	GC-adult	0.53125	0.28125	-0.25	decreased
GSE104323	dentate_gyrus	adult_dentate_lineage_state	curated_dentate_granule_lineage	neuroblast_to_immature_gc	Neuroblast to Immature-GC	pathway	bdnf_trkb_mapk	BDNF/TrkB/MAPK	Neuroblast	Immature-GC	0.46875	0.5625	0.09375	increased
GSE104323	dentate_gyrus	adult_dentate_lineage_state	curated_dentate_granule_lineage	neuroblast_to_immature_gc	Neuroblast to Immature-GC	pathway	notch_hes	Notch/HES	Neuroblast	Immature-GC	0.5	0.375	-0.125	decreased
GSE104323	dentate_gyrus	adult_dentate_lineage_state	curated_dentate_granule_lineage	neuroblast_to_immature_gc	Neuroblast to Immature-GC	pathway	shh_granule_expansion	SHH/PTCH/GLI	Neuroblast	Immature-GC	0.5	0.375	-0.125	decreased
GSE104323	dentate_gyrus	adult_dentate_lineage_state	curated_dentate_granule_lineage	neuroblast_to_immature_gc	Neuroblast to Immature-GC	pathway	tgf_beta_smad	TGF-beta/SMAD	Neuroblast	Immature-GC	0.625	0.5	-0.125	decreased
GSE104323	dentate_gyrus	adult_dentate_lineage_state	curated_dentate_granule_lineage	neuroblast_to_immature_gc	Neuroblast to Immature-GC	signature	differentiation_stop_index	Differentiation/stop signaling	Neuroblast	Immature-GC	0.54375	0.625	0.08125000000000004	increased
GSE104323	dentate_gyrus	adult_dentate_lineage_state	curated_dentate_granule_lineage	neuroblast_to_immature_gc	Neuroblast to Immature-GC	signature	neurogenic_permissive_index	Neurogenic/permissive signaling	Neuroblast	Immature-GC	0.5	0.4583333333333333	-0.041666666666666685	decreased
GSE104323	dentate_gyrus	adult_dentate_lineage_state	curated_dentate_granule_lineage	neuroblast_to_immature_gc	Neuroblast to Immature-GC	signature	stop_minus_permissive_index	Stop minus permissive balance	Neuroblast	Immature-GC	0.043749999999999956	0.16666666666666669	0.12291666666666673	increased
GSE104323	dentate_gyrus	adult_dentate_lineage_state	curated_dentate_granule_lineage	neuroblast_to_immature_gc	Neuroblast to Immature-GC	signature	tgf_bdnf_2005_index	TGF-beta/BDNF 2005 mechanism	Neuroblast	Immature-GC	0.546875	0.53125	-0.015625	decreased
GSE104323	dentate_gyrus	adult_dentate_lineage_state	curated_dentate_granule_lineage	rgl_to_gc_adult	RGL_young to GC-adult	pathway	bdnf_trkb_mapk	BDNF/TrkB/MAPK	RGL_young	GC-adult	0.5	0.3125	-0.1875	decreased
GSE104323	dentate_gyrus	adult_dentate_lineage_state	curated_dentate_granule_lineage	rgl_to_gc_adult	RGL_young to GC-adult	pathway	notch_hes	Notch/HES	RGL_young	GC-adult	0.875	0.1875	-0.6875	decreased
GSE104323	dentate_gyrus	adult_dentate_lineage_state	curated_dentate_granule_lineage	rgl_to_gc_adult	RGL_young to GC-adult	pathway	shh_granule_expansion	SHH/PTCH/GLI	RGL_young	GC-adult	0.75	0.375	-0.375	decreased
GSE104323	dentate_gyrus	adult_dentate_lineage_state	curated_dentate_granule_lineage	rgl_to_gc_adult	RGL_young to GC-adult	pathway	tgf_beta_smad	TGF-beta/SMAD	RGL_young	GC-adult	0.625	0.25	-0.375	decreased
GSE104323	dentate_gyrus	adult_dentate_lineage_state	curated_dentate_granule_lineage	rgl_to_gc_adult	RGL_young to GC-adult	signature	differentiation_stop_index	Differentiation/stop signaling	RGL_young	GC-adult	0.6	0.225	-0.375	decreased
GSE104323	dentate_gyrus	adult_dentate_lineage_state	curated_dentate_granule_lineage	rgl_to_gc_adult	RGL_young to GC-adult	signature	neurogenic_permissive_index	Neurogenic/permissive signaling	RGL_young	GC-adult	0.7916666666666666	0.25	-0.5416666666666666	decreased
GSE104323	dentate_gyrus	adult_dentate_lineage_state	curated_dentate_granule_lineage	rgl_to_gc_adult	RGL_young to GC-adult	signature	stop_minus_permissive_index	Stop minus permissive balance	RGL_young	GC-adult	-0.19166666666666665	-0.024999999999999994	0.16666666666666666	increased
GSE104323	dentate_gyrus	adult_dentate_lineage_state	curated_dentate_granule_lineage	rgl_to_gc_adult	RGL_young to GC-adult	signature	tgf_bdnf_2005_index	TGF-beta/BDNF 2005 mechanism	RGL_young	GC-adult	0.5625	0.28125	-0.28125	decreased
GSE122357	cerebellum	postnatal_cerebellar_age	candidate_cerebellar_granule_only	p0_to_p8a_cerebellum	P0 to P8a cerebellar candidates	pathway	bdnf_trkb_mapk	BDNF/TrkB/MAPK	P0	P8a	0.3333333333333333	1.0	0.6666666666666667	increased
GSE122357	cerebellum	postnatal_cerebellar_age	candidate_cerebellar_granule_only	p0_to_p8a_cerebellum	P0 to P8a cerebellar candidates	pathway	notch_hes	Notch/HES	P0	P8a	0.8333333333333333	0.5	-0.33333333333333326	decreased
GSE122357	cerebellum	postnatal_cerebellar_age	candidate_cerebellar_granule_only	p0_to_p8a_cerebellum	P0 to P8a cerebellar candidates	pathway	shh_granule_expansion	SHH/PTCH/GLI	P0	P8a	0.3333333333333333	0.6666666666666666	0.3333333333333333	increased
GSE122357	cerebellum	postnatal_cerebellar_age	candidate_cerebellar_granule_only	p0_to_p8a_cerebellum	P0 to P8a cerebellar candidates	pathway	tgf_beta_smad	TGF-beta/SMAD	P0	P8a	0.3333333333333333	0.6666666666666666	0.3333333333333333	increased
GSE122357	cerebellum	postnatal_cerebellar_age	candidate_cerebellar_granule_only	p0_to_p8a_cerebellum	P0 to P8a cerebellar candidates	signature	differentiation_stop_index	Differentiation/stop signaling	P0	P8a	0.5333333333333333	0.8666666666666666	0.33333333333333326	increased
GSE122357	cerebellum	postnatal_cerebellar_age	candidate_cerebellar_granule_only	p0_to_p8a_cerebellum	P0 to P8a cerebellar candidates	signature	neurogenic_permissive_index	Neurogenic/permissive signaling	P0	P8a	0.9444444444444443	0.5555555555555555	-0.38888888888888884	decreased
GSE122357	cerebellum	postnatal_cerebellar_age	candidate_cerebellar_granule_only	p0_to_p8a_cerebellum	P0 to P8a cerebellar candidates	signature	stop_minus_permissive_index	Stop minus permissive balance	P0	P8a	-0.411111111111111	0.3111111111111111	0.7222222222222221	increased
GSE122357	cerebellum	postnatal_cerebellar_age	candidate_cerebellar_granule_only	p0_to_p8a_cerebellum	P0 to P8a cerebellar candidates	signature	tgf_bdnf_2005_index	TGF-beta/BDNF 2005 mechanism	P0	P8a	0.3333333333333333	0.8333333333333333	0.49999999999999994	increased
GSE122357	cerebellum	postnatal_cerebellar_age	candidate_cerebellar_granule_only	p0_to_p8b_cerebellum	P0 to P8b cerebellar candidates	pathway	bdnf_trkb_mapk	BDNF/TrkB/MAPK	P0	P8b	0.3333333333333333	0.6666666666666666	0.3333333333333333	increased
GSE122357	cerebellum	postnatal_cerebellar_age	candidate_cerebellar_granule_only	p0_to_p8b_cerebellum	P0 to P8b cerebellar candidates	pathway	notch_hes	Notch/HES	P0	P8b	0.8333333333333333	0.6666666666666666	-0.16666666666666663	decreased
GSE122357	cerebellum	postnatal_cerebellar_age	candidate_cerebellar_granule_only	p0_to_p8b_cerebellum	P0 to P8b cerebellar candidates	pathway	shh_granule_expansion	SHH/PTCH/GLI	P0	P8b	0.3333333333333333	0.6666666666666666	0.3333333333333333	increased
GSE122357	cerebellum	postnatal_cerebellar_age	candidate_cerebellar_granule_only	p0_to_p8b_cerebellum	P0 to P8b cerebellar candidates	pathway	tgf_beta_smad	TGF-beta/SMAD	P0	P8b	0.3333333333333333	0.6666666666666666	0.3333333333333333	increased
GSE122357	cerebellum	postnatal_cerebellar_age	candidate_cerebellar_granule_only	p0_to_p8b_cerebellum	P0 to P8b cerebellar candidates	signature	differentiation_stop_index	Differentiation/stop signaling	P0	P8b	0.5333333333333333	0.6	0.06666666666666665	increased
GSE122357	cerebellum	postnatal_cerebellar_age	candidate_cerebellar_granule_only	p0_to_p8b_cerebellum	P0 to P8b cerebellar candidates	signature	neurogenic_permissive_index	Neurogenic/permissive signaling	P0	P8b	0.9444444444444443	0.6666666666666666	-0.2777777777777777	decreased
GSE122357	cerebellum	postnatal_cerebellar_age	candidate_cerebellar_granule_only	p0_to_p8b_cerebellum	P0 to P8b cerebellar candidates	signature	stop_minus_permissive_index	Stop minus permissive balance	P0	P8b	-0.411111111111111	-0.06666666666666665	0.34444444444444433	increased
GSE122357	cerebellum	postnatal_cerebellar_age	candidate_cerebellar_granule_only	p0_to_p8b_cerebellum	P0 to P8b cerebellar candidates	signature	tgf_bdnf_2005_index	TGF-beta/BDNF 2005 mechanism	P0	P8b	0.3333333333333333	0.6666666666666666	0.3333333333333333	increased
GSE214309	dentate_gyrus	adult_dentate_activity_maturation_state	adult_DGC_maturation_activity_state	immature_activity_1hr	Immature activity, 1 hr	pathway	bdnf_trkb_mapk	BDNF/TrkB/MAPK	immature_1hr	immatureactive_1hr	0.375	0.375	0.0	unchanged
GSE214309	dentate_gyrus	adult_dentate_activity_maturation_state	adult_DGC_maturation_activity_state	immature_activity_1hr	Immature activity, 1 hr	pathway	notch_hes	Notch/HES	immature_1hr	immatureactive_1hr	0.5	0.46875	-0.03125	decreased
GSE214309	dentate_gyrus	adult_dentate_activity_maturation_state	adult_DGC_maturation_activity_state	immature_activity_1hr	Immature activity, 1 hr	pathway	shh_granule_expansion	SHH/PTCH/GLI	immature_1hr	immatureactive_1hr	0.5	0.46875	-0.03125	decreased
GSE214309	dentate_gyrus	adult_dentate_activity_maturation_state	adult_DGC_maturation_activity_state	immature_activity_1hr	Immature activity, 1 hr	pathway	tgf_beta_smad	TGF-beta/SMAD	immature_1hr	immatureactive_1hr	0.4375	0.5625	0.125	increased
GSE214309	dentate_gyrus	adult_dentate_activity_maturation_state	adult_DGC_maturation_activity_state	immature_activity_1hr	Immature activity, 1 hr	signature	differentiation_stop_index	Differentiation/stop signaling	immature_1hr	immatureactive_1hr	0.4375	0.40625	-0.03125	decreased
GSE214309	dentate_gyrus	adult_dentate_activity_maturation_state	adult_DGC_maturation_activity_state	immature_activity_1hr	Immature activity, 1 hr	signature	neurogenic_permissive_index	Neurogenic/permissive signaling	immature_1hr	immatureactive_1hr	0.4791666666666667	0.4270833333333333	-0.05208333333333337	decreased
GSE214309	dentate_gyrus	adult_dentate_activity_maturation_state	adult_DGC_maturation_activity_state	immature_activity_1hr	Immature activity, 1 hr	signature	stop_minus_permissive_index	Stop minus permissive balance	immature_1hr	immatureactive_1hr	-0.041666666666666685	-0.020833333333333315	0.02083333333333337	increased
GSE214309	dentate_gyrus	adult_dentate_activity_maturation_state	adult_DGC_maturation_activity_state	immature_activity_1hr	Immature activity, 1 hr	signature	tgf_bdnf_2005_index	TGF-beta/BDNF 2005 mechanism	immature_1hr	immatureactive_1hr	0.40625	0.46875	0.0625	increased
GSE214309	dentate_gyrus	adult_dentate_activity_maturation_state	adult_DGC_maturation_activity_state	immature_activity_4hr	Immature activity, 4 hr	pathway	bdnf_trkb_mapk	BDNF/TrkB/MAPK	immature_4hr	immatureactive_4hr	0.625	0.75	0.125	increased
GSE214309	dentate_gyrus	adult_dentate_activity_maturation_state	adult_DGC_maturation_activity_state	immature_activity_4hr	Immature activity, 4 hr	pathway	notch_hes	Notch/HES	immature_4hr	immatureactive_4hr	0.5625	0.40625	-0.15625	decreased
GSE214309	dentate_gyrus	adult_dentate_activity_maturation_state	adult_DGC_maturation_activity_state	immature_activity_4hr	Immature activity, 4 hr	pathway	shh_granule_expansion	SHH/PTCH/GLI	immature_4hr	immatureactive_4hr	0.59375	0.53125	-0.0625	decreased
GSE214309	dentate_gyrus	adult_dentate_activity_maturation_state	adult_DGC_maturation_activity_state	immature_activity_4hr	Immature activity, 4 hr	pathway	tgf_beta_smad	TGF-beta/SMAD	immature_4hr	immatureactive_4hr	0.5625	0.75	0.1875	increased
GSE214309	dentate_gyrus	adult_dentate_activity_maturation_state	adult_DGC_maturation_activity_state	immature_activity_4hr	Immature activity, 4 hr	signature	differentiation_stop_index	Differentiation/stop signaling	immature_4hr	immatureactive_4hr	0.65	0.7125	0.0625	increased
GSE214309	dentate_gyrus	adult_dentate_activity_maturation_state	adult_DGC_maturation_activity_state	immature_activity_4hr	Immature activity, 4 hr	signature	neurogenic_permissive_index	Neurogenic/permissive signaling	immature_4hr	immatureactive_4hr	0.625	0.6458333333333334	0.02083333333333337	increased
GSE214309	dentate_gyrus	adult_dentate_activity_maturation_state	adult_DGC_maturation_activity_state	immature_activity_4hr	Immature activity, 4 hr	signature	stop_minus_permissive_index	Stop minus permissive balance	immature_4hr	immatureactive_4hr	0.025000000000000022	0.06666666666666665	0.04166666666666663	increased
GSE214309	dentate_gyrus	adult_dentate_activity_maturation_state	adult_DGC_maturation_activity_state	immature_activity_4hr	Immature activity, 4 hr	signature	tgf_bdnf_2005_index	TGF-beta/BDNF 2005 mechanism	immature_4hr	immatureactive_4hr	0.59375	0.75	0.15625	increased
GSE214309	dentate_gyrus	adult_dentate_activity_maturation_state	adult_DGC_maturation_activity_state	immature_to_mature_1hr	Immature to mature, 1 hr	pathway	bdnf_trkb_mapk	BDNF/TrkB/MAPK	immature_1hr	mature_1hr	0.375	0.5	0.125	increased
GSE214309	dentate_gyrus	adult_dentate_activity_maturation_state	adult_DGC_maturation_activity_state	immature_to_mature_1hr	Immature to mature, 1 hr	pathway	notch_hes	Notch/HES	immature_1hr	mature_1hr	0.5	0.5	0.0	unchanged
GSE214309	dentate_gyrus	adult_dentate_activity_maturation_state	adult_DGC_maturation_activity_state	immature_to_mature_1hr	Immature to mature, 1 hr	pathway	shh_granule_expansion	SHH/PTCH/GLI	immature_1hr	mature_1hr	0.5	0.53125	0.03125	increased
GSE214309	dentate_gyrus	adult_dentate_activity_maturation_state	adult_DGC_maturation_activity_state	immature_to_mature_1hr	Immature to mature, 1 hr	pathway	tgf_beta_smad	TGF-beta/SMAD	immature_1hr	mature_1hr	0.4375	0.5625	0.125	increased
GSE214309	dentate_gyrus	adult_dentate_activity_maturation_state	adult_DGC_maturation_activity_state	immature_to_mature_1hr	Immature to mature, 1 hr	signature	differentiation_stop_index	Differentiation/stop signaling	immature_1hr	mature_1hr	0.4375	0.5125	0.07499999999999996	increased
GSE214309	dentate_gyrus	adult_dentate_activity_maturation_state	adult_DGC_maturation_activity_state	immature_to_mature_1hr	Immature to mature, 1 hr	signature	neurogenic_permissive_index	Neurogenic/permissive signaling	immature_1hr	mature_1hr	0.4791666666666667	0.4791666666666667	0.0	unchanged
GSE214309	dentate_gyrus	adult_dentate_activity_maturation_state	adult_DGC_maturation_activity_state	immature_to_mature_1hr	Immature to mature, 1 hr	signature	stop_minus_permissive_index	Stop minus permissive balance	immature_1hr	mature_1hr	-0.041666666666666685	0.03333333333333327	0.07499999999999996	increased
GSE214309	dentate_gyrus	adult_dentate_activity_maturation_state	adult_DGC_maturation_activity_state	immature_to_mature_1hr	Immature to mature, 1 hr	signature	tgf_bdnf_2005_index	TGF-beta/BDNF 2005 mechanism	immature_1hr	mature_1hr	0.40625	0.53125	0.125	increased
GSE214309	dentate_gyrus	adult_dentate_activity_maturation_state	adult_DGC_maturation_activity_state	immature_to_mature_4hr	Immature to mature, 4 hr	pathway	bdnf_trkb_mapk	BDNF/TrkB/MAPK	immature_4hr	mature_4hr	0.625	0.8125	0.1875	increased
GSE214309	dentate_gyrus	adult_dentate_activity_maturation_state	adult_DGC_maturation_activity_state	immature_to_mature_4hr	Immature to mature, 4 hr	pathway	notch_hes	Notch/HES	immature_4hr	mature_4hr	0.5625	0.8125	0.25	increased
GSE214309	dentate_gyrus	adult_dentate_activity_maturation_state	adult_DGC_maturation_activity_state	immature_to_mature_4hr	Immature to mature, 4 hr	pathway	shh_granule_expansion	SHH/PTCH/GLI	immature_4hr	mature_4hr	0.59375	0.5625	-0.03125	decreased
GSE214309	dentate_gyrus	adult_dentate_activity_maturation_state	adult_DGC_maturation_activity_state	immature_to_mature_4hr	Immature to mature, 4 hr	pathway	tgf_beta_smad	TGF-beta/SMAD	immature_4hr	mature_4hr	0.5625	0.5625	0.0	unchanged
GSE214309	dentate_gyrus	adult_dentate_activity_maturation_state	adult_DGC_maturation_activity_state	immature_to_mature_4hr	Immature to mature, 4 hr	signature	differentiation_stop_index	Differentiation/stop signaling	immature_4hr	mature_4hr	0.65	0.725	0.07499999999999996	increased
GSE214309	dentate_gyrus	adult_dentate_activity_maturation_state	adult_DGC_maturation_activity_state	immature_to_mature_4hr	Immature to mature, 4 hr	signature	neurogenic_permissive_index	Neurogenic/permissive signaling	immature_4hr	mature_4hr	0.625	0.6458333333333334	0.02083333333333337	increased
GSE214309	dentate_gyrus	adult_dentate_activity_maturation_state	adult_DGC_maturation_activity_state	immature_to_mature_4hr	Immature to mature, 4 hr	signature	stop_minus_permissive_index	Stop minus permissive balance	immature_4hr	mature_4hr	0.025000000000000022	0.07916666666666661	0.054166666666666585	increased
GSE214309	dentate_gyrus	adult_dentate_activity_maturation_state	adult_DGC_maturation_activity_state	immature_to_mature_4hr	Immature to mature, 4 hr	signature	tgf_bdnf_2005_index	TGF-beta/BDNF 2005 mechanism	immature_4hr	mature_4hr	0.59375	0.6875	0.09375	increased
GSE214309	dentate_gyrus	adult_dentate_activity_maturation_state	adult_DGC_maturation_activity_state	mature_activity_1hr	Mature activity, 1 hr	pathway	bdnf_trkb_mapk	BDNF/TrkB/MAPK	mature_1hr	matureactive_1hr	0.5	0.4375	-0.0625	decreased
GSE214309	dentate_gyrus	adult_dentate_activity_maturation_state	adult_DGC_maturation_activity_state	mature_activity_1hr	Mature activity, 1 hr	pathway	notch_hes	Notch/HES	mature_1hr	matureactive_1hr	0.5	0.375	-0.125	decreased
GSE214309	dentate_gyrus	adult_dentate_activity_maturation_state	adult_DGC_maturation_activity_state	mature_activity_1hr	Mature activity, 1 hr	pathway	shh_granule_expansion	SHH/PTCH/GLI	mature_1hr	matureactive_1hr	0.53125	0.5	-0.03125	decreased
GSE214309	dentate_gyrus	adult_dentate_activity_maturation_state	adult_DGC_maturation_activity_state	mature_activity_1hr	Mature activity, 1 hr	pathway	tgf_beta_smad	TGF-beta/SMAD	mature_1hr	matureactive_1hr	0.5625	0.4375	-0.125	decreased
GSE214309	dentate_gyrus	adult_dentate_activity_maturation_state	adult_DGC_maturation_activity_state	mature_activity_1hr	Mature activity, 1 hr	signature	differentiation_stop_index	Differentiation/stop signaling	mature_1hr	matureactive_1hr	0.5125	0.3625	-0.14999999999999997	decreased
GSE214309	dentate_gyrus	adult_dentate_activity_maturation_state	adult_DGC_maturation_activity_state	mature_activity_1hr	Mature activity, 1 hr	signature	neurogenic_permissive_index	Neurogenic/permissive signaling	mature_1hr	matureactive_1hr	0.4791666666666667	0.4375	-0.041666666666666685	decreased
GSE214309	dentate_gyrus	adult_dentate_activity_maturation_state	adult_DGC_maturation_activity_state	mature_activity_1hr	Mature activity, 1 hr	signature	stop_minus_permissive_index	Stop minus permissive balance	mature_1hr	matureactive_1hr	0.03333333333333327	-0.07500000000000001	-0.10833333333333328	decreased
GSE214309	dentate_gyrus	adult_dentate_activity_maturation_state	adult_DGC_maturation_activity_state	mature_activity_1hr	Mature activity, 1 hr	signature	tgf_bdnf_2005_index	TGF-beta/BDNF 2005 mechanism	mature_1hr	matureactive_1hr	0.53125	0.4375	-0.09375	decreased
GSE214309	dentate_gyrus	adult_dentate_activity_maturation_state	adult_DGC_maturation_activity_state	mature_activity_4hr	Mature activity, 4 hr	pathway	bdnf_trkb_mapk	BDNF/TrkB/MAPK	mature_4hr	matureactive_4hr	0.8125	0.6875	-0.125	decreased
GSE214309	dentate_gyrus	adult_dentate_activity_maturation_state	adult_DGC_maturation_activity_state	mature_activity_4hr	Mature activity, 4 hr	pathway	notch_hes	Notch/HES	mature_4hr	matureactive_4hr	0.8125	0.75	-0.0625	decreased
GSE214309	dentate_gyrus	adult_dentate_activity_maturation_state	adult_DGC_maturation_activity_state	mature_activity_4hr	Mature activity, 4 hr	pathway	shh_granule_expansion	SHH/PTCH/GLI	mature_4hr	matureactive_4hr	0.5625	0.53125	-0.03125	decreased
GSE214309	dentate_gyrus	adult_dentate_activity_maturation_state	adult_DGC_maturation_activity_state	mature_activity_4hr	Mature activity, 4 hr	pathway	tgf_beta_smad	TGF-beta/SMAD	mature_4hr	matureactive_4hr	0.5625	0.5	-0.0625	decreased
GSE214309	dentate_gyrus	adult_dentate_activity_maturation_state	adult_DGC_maturation_activity_state	mature_activity_4hr	Mature activity, 4 hr	signature	differentiation_stop_index	Differentiation/stop signaling	mature_4hr	matureactive_4hr	0.725	0.6625	-0.0625	decreased
GSE214309	dentate_gyrus	adult_dentate_activity_maturation_state	adult_DGC_maturation_activity_state	mature_activity_4hr	Mature activity, 4 hr	signature	neurogenic_permissive_index	Neurogenic/permissive signaling	mature_4hr	matureactive_4hr	0.6458333333333334	0.6875	0.04166666666666663	increased
GSE214309	dentate_gyrus	adult_dentate_activity_maturation_state	adult_DGC_maturation_activity_state	mature_activity_4hr	Mature activity, 4 hr	signature	stop_minus_permissive_index	Stop minus permissive balance	mature_4hr	matureactive_4hr	0.07916666666666661	-0.025000000000000022	-0.10416666666666663	decreased
GSE214309	dentate_gyrus	adult_dentate_activity_maturation_state	adult_DGC_maturation_activity_state	mature_activity_4hr	Mature activity, 4 hr	signature	tgf_bdnf_2005_index	TGF-beta/BDNF 2005 mechanism	mature_4hr	matureactive_4hr	0.6875	0.59375	-0.09375	decreased
GSE292261	dentate_gyrus	postnatal_dentate_age	all_DG_cells	p5_to_p28_all	P5 to P28 all DG cells	pathway	bdnf_trkb_mapk	BDNF/TrkB/MAPK	P5	P28	0.6	0.2	-0.39999999999999997	decreased
GSE292261	dentate_gyrus	postnatal_dentate_age	all_DG_cells	p5_to_p28_all	P5 to P28 all DG cells	pathway	notch_hes	Notch/HES	P5	P28	0.6	0.2	-0.39999999999999997	decreased
GSE292261	dentate_gyrus	postnatal_dentate_age	all_DG_cells	p5_to_p28_all	P5 to P28 all DG cells	pathway	shh_granule_expansion	SHH/PTCH/GLI	P5	P28	0.3	0.6	0.3	increased
GSE292261	dentate_gyrus	postnatal_dentate_age	all_DG_cells	p5_to_p28_all	P5 to P28 all DG cells	pathway	tgf_beta_smad	TGF-beta/SMAD	P5	P28	0.9	0.2	-0.7	decreased
GSE292261	dentate_gyrus	postnatal_dentate_age	all_DG_cells	p5_to_p28_all	P5 to P28 all DG cells	signature	differentiation_stop_index	Differentiation/stop signaling	P5	P28	0.7799999999999999	0.2	-0.5799999999999998	decreased
GSE292261	dentate_gyrus	postnatal_dentate_age	all_DG_cells	p5_to_p28_all	P5 to P28 all DG cells	signature	neurogenic_permissive_index	Neurogenic/permissive signaling	P5	P28	0.7999999999999999	0.20000000000000004	-0.5999999999999999	decreased
GSE292261	dentate_gyrus	postnatal_dentate_age	all_DG_cells	p5_to_p28_all	P5 to P28 all DG cells	signature	stop_minus_permissive_index	Stop minus permissive balance	P5	P28	-0.020000000000000018	-2.7755575615628914e-17	0.01999999999999999	increased
GSE292261	dentate_gyrus	postnatal_dentate_age	all_DG_cells	p5_to_p28_all	P5 to P28 all DG cells	signature	tgf_bdnf_2005_index	TGF-beta/BDNF 2005 mechanism	P5	P28	0.75	0.2	-0.55	decreased
GSE292261	dentate_gyrus	postnatal_dentate_age	candidate_dentate_granule_only	p15_to_p28_candidate	P15 to P28 candidate dentate GCs	pathway	bdnf_trkb_mapk	BDNF/TrkB/MAPK	P15	P28	0.8	0.2	-0.6000000000000001	decreased
GSE292261	dentate_gyrus	postnatal_dentate_age	candidate_dentate_granule_only	p15_to_p28_candidate	P15 to P28 candidate dentate GCs	pathway	notch_hes	Notch/HES	P15	P28	0.6	0.2	-0.39999999999999997	decreased
GSE292261	dentate_gyrus	postnatal_dentate_age	candidate_dentate_granule_only	p15_to_p28_candidate	P15 to P28 candidate dentate GCs	pathway	shh_granule_expansion	SHH/PTCH/GLI	P15	P28	0.8	0.4	-0.4	decreased
GSE292261	dentate_gyrus	postnatal_dentate_age	candidate_dentate_granule_only	p15_to_p28_candidate	P15 to P28 candidate dentate GCs	pathway	tgf_beta_smad	TGF-beta/SMAD	P15	P28	0.7	0.2	-0.49999999999999994	decreased
GSE292261	dentate_gyrus	postnatal_dentate_age	candidate_dentate_granule_only	p15_to_p28_candidate	P15 to P28 candidate dentate GCs	signature	differentiation_stop_index	Differentiation/stop signaling	P15	P28	0.68	0.2	-0.48000000000000004	decreased
GSE292261	dentate_gyrus	postnatal_dentate_age	candidate_dentate_granule_only	p15_to_p28_candidate	P15 to P28 candidate dentate GCs	signature	neurogenic_permissive_index	Neurogenic/permissive signaling	P15	P28	0.6666666666666666	0.20000000000000004	-0.46666666666666656	decreased
GSE292261	dentate_gyrus	postnatal_dentate_age	candidate_dentate_granule_only	p15_to_p28_candidate	P15 to P28 candidate dentate GCs	signature	stop_minus_permissive_index	Stop minus permissive balance	P15	P28	0.01333333333333342	-2.7755575615628914e-17	-0.013333333333333447	decreased
GSE292261	dentate_gyrus	postnatal_dentate_age	candidate_dentate_granule_only	p15_to_p28_candidate	P15 to P28 candidate dentate GCs	signature	tgf_bdnf_2005_index	TGF-beta/BDNF 2005 mechanism	P15	P28	0.75	0.2	-0.55	decreased
GSE292261	dentate_gyrus	postnatal_dentate_age	candidate_dentate_granule_only	p5_to_p15_candidate	P5 to P15 candidate dentate GCs	pathway	bdnf_trkb_mapk	BDNF/TrkB/MAPK	P5	P15	0.6	0.8	0.20000000000000007	increased
GSE292261	dentate_gyrus	postnatal_dentate_age	candidate_dentate_granule_only	p5_to_p15_candidate	P5 to P15 candidate dentate GCs	pathway	notch_hes	Notch/HES	P5	P15	0.6	0.6	0.0	unchanged
GSE292261	dentate_gyrus	postnatal_dentate_age	candidate_dentate_granule_only	p5_to_p15_candidate	P5 to P15 candidate dentate GCs	pathway	shh_granule_expansion	SHH/PTCH/GLI	P5	P15	0.4	0.8	0.4	increased
GSE292261	dentate_gyrus	postnatal_dentate_age	candidate_dentate_granule_only	p5_to_p15_candidate	P5 to P15 candidate dentate GCs	pathway	tgf_beta_smad	TGF-beta/SMAD	P5	P15	1.0	0.7	-0.30000000000000004	decreased
GSE292261	dentate_gyrus	postnatal_dentate_age	candidate_dentate_granule_only	p5_to_p15_candidate	P5 to P15 candidate dentate GCs	signature	differentiation_stop_index	Differentiation/stop signaling	P5	P15	0.76	0.68	-0.07999999999999996	decreased
GSE292261	dentate_gyrus	postnatal_dentate_age	candidate_dentate_granule_only	p5_to_p15_candidate	P5 to P15 candidate dentate GCs	signature	neurogenic_permissive_index	Neurogenic/permissive signaling	P5	P15	0.7999999999999999	0.6666666666666666	-0.1333333333333333	decreased
GSE292261	dentate_gyrus	postnatal_dentate_age	candidate_dentate_granule_only	p5_to_p15_candidate	P5 to P15 candidate dentate GCs	signature	stop_minus_permissive_index	Stop minus permissive balance	P5	P15	-0.039999999999999925	0.01333333333333342	0.053333333333333344	increased
GSE292261	dentate_gyrus	postnatal_dentate_age	candidate_dentate_granule_only	p5_to_p15_candidate	P5 to P15 candidate dentate GCs	signature	tgf_bdnf_2005_index	TGF-beta/BDNF 2005 mechanism	P5	P15	0.8	0.75	-0.050000000000000044	decreased
