dataset	sample	source_group	specificity_role	mechanism_axis	mechanism_axis_label	n_present_axis_genes	n_cells	median_axis_score	mean_axis_score	within_sample_axis_rank
GSE104323	10X_all_cells	RGL	other_local_cell_type	developmental_regulatory_control	Developmental regulatory	7	199	0.4540076900497065	0.45896521198280904	0.4583333333333333
GSE104323	10X_all_cells	Astro-adult	other_local_cell_type	developmental_regulatory_control	Developmental regulatory	7	1232	0.35498666425542863	0.35984818210599495	0.3125
GSE104323	10X_all_cells	Astro-juv	other_local_cell_type	developmental_regulatory_control	Developmental regulatory	7	821	0.39608410317711157	0.3996595651550239	0.4166666666666667
GSE104323	10X_all_cells	Immature-Astro	other_local_cell_type	developmental_regulatory_control	Developmental regulatory	7	651	0.6578814551411558	0.6638089302414417	0.75
GSE104323	10X_all_cells	RGL_young	other_local_cell_type	developmental_regulatory_control	Developmental regulatory	7	686	0.7099733285108573	0.7283903565754265	0.7916666666666666
GSE104323	10X_all_cells	Ependymal	other_local_cell_type	developmental_regulatory_control	Developmental regulatory	7	182	0.589516260398698	0.6065382617876961	0.625
GSE104323	10X_all_cells	PVM	other_local_cell_type	developmental_regulatory_control	Developmental regulatory	7	79	0.09902102579427789	0.14819571313383323	0.0625
GSE104323	10X_all_cells	MiCajal-Retziusoglia	other_local_cell_type	developmental_regulatory_control	Developmental regulatory	7	428	0.09902102579427789	0.15036917210700299	0.0625
GSE104323	10X_all_cells	Endothelial	other_local_cell_type	developmental_regulatory_control	Developmental regulatory	7	543	0.2559656384611507	0.31552566959054973	0.14583333333333334
GSE104323	10X_all_cells	VLMC	other_local_cell_type	developmental_regulatory_control	Developmental regulatory	7	160	0.29706307738283366	0.3368299810454565	0.22916666666666666
GSE104323	10X_all_cells	MOL	other_local_cell_type	developmental_regulatory_control	Developmental regulatory	7	704	0.29706307738283366	0.3318117331800892	0.22916666666666666
GSE104323	10X_all_cells	NFOL	other_local_cell_type	developmental_regulatory_control	Developmental regulatory	7	232	0.2559656384611507	0.28792364592722663	0.14583333333333334
GSE104323	10X_all_cells	OPC	other_local_cell_type	developmental_regulatory_control	Developmental regulatory	7	794	0.36599742710023275	0.4038744519634744	0.375
GSE104323	10X_all_cells	nIPC-perin	other_local_cell_type	developmental_regulatory_control	Developmental regulatory	7	468	0.8801610285585417	0.8931170327985966	0.9166666666666666
GSE104323	10X_all_cells	nIPC	other_local_cell_type	developmental_regulatory_control	Developmental regulatory	7	353	1.0510794572729074	1.0394657899199373	1.0
GSE104323	10X_all_cells	Neuroblast	dentate_granule	developmental_regulatory_control	Developmental regulatory	7	1381	0.9853864204469479	0.9805552976783622	0.9583333333333334
GSE104323	10X_all_cells	Immature-GC	dentate_granule	developmental_regulatory_control	Developmental regulatory	7	2419	0.8628935301824877	0.8572660473910192	0.875
GSE104323	10X_all_cells	Immature-Pyr	pyramidal_comparator	developmental_regulatory_control	Developmental regulatory	7	4520	0.8310158799947435	0.835171160641136	0.8333333333333334
GSE104323	10X_all_cells	Cajal-Retzius	other_local_cell_type	developmental_regulatory_control	Developmental regulatory	7	535	0.6109523027165793	0.6255221422402695	0.7083333333333334
GSE104323	10X_all_cells	Immature-GABA	other_local_cell_type	developmental_regulatory_control	Developmental regulatory	7	1024	0.5119312769223014	0.5534288286581672	0.5625
GSE104323	10X_all_cells	GABA	other_local_cell_type	developmental_regulatory_control	Developmental regulatory	7	209	0.46544236257449745	0.49758609292567124	0.5
GSE104323	10X_all_cells	CA3-Pyr	pyramidal_comparator	developmental_regulatory_control	Developmental regulatory	7	532	0.5895162603986981	0.5831453205661112	0.6666666666666666
GSE104323	10X_all_cells	GC-juv	dentate_granule	developmental_regulatory_control	Developmental regulatory	7	3420	0.5119312769223014	0.5438212626765532	0.5625
GSE104323	10X_all_cells	GC-adult	dentate_granule	developmental_regulatory_control	Developmental regulatory	7	2613	0.35498666425542863	0.3656933765090227	0.3125
GSE104323	10X_all_cells	RGL	other_local_cell_type	neurite_cytoskeleton_morphogenesis	Neurite/cytoskeleton	13	199	0.3977295380798579	0.43043830366303154	0.08333333333333333
GSE104323	10X_all_cells	Astro-adult	other_local_cell_type	neurite_cytoskeleton_morphogenesis	Neurite/cytoskeleton	13	1232	0.3941510753387122	0.4010657140213906	0.041666666666666664
GSE104323	10X_all_cells	Astro-juv	other_local_cell_type	neurite_cytoskeleton_morphogenesis	Neurite/cytoskeleton	13	821	0.5134277993703404	0.5281357197225223	0.2916666666666667
GSE104323	10X_all_cells	Immature-Astro	other_local_cell_type	neurite_cytoskeleton_morphogenesis	Neurite/cytoskeleton	13	651	0.7867160516618295	0.8125096805013957	0.5416666666666666
GSE104323	10X_all_cells	RGL_young	other_local_cell_type	neurite_cytoskeleton_morphogenesis	Neurite/cytoskeleton	13	686	0.7483949357993346	0.7991960123527867	0.4583333333333333
GSE104323	10X_all_cells	Ependymal	other_local_cell_type	neurite_cytoskeleton_morphogenesis	Neurite/cytoskeleton	13	182	0.8969007309937342	0.94411658977899	0.6666666666666666
GSE104323	10X_all_cells	PVM	other_local_cell_type	neurite_cytoskeleton_morphogenesis	Neurite/cytoskeleton	13	79	0.42158760948784546	0.44097233554945303	0.125
GSE104323	10X_all_cells	MiCajal-Retziusoglia	other_local_cell_type	neurite_cytoskeleton_morphogenesis	Neurite/cytoskeleton	13	428	0.4889313585150686	0.5354212300130328	0.20833333333333334
GSE104323	10X_all_cells	Endothelial	other_local_cell_type	neurite_cytoskeleton_morphogenesis	Neurite/cytoskeleton	13	543	0.5491436153804249	0.6205573586068397	0.375
GSE104323	10X_all_cells	VLMC	other_local_cell_type	neurite_cytoskeleton_morphogenesis	Neurite/cytoskeleton	13	160	0.7269809850703726	0.788820599285869	0.4166666666666667
GSE104323	10X_all_cells	MOL	other_local_cell_type	neurite_cytoskeleton_morphogenesis	Neurite/cytoskeleton	13	704	0.47678316815281946	0.5286710853296216	0.16666666666666666
GSE104323	10X_all_cells	NFOL	other_local_cell_type	neurite_cytoskeleton_morphogenesis	Neurite/cytoskeleton	13	232	0.8553271651641685	0.8944522422952572	0.5833333333333334
GSE104323	10X_all_cells	OPC	other_local_cell_type	neurite_cytoskeleton_morphogenesis	Neurite/cytoskeleton	13	794	0.5422503724042952	0.6148256565712188	0.3333333333333333
GSE104323	10X_all_cells	nIPC-perin	other_local_cell_type	neurite_cytoskeleton_morphogenesis	Neurite/cytoskeleton	13	468	1.0736361098450646	1.0990350663608999	0.7916666666666666
GSE104323	10X_all_cells	nIPC	other_local_cell_type	neurite_cytoskeleton_morphogenesis	Neurite/cytoskeleton	13	353	1.0262172292933966	1.053085613908491	0.75
GSE104323	10X_all_cells	Neuroblast	dentate_granule	neurite_cytoskeleton_morphogenesis	Neurite/cytoskeleton	13	1381	0.9616709913562408	0.9650053777146088	0.7083333333333334
GSE104323	10X_all_cells	Immature-GC	dentate_granule	neurite_cytoskeleton_morphogenesis	Neurite/cytoskeleton	13	2419	1.280373662617128	1.2693463442667607	0.8333333333333334
GSE104323	10X_all_cells	Immature-Pyr	pyramidal_comparator	neurite_cytoskeleton_morphogenesis	Neurite/cytoskeleton	13	4520	1.7891069720045851	1.8551886122668495	1.0
GSE104323	10X_all_cells	Cajal-Retzius	other_local_cell_type	neurite_cytoskeleton_morphogenesis	Neurite/cytoskeleton	13	535	1.4101824628212893	1.3476519274444494	0.9166666666666666
GSE104323	10X_all_cells	Immature-GABA	other_local_cell_type	neurite_cytoskeleton_morphogenesis	Neurite/cytoskeleton	13	1024	1.6559017120785144	1.68177407114747	0.9583333333333334
GSE104323	10X_all_cells	GABA	other_local_cell_type	neurite_cytoskeleton_morphogenesis	Neurite/cytoskeleton	13	209	0.8964942328649174	0.9545122513161288	0.625
GSE104323	10X_all_cells	CA3-Pyr	pyramidal_comparator	neurite_cytoskeleton_morphogenesis	Neurite/cytoskeleton	13	532	1.3951285723814966	1.3814483456084403	0.875
GSE104323	10X_all_cells	GC-juv	dentate_granule	neurite_cytoskeleton_morphogenesis	Neurite/cytoskeleton	13	3420	0.7543150158867291	0.8018860252924631	0.5
GSE104323	10X_all_cells	GC-adult	dentate_granule	neurite_cytoskeleton_morphogenesis	Neurite/cytoskeleton	13	2613	0.5110607487036671	0.5314563743491187	0.25
GSE104323	10X_all_cells	RGL	other_local_cell_type	axon_guidance_adhesion	Axon guidance/adhesion	4	199	0.0	0.01981468105035596	0.3958333333333333
GSE104323	10X_all_cells	Astro-adult	other_local_cell_type	axon_guidance_adhesion	Axon guidance/adhesion	4	1232	0.0	0.009365498990475762	0.3958333333333333
GSE104323	10X_all_cells	Astro-juv	other_local_cell_type	axon_guidance_adhesion	Axon guidance/adhesion	4	821	0.0	0.0213019942860583	0.3958333333333333
GSE104323	10X_all_cells	Immature-Astro	other_local_cell_type	axon_guidance_adhesion	Axon guidance/adhesion	4	651	0.0	0.04838572920833065	0.3958333333333333
GSE104323	10X_all_cells	RGL_young	other_local_cell_type	axon_guidance_adhesion	Axon guidance/adhesion	4	686	0.0	0.036422932969995214	0.3958333333333333
GSE104323	10X_all_cells	Ependymal	other_local_cell_type	axon_guidance_adhesion	Axon guidance/adhesion	4	182	0.0	0.02816858975871783	0.3958333333333333
GSE104323	10X_all_cells	PVM	other_local_cell_type	axon_guidance_adhesion	Axon guidance/adhesion	4	79	0.0	0.008774014943796775	0.3958333333333333
GSE104323	10X_all_cells	MiCajal-Retziusoglia	other_local_cell_type	axon_guidance_adhesion	Axon guidance/adhesion	4	428	0.0	0.009785815052041513	0.3958333333333333
GSE104323	10X_all_cells	Endothelial	other_local_cell_type	axon_guidance_adhesion	Axon guidance/adhesion	4	543	0.0	0.06367082116875583	0.3958333333333333
GSE104323	10X_all_cells	VLMC	other_local_cell_type	axon_guidance_adhesion	Axon guidance/adhesion	4	160	0.0	0.016879176275792725	0.3958333333333333
GSE104323	10X_all_cells	MOL	other_local_cell_type	axon_guidance_adhesion	Axon guidance/adhesion	4	704	0.0	0.0312235298042738	0.3958333333333333
GSE104323	10X_all_cells	NFOL	other_local_cell_type	axon_guidance_adhesion	Axon guidance/adhesion	4	232	0.0	0.0642332545307818	0.3958333333333333
GSE104323	10X_all_cells	OPC	other_local_cell_type	axon_guidance_adhesion	Axon guidance/adhesion	4	794	0.0	0.03699471745012591	0.3958333333333333
GSE104323	10X_all_cells	nIPC-perin	other_local_cell_type	axon_guidance_adhesion	Axon guidance/adhesion	4	468	0.0	0.03505714055302371	0.3958333333333333
GSE104323	10X_all_cells	nIPC	other_local_cell_type	axon_guidance_adhesion	Axon guidance/adhesion	4	353	0.0	0.12786746398366303	0.3958333333333333
GSE104323	10X_all_cells	Neuroblast	dentate_granule	axon_guidance_adhesion	Axon guidance/adhesion	4	1381	0.0	0.09205740218882287	0.3958333333333333
GSE104323	10X_all_cells	Immature-GC	dentate_granule	axon_guidance_adhesion	Axon guidance/adhesion	4	2419	0.0	0.08171127007086759	0.3958333333333333
GSE104323	10X_all_cells	Immature-Pyr	pyramidal_comparator	axon_guidance_adhesion	Axon guidance/adhesion	4	4520	0.17328679513998632	0.15624805705373712	0.8541666666666666
GSE104323	10X_all_cells	Cajal-Retzius	other_local_cell_type	axon_guidance_adhesion	Axon guidance/adhesion	4	535	0.27465307216702745	0.2866829070012651	0.9583333333333334
GSE104323	10X_all_cells	Immature-GABA	other_local_cell_type	axon_guidance_adhesion	Axon guidance/adhesion	4	1024	0.17328679513998632	0.19527760394843732	0.8541666666666666
GSE104323	10X_all_cells	GABA	other_local_cell_type	axon_guidance_adhesion	Axon guidance/adhesion	4	209	0.17328679513998632	0.2532619322572297	0.8541666666666666
GSE104323	10X_all_cells	CA3-Pyr	pyramidal_comparator	axon_guidance_adhesion	Axon guidance/adhesion	4	532	0.40235947810852507	0.44641280265982325	1.0
GSE104323	10X_all_cells	GC-juv	dentate_granule	axon_guidance_adhesion	Axon guidance/adhesion	4	3420	0.17328679513998632	0.13850955328945336	0.8541666666666666
GSE104323	10X_all_cells	GC-adult	dentate_granule	axon_guidance_adhesion	Axon guidance/adhesion	4	2613	0.0	0.09299593613790129	0.3958333333333333
GSE104323	10X_all_cells	RGL	other_local_cell_type	synaptic_excitability_maturation	Synaptic/excitability	12	199	0.057762265046662105	0.06432492821833075	0.20833333333333334
GSE104323	10X_all_cells	Astro-adult	other_local_cell_type	synaptic_excitability_maturation	Synaptic/excitability	12	1232	0.11552453009332421	0.10723477265902778	0.5625
GSE104323	10X_all_cells	Astro-juv	other_local_cell_type	synaptic_excitability_maturation	Synaptic/excitability	12	821	0.1493132891023379	0.16863001730950425	0.6666666666666666
GSE104323	10X_all_cells	Immature-Astro	other_local_cell_type	synaptic_excitability_maturation	Synaptic/excitability	12	651	0.11552453009332421	0.11842610207528913	0.5625
GSE104323	10X_all_cells	RGL_young	other_local_cell_type	synaptic_excitability_maturation	Synaptic/excitability	12	686	0.057762265046662105	0.07528046200927502	0.20833333333333334
GSE104323	10X_all_cells	Ependymal	other_local_cell_type	synaptic_excitability_maturation	Synaptic/excitability	12	182	0.057762265046662105	0.08560885252945086	0.20833333333333334
GSE104323	10X_all_cells	PVM	other_local_cell_type	synaptic_excitability_maturation	Synaptic/excitability	12	79	0.057762265046662105	0.07619540420353783	0.20833333333333334
GSE104323	10X_all_cells	MiCajal-Retziusoglia	other_local_cell_type	synaptic_excitability_maturation	Synaptic/excitability	12	428	0.057762265046662105	0.06248765367721539	0.20833333333333334
GSE104323	10X_all_cells	Endothelial	other_local_cell_type	synaptic_excitability_maturation	Synaptic/excitability	12	543	0.057762265046662105	0.07982302912146377	0.20833333333333334
GSE104323	10X_all_cells	VLMC	other_local_cell_type	synaptic_excitability_maturation	Synaptic/excitability	12	160	0.057762265046662105	0.06702597355000359	0.20833333333333334
GSE104323	10X_all_cells	MOL	other_local_cell_type	synaptic_excitability_maturation	Synaptic/excitability	12	704	0.09155102405567582	0.10997280663741109	0.4375
GSE104323	10X_all_cells	NFOL	other_local_cell_type	synaptic_excitability_maturation	Synaptic/excitability	12	232	0.09155102405567582	0.08842185653564266	0.4375
GSE104323	10X_all_cells	OPC	other_local_cell_type	synaptic_excitability_maturation	Synaptic/excitability	12	794	0.11552453009332421	0.12108529473419048	0.5625
GSE104323	10X_all_cells	nIPC-perin	other_local_cell_type	synaptic_excitability_maturation	Synaptic/excitability	12	468	0.057762265046662105	0.08884793190855338	0.20833333333333334
GSE104323	10X_all_cells	nIPC	other_local_cell_type	synaptic_excitability_maturation	Synaptic/excitability	12	353	0.057762265046662105	0.10188644678139974	0.20833333333333334
GSE104323	10X_all_cells	Neuroblast	dentate_granule	synaptic_excitability_maturation	Synaptic/excitability	12	1381	0.11552453009332421	0.14742038087841883	0.5625
GSE104323	10X_all_cells	Immature-GC	dentate_granule	synaptic_excitability_maturation	Synaptic/excitability	12	2419	0.37498413919418877	0.41785027644719286	0.8333333333333334
GSE104323	10X_all_cells	Immature-Pyr	pyramidal_comparator	synaptic_excitability_maturation	Synaptic/excitability	12	4520	0.43274640424085087	0.4786842013407162	0.875
GSE104323	10X_all_cells	Cajal-Retzius	other_local_cell_type	synaptic_excitability_maturation	Synaptic/excitability	12	535	0.2648378191956621	0.27963033240990837	0.7291666666666666
GSE104323	10X_all_cells	Immature-GABA	other_local_cell_type	synaptic_excitability_maturation	Synaptic/excitability	12	1024	0.2648378191956621	0.302000438883657	0.7291666666666666
GSE104323	10X_all_cells	GABA	other_local_cell_type	synaptic_excitability_maturation	Synaptic/excitability	12	209	0.34657359027997264	0.3743582937923362	0.7916666666666666
GSE104323	10X_all_cells	CA3-Pyr	pyramidal_comparator	synaptic_excitability_maturation	Synaptic/excitability	12	532	0.8910683482849626	0.8585859858119177	1.0
GSE104323	10X_all_cells	GC-juv	dentate_granule	synaptic_excitability_maturation	Synaptic/excitability	12	3420	0.5763102873859428	0.6063375699796631	0.9583333333333334
GSE104323	10X_all_cells	GC-adult	dentate_granule	synaptic_excitability_maturation	Synaptic/excitability	12	2613	0.45461009294647514	0.46757135935843963	0.9166666666666666
GSE122357	P0	Granule precursor	cerebellar_granule	developmental_regulatory_control	Developmental regulatory	7	2553	0.8310158799947435	0.8457191920537589	0.875
GSE122357	P0	Granule cells	cerebellar_granule	developmental_regulatory_control	Developmental regulatory	7	2814	0.7099733285108573	0.7108079921525593	0.625
GSE122357	P0	Interneuron	other_local_cell_type	developmental_regulatory_control	Developmental regulatory	7	418	0.8883703118923971	0.8939250404122483	1.0
GSE122357	P0	Microglia	other_local_cell_type	developmental_regulatory_control	Developmental regulatory	7	112	0.15694461266687282	0.2187864038765812	0.25
GSE122357	P0	Astrocytes	other_local_cell_type	developmental_regulatory_control	Developmental regulatory	7	1230	0.5698548637948964	0.5939792572676561	0.5
GSE122357	P0	Oligodendrocytes	other_local_cell_type	developmental_regulatory_control	Developmental regulatory	7	44	0.433458970588865	0.46619615621793553	0.375
GSE122357	P0	Purkinje cells	purkinje_comparator	developmental_regulatory_control	Developmental regulatory	7	92	0.09902102579427789	0.18248235929594794	0.125
GSE122357	P0	Endothelial cells	other_local_cell_type	developmental_regulatory_control	Developmental regulatory	7	15	0.7569024809354339	0.808488430677859	0.75
GSE122357	P0	Granule precursor	cerebellar_granule	neurite_cytoskeleton_morphogenesis	Neurite/cytoskeleton	13	2553	1.3953358122909836	1.44752249343792	0.75
GSE122357	P0	Granule cells	cerebellar_granule	neurite_cytoskeleton_morphogenesis	Neurite/cytoskeleton	13	2814	1.7941161454444647	1.775287691476874	1.0
GSE122357	P0	Interneuron	other_local_cell_type	neurite_cytoskeleton_morphogenesis	Neurite/cytoskeleton	13	418	1.3347208321311803	1.316951109484206	0.625
GSE122357	P0	Microglia	other_local_cell_type	neurite_cytoskeleton_morphogenesis	Neurite/cytoskeleton	13	112	1.043807111555512	1.1123558394230655	0.25
GSE122357	P0	Astrocytes	other_local_cell_type	neurite_cytoskeleton_morphogenesis	Neurite/cytoskeleton	13	1230	0.9165278851579556	0.9768563014025241	0.125
GSE122357	P0	Oligodendrocytes	other_local_cell_type	neurite_cytoskeleton_morphogenesis	Neurite/cytoskeleton	13	44	1.0833020493943302	1.1487181851853456	0.375
GSE122357	P0	Purkinje cells	purkinje_comparator	neurite_cytoskeleton_morphogenesis	Neurite/cytoskeleton	13	92	1.308594454060405	1.3466592079142103	0.5
GSE122357	P0	Endothelial cells	other_local_cell_type	neurite_cytoskeleton_morphogenesis	Neurite/cytoskeleton	13	15	1.479194522612644	1.525473861895216	0.875
GSE122357	P0	Granule precursor	cerebellar_granule	axon_guidance_adhesion	Axon guidance/adhesion	4	2553	0.27465307216702745	0.30772983255867187	0.8125
GSE122357	P0	Granule cells	cerebellar_granule	axon_guidance_adhesion	Axon guidance/adhesion	4	2814	0.17328679513998632	0.23624811014876293	0.5625
GSE122357	P0	Interneuron	other_local_cell_type	axon_guidance_adhesion	Axon guidance/adhesion	4	418	0.17328679513998632	0.16946482895020012	0.5625
GSE122357	P0	Microglia	other_local_cell_type	axon_guidance_adhesion	Axon guidance/adhesion	4	112	0.0	0.0401109613692401	0.25
GSE122357	P0	Astrocytes	other_local_cell_type	axon_guidance_adhesion	Axon guidance/adhesion	4	1230	0.0	0.05592272294803407	0.25
GSE122357	P0	Oligodendrocytes	other_local_cell_type	axon_guidance_adhesion	Axon guidance/adhesion	4	44	0.0	0.06992471712092964	0.25
GSE122357	P0	Purkinje cells	purkinje_comparator	axon_guidance_adhesion	Axon guidance/adhesion	4	92	0.34657359027997264	0.33984918502186223	1.0
GSE122357	P0	Endothelial cells	other_local_cell_type	axon_guidance_adhesion	Axon guidance/adhesion	4	15	0.27465307216702745	0.2628747686013891	0.8125
GSE122357	P0	Granule precursor	cerebellar_granule	synaptic_excitability_maturation	Synaptic/excitability	12	2553	0.11552453009332421	0.1292618435869611	0.5625
GSE122357	P0	Granule cells	cerebellar_granule	synaptic_excitability_maturation	Synaptic/excitability	12	2814	0.2648378191956621	0.26876577279461294	1.0
GSE122357	P0	Interneuron	other_local_cell_type	synaptic_excitability_maturation	Synaptic/excitability	12	418	0.057762265046662105	0.08441798240447553	0.25
GSE122357	P0	Microglia	other_local_cell_type	synaptic_excitability_maturation	Synaptic/excitability	12	112	0.057762265046662105	0.056983666397585266	0.25
GSE122357	P0	Astrocytes	other_local_cell_type	synaptic_excitability_maturation	Synaptic/excitability	12	1230	0.057762265046662105	0.07618871355350218	0.25
GSE122357	P0	Oligodendrocytes	other_local_cell_type	synaptic_excitability_maturation	Synaptic/excitability	12	44	0.11552453009332421	0.13103768568272536	0.5625
GSE122357	P0	Purkinje cells	purkinje_comparator	synaptic_excitability_maturation	Synaptic/excitability	12	92	0.18258444311141173	0.19975608887457633	0.875
GSE122357	P0	Endothelial cells	other_local_cell_type	synaptic_excitability_maturation	Synaptic/excitability	12	15	0.1493132891023379	0.18047964778662756	0.75
GSE122357	P8a	Granule cells	cerebellar_granule	developmental_regulatory_control	Developmental regulatory	7	1367	1.0156970661531817	1.0202940884412623	0.75
GSE122357	P8a	Granule precursor	cerebellar_granule	developmental_regulatory_control	Developmental regulatory	7	3254	1.0961075130740414	1.1112162513075674	0.875
GSE122357	P8a	Purkinje cells	purkinje_comparator	developmental_regulatory_control	Developmental regulatory	7	86	0.2559656384611507	0.3128291457905604	0.1875
GSE122357	P8a	Microglia	other_local_cell_type	developmental_regulatory_control	Developmental regulatory	7	102	0.2559656384611507	0.2980596978743122	0.1875
GSE122357	P8a	Interneuron	other_local_cell_type	developmental_regulatory_control	Developmental regulatory	7	570	1.131541188503731	1.1680532703379845	1.0
GSE122357	P8a	Oligodendrocytes	other_local_cell_type	developmental_regulatory_control	Developmental regulatory	7	173	0.5941261547656673	0.6866623761627804	0.5
GSE122357	P8a	Astrocytes	other_local_cell_type	developmental_regulatory_control	Developmental regulatory	7	292	0.9080153800994131	0.9185408055174142	0.625
GSE122357	P8a	Endothelial cells	other_local_cell_type	developmental_regulatory_control	Developmental regulatory	7	8	0.3503767698884592	0.3421855266272632	0.375
GSE122357	P8a	Granule cells	cerebellar_granule	neurite_cytoskeleton_morphogenesis	Neurite/cytoskeleton	13	1367	1.9903709350481027	1.9830214086209668	1.0
GSE122357	P8a	Granule precursor	cerebellar_granule	neurite_cytoskeleton_morphogenesis	Neurite/cytoskeleton	13	3254	1.8437419789182088	1.8355563933305952	0.75
GSE122357	P8a	Purkinje cells	purkinje_comparator	neurite_cytoskeleton_morphogenesis	Neurite/cytoskeleton	13	86	1.85572788707772	1.7875882315505072	0.875
GSE122357	P8a	Microglia	other_local_cell_type	neurite_cytoskeleton_morphogenesis	Neurite/cytoskeleton	13	102	1.4048842252125777	1.3987479077555218	0.375
GSE122357	P8a	Interneuron	other_local_cell_type	neurite_cytoskeleton_morphogenesis	Neurite/cytoskeleton	13	570	1.5760602974835152	1.6021687390501838	0.5
GSE122357	P8a	Oligodendrocytes	other_local_cell_type	neurite_cytoskeleton_morphogenesis	Neurite/cytoskeleton	13	173	1.6564716962395887	1.714790461171141	0.625
GSE122357	P8a	Astrocytes	other_local_cell_type	neurite_cytoskeleton_morphogenesis	Neurite/cytoskeleton	13	292	1.4011141500027575	1.419590530079384	0.25
GSE122357	P8a	Endothelial cells	other_local_cell_type	neurite_cytoskeleton_morphogenesis	Neurite/cytoskeleton	13	8	1.3912878069148384	1.3260549116759572	0.125
GSE122357	P8a	Granule cells	cerebellar_granule	axon_guidance_adhesion	Axon guidance/adhesion	4	1367	0.17328679513998632	0.2252040223193043	0.625
GSE122357	P8a	Granule precursor	cerebellar_granule	axon_guidance_adhesion	Axon guidance/adhesion	4	3254	0.27465307216702745	0.2916778494172753	0.875
GSE122357	P8a	Purkinje cells	purkinje_comparator	axon_guidance_adhesion	Axon guidance/adhesion	4	86	0.6404954974254073	0.6429063851513293	1.0
GSE122357	P8a	Microglia	other_local_cell_type	axon_guidance_adhesion	Axon guidance/adhesion	4	102	0.0	0.023784462078037336	0.25
GSE122357	P8a	Interneuron	other_local_cell_type	axon_guidance_adhesion	Axon guidance/adhesion	4	570	0.17328679513998632	0.24732617423419992	0.625
GSE122357	P8a	Oligodendrocytes	other_local_cell_type	axon_guidance_adhesion	Axon guidance/adhesion	4	173	0.17328679513998632	0.13361190739847745	0.625
GSE122357	P8a	Astrocytes	other_local_cell_type	axon_guidance_adhesion	Axon guidance/adhesion	4	292	0.0	0.08101240939768964	0.25
GSE122357	P8a	Endothelial cells	other_local_cell_type	axon_guidance_adhesion	Axon guidance/adhesion	4	8	0.0	0.04332169878499658	0.25
GSE122357	P8a	Granule cells	cerebellar_granule	synaptic_excitability_maturation	Synaptic/excitability	12	1367	0.3226000842423242	0.33614007950121066	0.875
GSE122357	P8a	Granule precursor	cerebellar_granule	synaptic_excitability_maturation	Synaptic/excitability	12	3254	0.20707555414900003	0.22775468893921047	0.75
GSE122357	P8a	Purkinje cells	purkinje_comparator	synaptic_excitability_maturation	Synaptic/excitability	12	86	0.34657359027997264	0.33620053696396235	1.0
GSE122357	P8a	Microglia	other_local_cell_type	synaptic_excitability_maturation	Synaptic/excitability	12	102	0.057762265046662105	0.07352258066818736	0.125
GSE122357	P8a	Interneuron	other_local_cell_type	synaptic_excitability_maturation	Synaptic/excitability	12	570	0.09155102405567582	0.1021399496048816	0.3125
GSE122357	P8a	Oligodendrocytes	other_local_cell_type	synaptic_excitability_maturation	Synaptic/excitability	12	173	0.17328679513998632	0.18635349095309797	0.625
GSE122357	P8a	Astrocytes	other_local_cell_type	synaptic_excitability_maturation	Synaptic/excitability	12	292	0.11552453009332421	0.1357478664180502	0.5
GSE122357	P8a	Endothelial cells	other_local_cell_type	synaptic_excitability_maturation	Synaptic/excitability	12	8	0.09155102405567582	0.07888023942729568	0.3125
GSE122357	P8b	Granule precursor	cerebellar_granule	developmental_regulatory_control	Developmental regulatory	7	4309	0.9248415280503249	0.941924903157949	0.875
GSE122357	P8b	Granule cells	cerebellar_granule	developmental_regulatory_control	Developmental regulatory	7	1883	0.8284418077800753	0.8438380915255791	0.75
GSE122357	P8b	Interneuron	other_local_cell_type	developmental_regulatory_control	Developmental regulatory	7	828	0.9502202609165221	0.9731157578505112	1.0
GSE122357	P8b	Astrocytes	other_local_cell_type	developmental_regulatory_control	Developmental regulatory	7	512	0.7079611230132361	0.7170410489400422	0.625
GSE122357	P8b	Purkinje cells	purkinje_comparator	developmental_regulatory_control	Developmental regulatory	7	78	0.29706307738283366	0.30655547859312865	0.375
GSE122357	P8b	Oligodendrocytes	other_local_cell_type	developmental_regulatory_control	Developmental regulatory	7	238	0.4540076900497065	0.5274451002261406	0.5
GSE122357	P8b	Microglia	other_local_cell_type	developmental_regulatory_control	Developmental regulatory	7	123	0.19804205158855578	0.32233604704943947	0.125
GSE122357	P8b	Endothelial cells	other_local_cell_type	developmental_regulatory_control	Developmental regulatory	7	18	0.2429426701187254	0.3119139197215542	0.25
GSE122357	P8b	Granule precursor	cerebellar_granule	neurite_cytoskeleton_morphogenesis	Neurite/cytoskeleton	13	4309	1.6127838600018687	1.613774264290398	0.75
GSE122357	P8b	Granule cells	cerebellar_granule	neurite_cytoskeleton_morphogenesis	Neurite/cytoskeleton	13	1883	1.781505408068861	1.7774979200809828	0.875
GSE122357	P8b	Interneuron	other_local_cell_type	neurite_cytoskeleton_morphogenesis	Neurite/cytoskeleton	13	828	1.3729094203295422	1.3975335627402132	0.625
GSE122357	P8b	Astrocytes	other_local_cell_type	neurite_cytoskeleton_morphogenesis	Neurite/cytoskeleton	13	512	1.0142169024875058	1.0771346913419704	0.125
GSE122357	P8b	Purkinje cells	purkinje_comparator	neurite_cytoskeleton_morphogenesis	Neurite/cytoskeleton	13	78	1.8172723947098164	1.7319484559653204	1.0
GSE122357	P8b	Oligodendrocytes	other_local_cell_type	neurite_cytoskeleton_morphogenesis	Neurite/cytoskeleton	13	238	1.3301230346237278	1.3589482019702688	0.5
GSE122357	P8b	Microglia	other_local_cell_type	neurite_cytoskeleton_morphogenesis	Neurite/cytoskeleton	13	123	1.1891218759073945	1.2544393692688447	0.25
GSE122357	P8b	Endothelial cells	other_local_cell_type	neurite_cytoskeleton_morphogenesis	Neurite/cytoskeleton	13	18	1.2700712666330656	1.2585945459430659	0.375
GSE122357	P8b	Granule precursor	cerebellar_granule	axon_guidance_adhesion	Axon guidance/adhesion	4	4309	0.17328679513998632	0.24837125316663805	0.75
GSE122357	P8b	Granule cells	cerebellar_granule	axon_guidance_adhesion	Axon guidance/adhesion	4	1883	0.17328679513998632	0.17780265244240323	0.75
GSE122357	P8b	Interneuron	other_local_cell_type	axon_guidance_adhesion	Axon guidance/adhesion	4	828	0.17328679513998632	0.1643221063318351	0.75
GSE122357	P8b	Astrocytes	other_local_cell_type	axon_guidance_adhesion	Axon guidance/adhesion	4	512	0.0	0.06182863648335712	0.3125
GSE122357	P8b	Purkinje cells	purkinje_comparator	axon_guidance_adhesion	Axon guidance/adhesion	4	78	0.5345832648770069	0.5251471783605653	1.0
GSE122357	P8b	Oligodendrocytes	other_local_cell_type	axon_guidance_adhesion	Axon guidance/adhesion	4	238	0.0	0.10037010077915338	0.3125
GSE122357	P8b	Microglia	other_local_cell_type	axon_guidance_adhesion	Axon guidance/adhesion	4	123	0.0	0.04439209696001515	0.3125
GSE122357	P8b	Endothelial cells	other_local_cell_type	axon_guidance_adhesion	Axon guidance/adhesion	4	18	0.0	0.028881132523331052	0.3125
GSE122357	P8b	Granule precursor	cerebellar_granule	synaptic_excitability_maturation	Synaptic/excitability	12	4309	0.17328679513998632	0.17841293196255772	0.75
GSE122357	P8b	Granule cells	cerebellar_granule	synaptic_excitability_maturation	Synaptic/excitability	12	1883	0.2648378191956621	0.2817246899516182	0.875
GSE122357	P8b	Interneuron	other_local_cell_type	synaptic_excitability_maturation	Synaptic/excitability	12	828	0.057762265046662105	0.08016561613267711	0.25
GSE122357	P8b	Astrocytes	other_local_cell_type	synaptic_excitability_maturation	Synaptic/excitability	12	512	0.09155102405567582	0.11233417098160506	0.5
GSE122357	P8b	Purkinje cells	purkinje_comparator	synaptic_excitability_maturation	Synaptic/excitability	12	78	0.28881132523331055	0.27986501886162074	1.0
GSE122357	P8b	Oligodendrocytes	other_local_cell_type	synaptic_excitability_maturation	Synaptic/excitability	12	238	0.13411982603617503	0.150967736836364	0.625
GSE122357	P8b	Microglia	other_local_cell_type	synaptic_excitability_maturation	Synaptic/excitability	12	123	0.057762265046662105	0.09693970253769263	0.25
GSE122357	P8b	Endothelial cells	other_local_cell_type	synaptic_excitability_maturation	Synaptic/excitability	12	18	0.057762265046662105	0.12243556430701642	0.25
