dataset	sample	branch	source_group	module_id	module_label	module_family	n_defined_genes	n_present_genes	present_genes	missing_genes	n_cells	median_module_score	mean_module_score	within_sample_module_rank	focus_state	state_order	state_bin	state_label
GSE104323	10X_all_cells	dentate	RGL	deep_neural_progenitor	Deep neural progenitor	deep_origin	13	13	Sox1,Sox2,Sox3,Nes,Vim,Hes1,Hes5,Pax6,Hmga2,Msi1,Prom1,Notch1,Ascl1		199	0.21327605555690624	0.22628152273687072	0.7916666666666666	True	1.0	early_progenitor	RGL
GSE104323	10X_all_cells	dentate	Astro-adult	deep_neural_progenitor	Deep neural progenitor	deep_origin	13	13	Sox1,Sox2,Sox3,Nes,Vim,Hes1,Hes5,Pax6,Hmga2,Msi1,Prom1,Notch1,Ascl1		1232	0.13782765147908116	0.13666857505141025	0.6041666666666666	False		other	Astro-adult
GSE104323	10X_all_cells	dentate	Astro-juv	deep_neural_progenitor	Deep neural progenitor	deep_origin	13	13	Sox1,Sox2,Sox3,Nes,Vim,Hes1,Hes5,Pax6,Hmga2,Msi1,Prom1,Notch1,Ascl1		821	0.1771219302303112	0.18479446658306253	0.7083333333333334	False		other	Astro-juv
GSE104323	10X_all_cells	dentate	Immature-Astro	deep_neural_progenitor	Deep neural progenitor	deep_origin	13	13	Sox1,Sox2,Sox3,Nes,Vim,Hes1,Hes5,Pax6,Hmga2,Msi1,Prom1,Notch1,Ascl1		651	0.35110370703598737	0.3574699888757172	0.9166666666666666	False		other	Immature-Astro
GSE104323	10X_all_cells	dentate	RGL_young	deep_neural_progenitor	Deep neural progenitor	deep_origin	13	13	Sox1,Sox2,Sox3,Nes,Vim,Hes1,Hes5,Pax6,Hmga2,Msi1,Prom1,Notch1,Ascl1		686	0.3903979857872174	0.41404535284244065	0.9583333333333334	True	0.0	early_progenitor	RGL_young
GSE104323	10X_all_cells	dentate	Ependymal	deep_neural_progenitor	Deep neural progenitor	deep_origin	13	13	Sox1,Sox2,Sox3,Nes,Vim,Hes1,Hes5,Pax6,Hmga2,Msi1,Prom1,Notch1,Ascl1		182	0.3068449266587904	0.32060145152707975	0.875	False		other	Ependymal
GSE104323	10X_all_cells	dentate	PVM	deep_neural_progenitor	Deep neural progenitor	deep_origin	13	13	Sox1,Sox2,Sox3,Nes,Vim,Hes1,Hes5,Pax6,Hmga2,Msi1,Prom1,Notch1,Ascl1		79	0.0	0.038586466252145145	0.16666666666666666	False		other	PVM
GSE104323	10X_all_cells	dentate	MiCajal-Retziusoglia	deep_neural_progenitor	Deep neural progenitor	deep_origin	13	13	Sox1,Sox2,Sox3,Nes,Vim,Hes1,Hes5,Pax6,Hmga2,Msi1,Prom1,Notch1,Ascl1		428	0.0	0.033107793861550903	0.16666666666666666	False		other	MiCajal-Retziusoglia
GSE104323	10X_all_cells	dentate	Endothelial	deep_neural_progenitor	Deep neural progenitor	deep_origin	13	13	Sox1,Sox2,Sox3,Nes,Vim,Hes1,Hes5,Pax6,Hmga2,Msi1,Prom1,Notch1,Ascl1		543	0.1911466653683077	0.2185739927802876	0.75	False		other	Endothelial
GSE104323	10X_all_cells	dentate	VLMC	deep_neural_progenitor	Deep neural progenitor	deep_origin	13	13	Sox1,Sox2,Sox3,Nes,Vim,Hes1,Hes5,Pax6,Hmga2,Msi1,Prom1,Notch1,Ascl1		160	0.15995704166767968	0.17722610027685617	0.6666666666666666	False		other	VLMC
GSE104323	10X_all_cells	dentate	MOL	deep_neural_progenitor	Deep neural progenitor	deep_origin	13	13	Sox1,Sox2,Sox3,Nes,Vim,Hes1,Hes5,Pax6,Hmga2,Msi1,Prom1,Notch1,Ascl1		704	0.0	0.03454016480158114	0.16666666666666666	False		other	MOL
GSE104323	10X_all_cells	dentate	NFOL	deep_neural_progenitor	Deep neural progenitor	deep_origin	13	13	Sox1,Sox2,Sox3,Nes,Vim,Hes1,Hes5,Pax6,Hmga2,Msi1,Prom1,Notch1,Ascl1		232	0.05331901388922656	0.06298493267267583	0.4375	False		other	NFOL
GSE104323	10X_all_cells	dentate	OPC	deep_neural_progenitor	Deep neural progenitor	deep_origin	13	13	Sox1,Sox2,Sox3,Nes,Vim,Hes1,Hes5,Pax6,Hmga2,Msi1,Prom1,Notch1,Ascl1		794	0.13782765147908116	0.1422661313608077	0.6041666666666666	False		other	OPC
GSE104323	10X_all_cells	dentate	nIPC-perin	deep_neural_progenitor	Deep neural progenitor	deep_origin	13	13	Sox1,Sox2,Sox3,Nes,Vim,Hes1,Hes5,Pax6,Hmga2,Msi1,Prom1,Notch1,Ascl1		468	0.47538441260778586	0.5075630403893023	1.0	True	3.0	intermediate_progenitor	nIPC-perin
GSE104323	10X_all_cells	dentate	nIPC	deep_neural_progenitor	Deep neural progenitor	deep_origin	13	13	Sox1,Sox2,Sox3,Nes,Vim,Hes1,Hes5,Pax6,Hmga2,Msi1,Prom1,Notch1,Ascl1		353	0.2444656792575343	0.2720430247223363	0.8333333333333334	True	2.0	intermediate_progenitor	nIPC
GSE104323	10X_all_cells	dentate	Neuroblast	deep_neural_progenitor	Deep neural progenitor	deep_origin	13	13	Sox1,Sox2,Sox3,Nes,Vim,Hes1,Hes5,Pax6,Hmga2,Msi1,Prom1,Notch1,Ascl1		1381	0.05331901388922656	0.10677140965372756	0.4375	True	4.0	postmitotic_immature	Neuroblast
GSE104323	10X_all_cells	dentate	Immature-GC	deep_neural_progenitor	Deep neural progenitor	deep_origin	13	13	Sox1,Sox2,Sox3,Nes,Vim,Hes1,Hes5,Pax6,Hmga2,Msi1,Prom1,Notch1,Ascl1		2419	0.0	0.02080628822959741	0.16666666666666666	True	5.0	postmitotic_immature	Immature-GC
GSE104323	10X_all_cells	dentate	Immature-Pyr	deep_neural_progenitor	Deep neural progenitor	deep_origin	13	13	Sox1,Sox2,Sox3,Nes,Vim,Hes1,Hes5,Pax6,Hmga2,Msi1,Prom1,Notch1,Ascl1		4520	0.05331901388922656	0.058004267995181234	0.4375	False		other	Immature-Pyr
GSE104323	10X_all_cells	dentate	Cajal-Retzius	deep_neural_progenitor	Deep neural progenitor	deep_origin	13	13	Sox1,Sox2,Sox3,Nes,Vim,Hes1,Hes5,Pax6,Hmga2,Msi1,Prom1,Notch1,Ascl1		535	0.05331901388922656	0.05629615999675037	0.4375	False		other	Cajal-Retzius
GSE104323	10X_all_cells	dentate	Immature-GABA	deep_neural_progenitor	Deep neural progenitor	deep_origin	13	13	Sox1,Sox2,Sox3,Nes,Vim,Hes1,Hes5,Pax6,Hmga2,Msi1,Prom1,Notch1,Ascl1		1024	0.05331901388922656	0.07275481004963609	0.4375	False		other	Immature-GABA
GSE104323	10X_all_cells	dentate	GABA	deep_neural_progenitor	Deep neural progenitor	deep_origin	13	13	Sox1,Sox2,Sox3,Nes,Vim,Hes1,Hes5,Pax6,Hmga2,Msi1,Prom1,Notch1,Ascl1		209	0.05331901388922656	0.051852517756342836	0.4375	False		other	GABA
GSE104323	10X_all_cells	dentate	CA3-Pyr	deep_neural_progenitor	Deep neural progenitor	deep_origin	13	13	Sox1,Sox2,Sox3,Nes,Vim,Hes1,Hes5,Pax6,Hmga2,Msi1,Prom1,Notch1,Ascl1		532	0.0	0.027243573818618253	0.16666666666666666	False		other	CA3-Pyr
GSE104323	10X_all_cells	dentate	GC-juv	deep_neural_progenitor	Deep neural progenitor	deep_origin	13	13	Sox1,Sox2,Sox3,Nes,Vim,Hes1,Hes5,Pax6,Hmga2,Msi1,Prom1,Notch1,Ascl1		3420	0.0	0.009755742143430052	0.16666666666666666	True	6.0	mature_granule	GC-juv
GSE104323	10X_all_cells	dentate	GC-adult	deep_neural_progenitor	Deep neural progenitor	deep_origin	13	13	Sox1,Sox2,Sox3,Nes,Vim,Hes1,Hes5,Pax6,Hmga2,Msi1,Prom1,Notch1,Ascl1		2613	0.0	0.004781771801417173	0.16666666666666666	True	7.0	mature_granule	GC-adult
GSE104323	10X_all_cells	dentate	RGL	anterior_telencephalic_pattern	Anterior/telencephalic pattern	regional_origin	14	14	Foxg1,Emx1,Emx2,Lhx2,Six3,Otx2,Pax6,Eomes,Tbr1,Zbtb20,Tcf7l2,Lef1,Wnt3a,Wnt7a		199	0.2559656384611507	0.2688180307120749	0.6666666666666666	True	1.0	early_progenitor	RGL
GSE104323	10X_all_cells	dentate	Astro-adult	anterior_telencephalic_pattern	Anterior/telencephalic pattern	regional_origin	14	14	Foxg1,Emx1,Emx2,Lhx2,Six3,Otx2,Pax6,Eomes,Tbr1,Zbtb20,Tcf7l2,Lef1,Wnt3a,Wnt7a		1232	0.16447036378528895	0.16924573580790944	0.5	False		other	Astro-adult
GSE104323	10X_all_cells	dentate	Astro-juv	anterior_telencephalic_pattern	Anterior/telencephalic pattern	regional_origin	14	14	Foxg1,Emx1,Emx2,Lhx2,Six3,Otx2,Pax6,Eomes,Tbr1,Zbtb20,Tcf7l2,Lef1,Wnt3a,Wnt7a		821	0.18850409497251847	0.19530595427691816	0.5416666666666666	False		other	Astro-juv
GSE104323	10X_all_cells	dentate	Immature-Astro	anterior_telencephalic_pattern	Anterior/telencephalic pattern	regional_origin	14	14	Foxg1,Emx1,Emx2,Lhx2,Six3,Otx2,Pax6,Eomes,Tbr1,Zbtb20,Tcf7l2,Lef1,Wnt3a,Wnt7a		651	0.26349138957956686	0.27522512552382766	0.7083333333333334	False		other	Immature-Astro
GSE104323	10X_all_cells	dentate	RGL_young	anterior_telencephalic_pattern	Anterior/telencephalic pattern	regional_origin	14	14	Foxg1,Emx1,Emx2,Lhx2,Six3,Otx2,Pax6,Eomes,Tbr1,Zbtb20,Tcf7l2,Lef1,Wnt3a,Wnt7a		686	0.34196369591300335	0.35650176828340174	0.8333333333333334	True	0.0	early_progenitor	RGL_young
GSE104323	10X_all_cells	dentate	Ependymal	anterior_telencephalic_pattern	Anterior/telencephalic pattern	regional_origin	14	14	Foxg1,Emx1,Emx2,Lhx2,Six3,Otx2,Pax6,Eomes,Tbr1,Zbtb20,Tcf7l2,Lef1,Wnt3a,Wnt7a		182	0.25175910147342273	0.2740153970468942	0.625	False		other	Ependymal
GSE104323	10X_all_cells	dentate	PVM	anterior_telencephalic_pattern	Anterior/telencephalic pattern	regional_origin	14	14	Foxg1,Emx1,Emx2,Lhx2,Six3,Otx2,Pax6,Eomes,Tbr1,Zbtb20,Tcf7l2,Lef1,Wnt3a,Wnt7a		79	0.0	0.036600409630822464	0.0625	False		other	PVM
GSE104323	10X_all_cells	dentate	MiCajal-Retziusoglia	anterior_telencephalic_pattern	Anterior/telencephalic pattern	regional_origin	14	14	Foxg1,Emx1,Emx2,Lhx2,Six3,Otx2,Pax6,Eomes,Tbr1,Zbtb20,Tcf7l2,Lef1,Wnt3a,Wnt7a		428	0.0	0.04820464621166113	0.0625	False		other	MiCajal-Retziusoglia
GSE104323	10X_all_cells	dentate	Endothelial	anterior_telencephalic_pattern	Anterior/telencephalic pattern	regional_origin	14	14	Foxg1,Emx1,Emx2,Lhx2,Six3,Otx2,Pax6,Eomes,Tbr1,Zbtb20,Tcf7l2,Lef1,Wnt3a,Wnt7a		543	0.09902102579427789	0.10933962089693909	0.3125	False		other	Endothelial
GSE104323	10X_all_cells	dentate	VLMC	anterior_telencephalic_pattern	Anterior/telencephalic pattern	regional_origin	14	14	Foxg1,Emx1,Emx2,Lhx2,Six3,Otx2,Pax6,Eomes,Tbr1,Zbtb20,Tcf7l2,Lef1,Wnt3a,Wnt7a		160	0.09902102579427789	0.10819243817811401	0.3125	False		other	VLMC
GSE104323	10X_all_cells	dentate	MOL	anterior_telencephalic_pattern	Anterior/telencephalic pattern	regional_origin	14	14	Foxg1,Emx1,Emx2,Lhx2,Six3,Otx2,Pax6,Eomes,Tbr1,Zbtb20,Tcf7l2,Lef1,Wnt3a,Wnt7a		704	0.049510512897138946	0.06520046680365274	0.14583333333333334	False		other	MOL
GSE104323	10X_all_cells	dentate	NFOL	anterior_telencephalic_pattern	Anterior/telencephalic pattern	regional_origin	14	14	Foxg1,Emx1,Emx2,Lhx2,Six3,Otx2,Pax6,Eomes,Tbr1,Zbtb20,Tcf7l2,Lef1,Wnt3a,Wnt7a		232	0.12798281923057536	0.1268731375567188	0.4166666666666667	False		other	NFOL
GSE104323	10X_all_cells	dentate	OPC	anterior_telencephalic_pattern	Anterior/telencephalic pattern	regional_origin	14	14	Foxg1,Emx1,Emx2,Lhx2,Six3,Otx2,Pax6,Eomes,Tbr1,Zbtb20,Tcf7l2,Lef1,Wnt3a,Wnt7a		794	0.09902102579427789	0.11613193524369474	0.3125	False		other	OPC
GSE104323	10X_all_cells	dentate	nIPC-perin	anterior_telencephalic_pattern	Anterior/telencephalic pattern	regional_origin	14	14	Foxg1,Emx1,Emx2,Lhx2,Six3,Otx2,Pax6,Eomes,Tbr1,Zbtb20,Tcf7l2,Lef1,Wnt3a,Wnt7a		468	0.42760281279865936	0.43153846887085845	0.9583333333333334	True	3.0	intermediate_progenitor	nIPC-perin
GSE104323	10X_all_cells	dentate	nIPC	anterior_telencephalic_pattern	Anterior/telencephalic pattern	regional_origin	14	14	Foxg1,Emx1,Emx2,Lhx2,Six3,Otx2,Pax6,Eomes,Tbr1,Zbtb20,Tcf7l2,Lef1,Wnt3a,Wnt7a		353	0.5304677908855219	0.5311522245452348	1.0	True	2.0	intermediate_progenitor	nIPC
GSE104323	10X_all_cells	dentate	Neuroblast	anterior_telencephalic_pattern	Anterior/telencephalic pattern	regional_origin	14	14	Foxg1,Emx1,Emx2,Lhx2,Six3,Otx2,Pax6,Eomes,Tbr1,Zbtb20,Tcf7l2,Lef1,Wnt3a,Wnt7a		1381	0.42200592415492366	0.4362671411385392	0.9166666666666666	True	4.0	postmitotic_immature	Neuroblast
GSE104323	10X_all_cells	dentate	Immature-GC	anterior_telencephalic_pattern	Anterior/telencephalic pattern	regional_origin	14	14	Foxg1,Emx1,Emx2,Lhx2,Six3,Otx2,Pax6,Eomes,Tbr1,Zbtb20,Tcf7l2,Lef1,Wnt3a,Wnt7a		2419	0.28223169418438765	0.2913334013989847	0.7916666666666666	True	5.0	postmitotic_immature	Immature-GC
GSE104323	10X_all_cells	dentate	Immature-Pyr	anterior_telencephalic_pattern	Anterior/telencephalic pattern	regional_origin	14	14	Foxg1,Emx1,Emx2,Lhx2,Six3,Otx2,Pax6,Eomes,Tbr1,Zbtb20,Tcf7l2,Lef1,Wnt3a,Wnt7a		4520	0.34657359027997264	0.3406636642785772	0.875	False		other	Immature-Pyr
GSE104323	10X_all_cells	dentate	Cajal-Retzius	anterior_telencephalic_pattern	Anterior/telencephalic pattern	regional_origin	14	14	Foxg1,Emx1,Emx2,Lhx2,Six3,Otx2,Pax6,Eomes,Tbr1,Zbtb20,Tcf7l2,Lef1,Wnt3a,Wnt7a		535	0.2634913895795669	0.2796486568032373	0.75	False		other	Cajal-Retzius
GSE104323	10X_all_cells	dentate	Immature-GABA	anterior_telencephalic_pattern	Anterior/telencephalic pattern	regional_origin	14	14	Foxg1,Emx1,Emx2,Lhx2,Six3,Otx2,Pax6,Eomes,Tbr1,Zbtb20,Tcf7l2,Lef1,Wnt3a,Wnt7a		1024	0.07847230633343641	0.09184652935420934	0.20833333333333334	False		other	Immature-GABA
GSE104323	10X_all_cells	dentate	GABA	anterior_telencephalic_pattern	Anterior/telencephalic pattern	regional_origin	14	14	Foxg1,Emx1,Emx2,Lhx2,Six3,Otx2,Pax6,Eomes,Tbr1,Zbtb20,Tcf7l2,Lef1,Wnt3a,Wnt7a		209	0.049510512897138946	0.07064974495936938	0.14583333333333334	False		other	GABA
GSE104323	10X_all_cells	dentate	CA3-Pyr	anterior_telencephalic_pattern	Anterior/telencephalic pattern	regional_origin	14	14	Foxg1,Emx1,Emx2,Lhx2,Six3,Otx2,Pax6,Eomes,Tbr1,Zbtb20,Tcf7l2,Lef1,Wnt3a,Wnt7a		532	0.22700384502485324	0.23060744373035907	0.5833333333333334	False		other	CA3-Pyr
GSE104323	10X_all_cells	dentate	GC-juv	anterior_telencephalic_pattern	Anterior/telencephalic pattern	regional_origin	14	14	Foxg1,Emx1,Emx2,Lhx2,Six3,Otx2,Pax6,Eomes,Tbr1,Zbtb20,Tcf7l2,Lef1,Wnt3a,Wnt7a		3420	0.14853153869141683	0.16156507698446237	0.4583333333333333	True	6.0	mature_granule	GC-juv
GSE104323	10X_all_cells	dentate	GC-adult	anterior_telencephalic_pattern	Anterior/telencephalic pattern	regional_origin	14	14	Foxg1,Emx1,Emx2,Lhx2,Six3,Otx2,Pax6,Eomes,Tbr1,Zbtb20,Tcf7l2,Lef1,Wnt3a,Wnt7a		2613	0.09902102579427789	0.10649590400860207	0.3125	True	7.0	mature_granule	GC-adult
GSE104323	10X_all_cells	dentate	RGL	medial_pallium_dentate_lineage	Medial pallium/dentate lineage	regional_origin	17	17	Prox1,Neurod1,Neurod2,Eomes,Tbr1,Lef1,Lhx2,Emx2,Zbtb20,Tcf7l2,Wnt3a,Wnt7a,Dkk3,Bcl11b,Calb1,C1ql3,Glis3		199	0.2000704342154209	0.2061399568620559	0.5833333333333334	True	1.0	early_progenitor	RGL
GSE104323	10X_all_cells	dentate	Astro-adult	medial_pallium_dentate_lineage	Medial pallium/dentate lineage	regional_origin	17	17	Prox1,Neurod1,Neurod2,Eomes,Tbr1,Lef1,Lhx2,Emx2,Zbtb20,Tcf7l2,Wnt3a,Wnt7a,Dkk3,Bcl11b,Calb1,C1ql3,Glis3		1232	0.12232009068704916	0.12704659645845603	0.4166666666666667	False		other	Astro-adult
GSE104323	10X_all_cells	dentate	Astro-juv	medial_pallium_dentate_lineage	Medial pallium/dentate lineage	regional_origin	17	17	Prox1,Neurod1,Neurod2,Eomes,Tbr1,Lef1,Lhx2,Emx2,Zbtb20,Tcf7l2,Wnt3a,Wnt7a,Dkk3,Bcl11b,Calb1,C1ql3,Glis3		821	0.14617097939929413	0.1542372134786628	0.4583333333333333	False		other	Astro-juv
GSE104323	10X_all_cells	dentate	Immature-Astro	medial_pallium_dentate_lineage	Medial pallium/dentate lineage	regional_origin	17	17	Prox1,Neurod1,Neurod2,Eomes,Tbr1,Lef1,Lhx2,Emx2,Zbtb20,Tcf7l2,Wnt3a,Wnt7a,Dkk3,Bcl11b,Calb1,C1ql3,Glis3		651	0.18694434296164383	0.20609751016853184	0.5	False		other	Immature-Astro
GSE104323	10X_all_cells	dentate	RGL_young	medial_pallium_dentate_lineage	Medial pallium/dentate lineage	regional_origin	17	17	Prox1,Neurod1,Neurod2,Eomes,Tbr1,Lef1,Lhx2,Emx2,Zbtb20,Tcf7l2,Wnt3a,Wnt7a,Dkk3,Bcl11b,Calb1,C1ql3,Glis3		686	0.2346461203861338	0.25331675452166486	0.625	True	0.0	early_progenitor	RGL_young
GSE104323	10X_all_cells	dentate	Ependymal	medial_pallium_dentate_lineage	Medial pallium/dentate lineage	regional_origin	17	17	Prox1,Neurod1,Neurod2,Eomes,Tbr1,Lef1,Lhx2,Emx2,Zbtb20,Tcf7l2,Wnt3a,Wnt7a,Dkk3,Bcl11b,Calb1,C1ql3,Glis3		182	0.1960120300103061	0.2113915633745328	0.5416666666666666	False		other	Ependymal
GSE104323	10X_all_cells	dentate	PVM	medial_pallium_dentate_lineage	Medial pallium/dentate lineage	regional_origin	17	17	Prox1,Neurod1,Neurod2,Eomes,Tbr1,Lef1,Lhx2,Emx2,Zbtb20,Tcf7l2,Wnt3a,Wnt7a,Dkk3,Bcl11b,Calb1,C1ql3,Glis3		79	0.0	0.0373671731790982	0.041666666666666664	False		other	PVM
GSE104323	10X_all_cells	dentate	MiCajal-Retziusoglia	medial_pallium_dentate_lineage	Medial pallium/dentate lineage	regional_origin	17	17	Prox1,Neurod1,Neurod2,Eomes,Tbr1,Lef1,Lhx2,Emx2,Zbtb20,Tcf7l2,Wnt3a,Wnt7a,Dkk3,Bcl11b,Calb1,C1ql3,Glis3		428	0.04077336356234972	0.04543002391005039	0.08333333333333333	False		other	MiCajal-Retziusoglia
GSE104323	10X_all_cells	dentate	Endothelial	medial_pallium_dentate_lineage	Medial pallium/dentate lineage	regional_origin	17	17	Prox1,Neurod1,Neurod2,Eomes,Tbr1,Lef1,Lhx2,Emx2,Zbtb20,Tcf7l2,Wnt3a,Wnt7a,Dkk3,Bcl11b,Calb1,C1ql3,Glis3		543	0.08154672712469944	0.10652427967124536	0.22916666666666666	False		other	Endothelial
GSE104323	10X_all_cells	dentate	VLMC	medial_pallium_dentate_lineage	Medial pallium/dentate lineage	regional_origin	17	17	Prox1,Neurod1,Neurod2,Eomes,Tbr1,Lef1,Lhx2,Emx2,Zbtb20,Tcf7l2,Wnt3a,Wnt7a,Dkk3,Bcl11b,Calb1,C1ql3,Glis3		160	0.08154672712469944	0.12125167246048893	0.22916666666666666	False		other	VLMC
GSE104323	10X_all_cells	dentate	MOL	medial_pallium_dentate_lineage	Medial pallium/dentate lineage	regional_origin	17	17	Prox1,Neurod1,Neurod2,Eomes,Tbr1,Lef1,Lhx2,Emx2,Zbtb20,Tcf7l2,Wnt3a,Wnt7a,Dkk3,Bcl11b,Calb1,C1ql3,Glis3		704	0.08154672712469944	0.09429406865011464	0.22916666666666666	False		other	MOL
GSE104323	10X_all_cells	dentate	NFOL	medial_pallium_dentate_lineage	Medial pallium/dentate lineage	regional_origin	17	17	Prox1,Neurod1,Neurod2,Eomes,Tbr1,Lef1,Lhx2,Emx2,Zbtb20,Tcf7l2,Wnt3a,Wnt7a,Dkk3,Bcl11b,Calb1,C1ql3,Glis3		232	0.11446530288560666	0.12163034294195164	0.375	False		other	NFOL
GSE104323	10X_all_cells	dentate	OPC	medial_pallium_dentate_lineage	Medial pallium/dentate lineage	regional_origin	17	17	Prox1,Neurod1,Neurod2,Eomes,Tbr1,Lef1,Lhx2,Emx2,Zbtb20,Tcf7l2,Wnt3a,Wnt7a,Dkk3,Bcl11b,Calb1,C1ql3,Glis3		794	0.08154672712469944	0.10788346386351211	0.22916666666666666	False		other	OPC
GSE104323	10X_all_cells	dentate	nIPC-perin	medial_pallium_dentate_lineage	Medial pallium/dentate lineage	regional_origin	17	17	Prox1,Neurod1,Neurod2,Eomes,Tbr1,Lef1,Lhx2,Emx2,Zbtb20,Tcf7l2,Wnt3a,Wnt7a,Dkk3,Bcl11b,Calb1,C1ql3,Glis3		468	0.2816171613401203	0.2950356509711278	0.75	True	3.0	intermediate_progenitor	nIPC-perin
GSE104323	10X_all_cells	dentate	nIPC	medial_pallium_dentate_lineage	Medial pallium/dentate lineage	regional_origin	17	17	Prox1,Neurod1,Neurod2,Eomes,Tbr1,Lef1,Lhx2,Emx2,Zbtb20,Tcf7l2,Wnt3a,Wnt7a,Dkk3,Bcl11b,Calb1,C1ql3,Glis3		353	0.3981466595087429	0.4068287099008871	0.9166666666666666	True	2.0	intermediate_progenitor	nIPC
GSE104323	10X_all_cells	dentate	Neuroblast	medial_pallium_dentate_lineage	Medial pallium/dentate lineage	regional_origin	17	17	Prox1,Neurod1,Neurod2,Eomes,Tbr1,Lef1,Lhx2,Emx2,Zbtb20,Tcf7l2,Wnt3a,Wnt7a,Dkk3,Bcl11b,Calb1,C1ql3,Glis3		1381	0.43065815039643984	0.42847719894596775	0.9583333333333334	True	4.0	postmitotic_immature	Neuroblast
GSE104323	10X_all_cells	dentate	Immature-GC	medial_pallium_dentate_lineage	Medial pallium/dentate lineage	regional_origin	17	17	Prox1,Neurod1,Neurod2,Eomes,Tbr1,Lef1,Lhx2,Emx2,Zbtb20,Tcf7l2,Wnt3a,Wnt7a,Dkk3,Bcl11b,Calb1,C1ql3,Glis3		2419	0.46856150430176413	0.4776523877063571	1.0	True	5.0	postmitotic_immature	Immature-GC
GSE104323	10X_all_cells	dentate	Immature-Pyr	medial_pallium_dentate_lineage	Medial pallium/dentate lineage	regional_origin	17	17	Prox1,Neurod1,Neurod2,Eomes,Tbr1,Lef1,Lhx2,Emx2,Zbtb20,Tcf7l2,Wnt3a,Wnt7a,Dkk3,Bcl11b,Calb1,C1ql3,Glis3		4520	0.3738886859232877	0.37461446685575794	0.875	False		other	Immature-Pyr
GSE104323	10X_all_cells	dentate	Cajal-Retzius	medial_pallium_dentate_lineage	Medial pallium/dentate lineage	regional_origin	17	17	Prox1,Neurod1,Neurod2,Eomes,Tbr1,Lef1,Lhx2,Emx2,Zbtb20,Tcf7l2,Wnt3a,Wnt7a,Dkk3,Bcl11b,Calb1,C1ql3,Glis3		535	0.25156859523623853	0.2700004032181261	0.7083333333333334	False		other	Cajal-Retzius
GSE104323	10X_all_cells	dentate	Immature-GABA	medial_pallium_dentate_lineage	Medial pallium/dentate lineage	regional_origin	17	17	Prox1,Neurod1,Neurod2,Eomes,Tbr1,Lef1,Lhx2,Emx2,Zbtb20,Tcf7l2,Wnt3a,Wnt7a,Dkk3,Bcl11b,Calb1,C1ql3,Glis3		1024	0.08154672712469944	0.11297610886091951	0.22916666666666666	False		other	Immature-GABA
GSE104323	10X_all_cells	dentate	GABA	medial_pallium_dentate_lineage	Medial pallium/dentate lineage	regional_origin	17	17	Prox1,Neurod1,Neurod2,Eomes,Tbr1,Lef1,Lhx2,Emx2,Zbtb20,Tcf7l2,Wnt3a,Wnt7a,Dkk3,Bcl11b,Calb1,C1ql3,Glis3		209	0.08154672712469944	0.09778340475095768	0.22916666666666666	False		other	GABA
GSE104323	10X_all_cells	dentate	CA3-Pyr	medial_pallium_dentate_lineage	Medial pallium/dentate lineage	regional_origin	17	17	Prox1,Neurod1,Neurod2,Eomes,Tbr1,Lef1,Lhx2,Emx2,Zbtb20,Tcf7l2,Wnt3a,Wnt7a,Dkk3,Bcl11b,Calb1,C1ql3,Glis3		532	0.30926443364869305	0.3140092363317126	0.7916666666666666	False		other	CA3-Pyr
GSE104323	10X_all_cells	dentate	GC-juv	medial_pallium_dentate_lineage	Medial pallium/dentate lineage	regional_origin	17	17	Prox1,Neurod1,Neurod2,Eomes,Tbr1,Lef1,Lhx2,Emx2,Zbtb20,Tcf7l2,Wnt3a,Wnt7a,Dkk3,Bcl11b,Calb1,C1ql3,Glis3		3420	0.37388868592328767	0.389522019118881	0.8333333333333334	True	6.0	mature_granule	GC-juv
GSE104323	10X_all_cells	dentate	GC-adult	medial_pallium_dentate_lineage	Medial pallium/dentate lineage	regional_origin	17	17	Prox1,Neurod1,Neurod2,Eomes,Tbr1,Lef1,Lhx2,Emx2,Zbtb20,Tcf7l2,Wnt3a,Wnt7a,Dkk3,Bcl11b,Calb1,C1ql3,Glis3		2613	0.24464018137409832	0.2565274515384688	0.6666666666666666	True	7.0	mature_granule	GC-adult
GSE104323	10X_all_cells	dentate	RGL	hindbrain_rhombic_lip_pattern	Hindbrain/rhombic-lip pattern	regional_origin	18	18	Gbx2,En1,En2,Wnt1,Fgf8,Pax2,Pax5,Pax8,Atoh1,Barhl1,Zic1,Zic2,Zic3,Meis1,Mycn,Ptch1,Gli1,Gli2		199	0.0	0.029837277607103883	0.3958333333333333	True	1.0	early_progenitor	RGL
GSE104323	10X_all_cells	dentate	Astro-adult	hindbrain_rhombic_lip_pattern	Hindbrain/rhombic-lip pattern	regional_origin	18	18	Gbx2,En1,En2,Wnt1,Fgf8,Pax2,Pax5,Pax8,Atoh1,Barhl1,Zic1,Zic2,Zic3,Meis1,Mycn,Ptch1,Gli1,Gli2		1232	0.0	0.013770076236476452	0.3958333333333333	False		other	Astro-adult
GSE104323	10X_all_cells	dentate	Astro-juv	hindbrain_rhombic_lip_pattern	Hindbrain/rhombic-lip pattern	regional_origin	18	18	Gbx2,En1,En2,Wnt1,Fgf8,Pax2,Pax5,Pax8,Atoh1,Barhl1,Zic1,Zic2,Zic3,Meis1,Mycn,Ptch1,Gli1,Gli2		821	0.0	0.01696613174346341	0.3958333333333333	False		other	Astro-juv
GSE104323	10X_all_cells	dentate	Immature-Astro	hindbrain_rhombic_lip_pattern	Hindbrain/rhombic-lip pattern	regional_origin	18	18	Gbx2,En1,En2,Wnt1,Fgf8,Pax2,Pax5,Pax8,Atoh1,Barhl1,Zic1,Zic2,Zic3,Meis1,Mycn,Ptch1,Gli1,Gli2		651	0.0	0.02418557565994946	0.3958333333333333	False		other	Immature-Astro
GSE104323	10X_all_cells	dentate	RGL_young	hindbrain_rhombic_lip_pattern	Hindbrain/rhombic-lip pattern	regional_origin	18	18	Gbx2,En1,En2,Wnt1,Fgf8,Pax2,Pax5,Pax8,Atoh1,Barhl1,Zic1,Zic2,Zic3,Meis1,Mycn,Ptch1,Gli1,Gli2		686	0.03850817669777474	0.039268208514152324	0.875	True	0.0	early_progenitor	RGL_young
GSE104323	10X_all_cells	dentate	Ependymal	hindbrain_rhombic_lip_pattern	Hindbrain/rhombic-lip pattern	regional_origin	18	18	Gbx2,En1,En2,Wnt1,Fgf8,Pax2,Pax5,Pax8,Atoh1,Barhl1,Zic1,Zic2,Zic3,Meis1,Mycn,Ptch1,Gli1,Gli2		182	0.0	0.03300289036542824	0.3958333333333333	False		other	Ependymal
GSE104323	10X_all_cells	dentate	PVM	hindbrain_rhombic_lip_pattern	Hindbrain/rhombic-lip pattern	regional_origin	18	18	Gbx2,En1,En2,Wnt1,Fgf8,Pax2,Pax5,Pax8,Atoh1,Barhl1,Zic1,Zic2,Zic3,Meis1,Mycn,Ptch1,Gli1,Gli2		79	0.0	0.004387007471898388	0.3958333333333333	False		other	PVM
GSE104323	10X_all_cells	dentate	MiCajal-Retziusoglia	hindbrain_rhombic_lip_pattern	Hindbrain/rhombic-lip pattern	regional_origin	18	18	Gbx2,En1,En2,Wnt1,Fgf8,Pax2,Pax5,Pax8,Atoh1,Barhl1,Zic1,Zic2,Zic3,Meis1,Mycn,Ptch1,Gli1,Gli2		428	0.0	0.0043865930439566355	0.3958333333333333	False		other	MiCajal-Retziusoglia
GSE104323	10X_all_cells	dentate	Endothelial	hindbrain_rhombic_lip_pattern	Hindbrain/rhombic-lip pattern	regional_origin	18	18	Gbx2,En1,En2,Wnt1,Fgf8,Pax2,Pax5,Pax8,Atoh1,Barhl1,Zic1,Zic2,Zic3,Meis1,Mycn,Ptch1,Gli1,Gli2		543	0.03850817669777474	0.047272802084165726	0.875	False		other	Endothelial
GSE104323	10X_all_cells	dentate	VLMC	hindbrain_rhombic_lip_pattern	Hindbrain/rhombic-lip pattern	regional_origin	18	18	Gbx2,En1,En2,Wnt1,Fgf8,Pax2,Pax5,Pax8,Atoh1,Barhl1,Zic1,Zic2,Zic3,Meis1,Mycn,Ptch1,Gli1,Gli2		160	0.07701635339554948	0.0858462620923044	1.0	False		other	VLMC
GSE104323	10X_all_cells	dentate	MOL	hindbrain_rhombic_lip_pattern	Hindbrain/rhombic-lip pattern	regional_origin	18	18	Gbx2,En1,En2,Wnt1,Fgf8,Pax2,Pax5,Pax8,Atoh1,Barhl1,Zic1,Zic2,Zic3,Meis1,Mycn,Ptch1,Gli1,Gli2		704	0.0	0.012677856525133386	0.3958333333333333	False		other	MOL
GSE104323	10X_all_cells	dentate	NFOL	hindbrain_rhombic_lip_pattern	Hindbrain/rhombic-lip pattern	regional_origin	18	18	Gbx2,En1,En2,Wnt1,Fgf8,Pax2,Pax5,Pax8,Atoh1,Barhl1,Zic1,Zic2,Zic3,Meis1,Mycn,Ptch1,Gli1,Gli2		232	0.0	0.005505660918135675	0.3958333333333333	False		other	NFOL
GSE104323	10X_all_cells	dentate	OPC	hindbrain_rhombic_lip_pattern	Hindbrain/rhombic-lip pattern	regional_origin	18	18	Gbx2,En1,En2,Wnt1,Fgf8,Pax2,Pax5,Pax8,Atoh1,Barhl1,Zic1,Zic2,Zic3,Meis1,Mycn,Ptch1,Gli1,Gli2		794	0.0	0.012894379307307989	0.3958333333333333	False		other	OPC
GSE104323	10X_all_cells	dentate	nIPC-perin	hindbrain_rhombic_lip_pattern	Hindbrain/rhombic-lip pattern	regional_origin	18	18	Gbx2,En1,En2,Wnt1,Fgf8,Pax2,Pax5,Pax8,Atoh1,Barhl1,Zic1,Zic2,Zic3,Meis1,Mycn,Ptch1,Gli1,Gli2		468	0.03850817669777474	0.055334184570288256	0.875	True	3.0	intermediate_progenitor	nIPC-perin
GSE104323	10X_all_cells	dentate	nIPC	hindbrain_rhombic_lip_pattern	Hindbrain/rhombic-lip pattern	regional_origin	18	18	Gbx2,En1,En2,Wnt1,Fgf8,Pax2,Pax5,Pax8,Atoh1,Barhl1,Zic1,Zic2,Zic3,Meis1,Mycn,Ptch1,Gli1,Gli2		353	0.03850817669777474	0.04689075865310572	0.875	True	2.0	intermediate_progenitor	nIPC
GSE104323	10X_all_cells	dentate	Neuroblast	hindbrain_rhombic_lip_pattern	Hindbrain/rhombic-lip pattern	regional_origin	18	18	Gbx2,En1,En2,Wnt1,Fgf8,Pax2,Pax5,Pax8,Atoh1,Barhl1,Zic1,Zic2,Zic3,Meis1,Mycn,Ptch1,Gli1,Gli2		1381	0.0	0.025411584833357398	0.3958333333333333	True	4.0	postmitotic_immature	Neuroblast
GSE104323	10X_all_cells	dentate	Immature-GC	hindbrain_rhombic_lip_pattern	Hindbrain/rhombic-lip pattern	regional_origin	18	18	Gbx2,En1,En2,Wnt1,Fgf8,Pax2,Pax5,Pax8,Atoh1,Barhl1,Zic1,Zic2,Zic3,Meis1,Mycn,Ptch1,Gli1,Gli2		2419	0.0	0.017340255845349827	0.3958333333333333	True	5.0	postmitotic_immature	Immature-GC
GSE104323	10X_all_cells	dentate	Immature-Pyr	hindbrain_rhombic_lip_pattern	Hindbrain/rhombic-lip pattern	regional_origin	18	18	Gbx2,En1,En2,Wnt1,Fgf8,Pax2,Pax5,Pax8,Atoh1,Barhl1,Zic1,Zic2,Zic3,Meis1,Mycn,Ptch1,Gli1,Gli2		4520	0.0	0.020912168704999363	0.3958333333333333	False		other	Immature-Pyr
GSE104323	10X_all_cells	dentate	Cajal-Retzius	hindbrain_rhombic_lip_pattern	Hindbrain/rhombic-lip pattern	regional_origin	18	18	Gbx2,En1,En2,Wnt1,Fgf8,Pax2,Pax5,Pax8,Atoh1,Barhl1,Zic1,Zic2,Zic3,Meis1,Mycn,Ptch1,Gli1,Gli2		535	0.03850817669777474	0.04220749751609506	0.875	False		other	Cajal-Retzius
GSE104323	10X_all_cells	dentate	Immature-GABA	hindbrain_rhombic_lip_pattern	Hindbrain/rhombic-lip pattern	regional_origin	18	18	Gbx2,En1,En2,Wnt1,Fgf8,Pax2,Pax5,Pax8,Atoh1,Barhl1,Zic1,Zic2,Zic3,Meis1,Mycn,Ptch1,Gli1,Gli2		1024	0.0	0.01791674884888722	0.3958333333333333	False		other	Immature-GABA
GSE104323	10X_all_cells	dentate	GABA	hindbrain_rhombic_lip_pattern	Hindbrain/rhombic-lip pattern	regional_origin	18	18	Gbx2,En1,En2,Wnt1,Fgf8,Pax2,Pax5,Pax8,Atoh1,Barhl1,Zic1,Zic2,Zic3,Meis1,Mycn,Ptch1,Gli1,Gli2		209	0.0	0.01128799257956683	0.3958333333333333	False		other	GABA
GSE104323	10X_all_cells	dentate	CA3-Pyr	hindbrain_rhombic_lip_pattern	Hindbrain/rhombic-lip pattern	regional_origin	18	18	Gbx2,En1,En2,Wnt1,Fgf8,Pax2,Pax5,Pax8,Atoh1,Barhl1,Zic1,Zic2,Zic3,Meis1,Mycn,Ptch1,Gli1,Gli2		532	0.0	0.005354755952847516	0.3958333333333333	False		other	CA3-Pyr
GSE104323	10X_all_cells	dentate	GC-juv	hindbrain_rhombic_lip_pattern	Hindbrain/rhombic-lip pattern	regional_origin	18	18	Gbx2,En1,En2,Wnt1,Fgf8,Pax2,Pax5,Pax8,Atoh1,Barhl1,Zic1,Zic2,Zic3,Meis1,Mycn,Ptch1,Gli1,Gli2		3420	0.0	0.006478594817414523	0.3958333333333333	True	6.0	mature_granule	GC-juv
GSE104323	10X_all_cells	dentate	GC-adult	hindbrain_rhombic_lip_pattern	Hindbrain/rhombic-lip pattern	regional_origin	18	18	Gbx2,En1,En2,Wnt1,Fgf8,Pax2,Pax5,Pax8,Atoh1,Barhl1,Zic1,Zic2,Zic3,Meis1,Mycn,Ptch1,Gli1,Gli2		2613	0.0	0.004395571498852691	0.3958333333333333	True	7.0	mature_granule	GC-adult
GSE104323	10X_all_cells	dentate	RGL	shared_postmitotic_granule_maturation	Shared postmitotic/granule maturation	later_convergence	11	11	Nfia,Neurod1,Rbfox3,Hmgn2,Dcx,Tubb3,Stmn2,Stmn3,Gpm6a,Gap43,Calb2		199	0.28891398457708595	0.298805798974456	0.375	True	1.0	early_progenitor	RGL
GSE104323	10X_all_cells	dentate	Astro-adult	shared_postmitotic_granule_maturation	Shared postmitotic/granule maturation	later_convergence	11	11	Nfia,Neurod1,Rbfox3,Hmgn2,Dcx,Tubb3,Stmn2,Stmn3,Gpm6a,Gap43,Calb2		1232	0.2723392975958174	0.2781748072003355	0.3333333333333333	False		other	Astro-adult
GSE104323	10X_all_cells	dentate	Astro-juv	shared_postmitotic_granule_maturation	Shared postmitotic/granule maturation	later_convergence	11	11	Nfia,Neurod1,Rbfox3,Hmgn2,Dcx,Tubb3,Stmn2,Stmn3,Gpm6a,Gap43,Calb2		821	0.288913984577086	0.30177886687858657	0.4375	False		other	Astro-juv
GSE104323	10X_all_cells	dentate	Immature-Astro	shared_postmitotic_granule_maturation	Shared postmitotic/granule maturation	later_convergence	11	11	Nfia,Neurod1,Rbfox3,Hmgn2,Dcx,Tubb3,Stmn2,Stmn3,Gpm6a,Gap43,Calb2		651	0.3887878290014596	0.41072654236106004	0.5833333333333334	False		other	Immature-Astro
GSE104323	10X_all_cells	dentate	RGL_young	shared_postmitotic_granule_maturation	Shared postmitotic/granule maturation	later_convergence	11	11	Nfia,Neurod1,Rbfox3,Hmgn2,Dcx,Tubb3,Stmn2,Stmn3,Gpm6a,Gap43,Calb2		686	0.37221314202019096	0.4048331241654925	0.5416666666666666	True	0.0	early_progenitor	RGL_young
GSE104323	10X_all_cells	dentate	Ependymal	shared_postmitotic_granule_maturation	Shared postmitotic/granule maturation	later_convergence	11	11	Nfia,Neurod1,Rbfox3,Hmgn2,Dcx,Tubb3,Stmn2,Stmn3,Gpm6a,Gap43,Calb2		182	0.35728113897600755	0.40944777528403636	0.5	False		other	Ependymal
GSE104323	10X_all_cells	dentate	PVM	shared_postmitotic_granule_maturation	Shared postmitotic/granule maturation	later_convergence	11	11	Nfia,Neurod1,Rbfox3,Hmgn2,Dcx,Tubb3,Stmn2,Stmn3,Gpm6a,Gap43,Calb2		79	0.09987384442437362	0.11781588223960901	0.08333333333333333	False		other	PVM
GSE104323	10X_all_cells	dentate	MiCajal-Retziusoglia	shared_postmitotic_granule_maturation	Shared postmitotic/granule maturation	later_convergence	11	11	Nfia,Neurod1,Rbfox3,Hmgn2,Dcx,Tubb3,Stmn2,Stmn3,Gpm6a,Gap43,Calb2		428	0.09987384442437362	0.13598560638735008	0.08333333333333333	False		other	MiCajal-Retziusoglia
GSE104323	10X_all_cells	dentate	Endothelial	shared_postmitotic_granule_maturation	Shared postmitotic/granule maturation	later_convergence	11	11	Nfia,Neurod1,Rbfox3,Hmgn2,Dcx,Tubb3,Stmn2,Stmn3,Gpm6a,Gap43,Calb2		543	0.09987384442437362	0.13638114717226818	0.08333333333333333	False		other	Endothelial
GSE104323	10X_all_cells	dentate	VLMC	shared_postmitotic_granule_maturation	Shared postmitotic/granule maturation	later_convergence	11	11	Nfia,Neurod1,Rbfox3,Hmgn2,Dcx,Tubb3,Stmn2,Stmn3,Gpm6a,Gap43,Calb2		160	0.18904014015271234	0.25076983077187526	0.25	False		other	VLMC
GSE104323	10X_all_cells	dentate	MOL	shared_postmitotic_granule_maturation	Shared postmitotic/granule maturation	later_convergence	11	11	Nfia,Neurod1,Rbfox3,Hmgn2,Dcx,Tubb3,Stmn2,Stmn3,Gpm6a,Gap43,Calb2		704	0.12602676010180824	0.15863551746153967	0.1875	False		other	MOL
GSE104323	10X_all_cells	dentate	NFOL	shared_postmitotic_granule_maturation	Shared postmitotic/granule maturation	later_convergence	11	11	Nfia,Neurod1,Rbfox3,Hmgn2,Dcx,Tubb3,Stmn2,Stmn3,Gpm6a,Gap43,Calb2		232	0.12602676010180824	0.17027877963865623	0.1875	False		other	NFOL
GSE104323	10X_all_cells	dentate	OPC	shared_postmitotic_granule_maturation	Shared postmitotic/granule maturation	later_convergence	11	11	Nfia,Neurod1,Rbfox3,Hmgn2,Dcx,Tubb3,Stmn2,Stmn3,Gpm6a,Gap43,Calb2		794	0.288913984577086	0.34698936963583726	0.4375	False		other	OPC
GSE104323	10X_all_cells	dentate	nIPC-perin	shared_postmitotic_granule_maturation	Shared postmitotic/granule maturation	later_convergence	11	11	Nfia,Neurod1,Rbfox3,Hmgn2,Dcx,Tubb3,Stmn2,Stmn3,Gpm6a,Gap43,Calb2		468	0.5351003664954687	0.555905598703099	0.6666666666666666	True	3.0	intermediate_progenitor	nIPC-perin
GSE104323	10X_all_cells	dentate	nIPC	shared_postmitotic_granule_maturation	Shared postmitotic/granule maturation	later_convergence	11	11	Nfia,Neurod1,Rbfox3,Hmgn2,Dcx,Tubb3,Stmn2,Stmn3,Gpm6a,Gap43,Calb2		353	0.7407151936294496	0.7801778465397352	0.75	True	2.0	intermediate_progenitor	nIPC
GSE104323	10X_all_cells	dentate	Neuroblast	shared_postmitotic_granule_maturation	Shared postmitotic/granule maturation	later_convergence	11	11	Nfia,Neurod1,Rbfox3,Hmgn2,Dcx,Tubb3,Stmn2,Stmn3,Gpm6a,Gap43,Calb2		1381	0.8741641345531224	0.881657706456266	0.8333333333333334	True	4.0	postmitotic_immature	Neuroblast
GSE104323	10X_all_cells	dentate	Immature-GC	shared_postmitotic_granule_maturation	Shared postmitotic/granule maturation	later_convergence	11	11	Nfia,Neurod1,Rbfox3,Hmgn2,Dcx,Tubb3,Stmn2,Stmn3,Gpm6a,Gap43,Calb2		2419	0.9747623580365119	0.9859522604434581	0.875	True	5.0	postmitotic_immature	Immature-GC
GSE104323	10X_all_cells	dentate	Immature-Pyr	shared_postmitotic_granule_maturation	Shared postmitotic/granule maturation	later_convergence	11	11	Nfia,Neurod1,Rbfox3,Hmgn2,Dcx,Tubb3,Stmn2,Stmn3,Gpm6a,Gap43,Calb2		4520	1.4167896103148898	1.4598334421738015	1.0	False		other	Immature-Pyr
GSE104323	10X_all_cells	dentate	Cajal-Retzius	shared_postmitotic_granule_maturation	Shared postmitotic/granule maturation	later_convergence	11	11	Nfia,Neurod1,Rbfox3,Hmgn2,Dcx,Tubb3,Stmn2,Stmn3,Gpm6a,Gap43,Calb2		535	1.1328091721009887	1.0917654090572604	0.9166666666666666	False		other	Cajal-Retzius
GSE104323	10X_all_cells	dentate	Immature-GABA	shared_postmitotic_granule_maturation	Shared postmitotic/granule maturation	later_convergence	11	11	Nfia,Neurod1,Rbfox3,Hmgn2,Dcx,Tubb3,Stmn2,Stmn3,Gpm6a,Gap43,Calb2		1024	1.1652230683485016	1.1920112869941557	0.9583333333333334	False		other	Immature-GABA
GSE104323	10X_all_cells	dentate	GABA	shared_postmitotic_granule_maturation	Shared postmitotic/granule maturation	later_convergence	11	11	Nfia,Neurod1,Rbfox3,Hmgn2,Dcx,Tubb3,Stmn2,Stmn3,Gpm6a,Gap43,Calb2		209	0.577827969154172	0.6464470774763033	0.7083333333333334	False		other	GABA
GSE104323	10X_all_cells	dentate	CA3-Pyr	shared_postmitotic_granule_maturation	Shared postmitotic/granule maturation	later_convergence	11	11	Nfia,Neurod1,Rbfox3,Hmgn2,Dcx,Tubb3,Stmn2,Stmn3,Gpm6a,Gap43,Calb2		532	0.8245166163537629	0.8512514520203466	0.7916666666666666	False		other	CA3-Pyr
GSE104323	10X_all_cells	dentate	GC-juv	shared_postmitotic_granule_maturation	Shared postmitotic/granule maturation	later_convergence	11	11	Nfia,Neurod1,Rbfox3,Hmgn2,Dcx,Tubb3,Stmn2,Stmn3,Gpm6a,Gap43,Calb2		3420	0.39836605769762556	0.4284282504348288	0.625	True	6.0	mature_granule	GC-juv
GSE104323	10X_all_cells	dentate	GC-adult	shared_postmitotic_granule_maturation	Shared postmitotic/granule maturation	later_convergence	11	11	Nfia,Neurod1,Rbfox3,Hmgn2,Dcx,Tubb3,Stmn2,Stmn3,Gpm6a,Gap43,Calb2		2613	0.26276106889965134	0.27590100535549605	0.2916666666666667	True	7.0	mature_granule	GC-adult
GSE104323	10X_all_cells	dentate	RGL	downstream_neurite_synapse_construction	Downstream neurite/synapse construction	later_convergence	21	21	Gpm6a,Robo2,Dcc,Cadm3,Stmn2,Stmn3,Gap43,Dpysl2,Dpysl3,Map1b,Basp1,Ncam1,L1cam,Kcnk1,Gabra2,Gabrb3,Grin2b,Slc17a6,Slc17a7,Snap25,Syt1		199	0.15694461266687282	0.1642073611012485	0.25	True	1.0	early_progenitor	RGL
GSE104323	10X_all_cells	dentate	Astro-adult	downstream_neurite_synapse_construction	Downstream neurite/synapse construction	later_convergence	21	21	Gpm6a,Robo2,Dcc,Cadm3,Stmn2,Stmn3,Gap43,Dpysl2,Dpysl3,Map1b,Basp1,Ncam1,L1cam,Kcnk1,Gabra2,Gabrb3,Grin2b,Slc17a6,Slc17a7,Snap25,Syt1		1232	0.18434290528132813	0.18880641970971618	0.3125	False		other	Astro-adult
GSE104323	10X_all_cells	dentate	Astro-juv	downstream_neurite_synapse_construction	Downstream neurite/synapse construction	later_convergence	21	21	Gpm6a,Robo2,Dcc,Cadm3,Stmn2,Stmn3,Gap43,Dpysl2,Dpysl3,Map1b,Basp1,Ncam1,L1cam,Kcnk1,Gabra2,Gabrb3,Grin2b,Slc17a6,Slc17a7,Snap25,Syt1		821	0.22469042244262352	0.2332251555805084	0.4583333333333333	False		other	Astro-juv
GSE104323	10X_all_cells	dentate	Immature-Astro	downstream_neurite_synapse_construction	Downstream neurite/synapse construction	later_convergence	21	21	Gpm6a,Robo2,Dcc,Cadm3,Stmn2,Stmn3,Gap43,Dpysl2,Dpysl3,Map1b,Basp1,Ncam1,L1cam,Kcnk1,Gabra2,Gabrb3,Grin2b,Slc17a6,Slc17a7,Snap25,Syt1		651	0.23665777617028572	0.2476101701155689	0.5416666666666666	False		other	Immature-Astro
GSE104323	10X_all_cells	dentate	RGL_young	downstream_neurite_synapse_construction	Downstream neurite/synapse construction	later_convergence	21	21	Gpm6a,Robo2,Dcc,Cadm3,Stmn2,Stmn3,Gap43,Dpysl2,Dpysl3,Map1b,Basp1,Ncam1,L1cam,Kcnk1,Gabra2,Gabrb3,Grin2b,Slc17a6,Slc17a7,Snap25,Syt1		686	0.18434290528132813	0.21254805040859776	0.3125	True	0.0	early_progenitor	RGL_young
GSE104323	10X_all_cells	dentate	Ependymal	downstream_neurite_synapse_construction	Downstream neurite/synapse construction	later_convergence	21	21	Gpm6a,Robo2,Dcc,Cadm3,Stmn2,Stmn3,Gap43,Dpysl2,Dpysl3,Map1b,Basp1,Ncam1,L1cam,Kcnk1,Gabra2,Gabrb3,Grin2b,Slc17a6,Slc17a7,Snap25,Syt1		182	0.19246020497110417	0.24417868262799733	0.375	False		other	Ependymal
GSE104323	10X_all_cells	dentate	PVM	downstream_neurite_synapse_construction	Downstream neurite/synapse construction	later_convergence	21	21	Gpm6a,Robo2,Dcc,Cadm3,Stmn2,Stmn3,Gap43,Dpysl2,Dpysl3,Map1b,Basp1,Ncam1,L1cam,Kcnk1,Gabra2,Gabrb3,Grin2b,Slc17a6,Slc17a7,Snap25,Syt1		79	0.033007008598092635	0.07755645128956573	0.041666666666666664	False		other	PVM
GSE104323	10X_all_cells	dentate	MiCajal-Retziusoglia	downstream_neurite_synapse_construction	Downstream neurite/synapse construction	later_convergence	21	21	Gpm6a,Robo2,Dcc,Cadm3,Stmn2,Stmn3,Gap43,Dpysl2,Dpysl3,Map1b,Basp1,Ncam1,L1cam,Kcnk1,Gabra2,Gabrb3,Grin2b,Slc17a6,Slc17a7,Snap25,Syt1		428	0.08532187948705024	0.10334862056055347	0.125	False		other	MiCajal-Retziusoglia
GSE104323	10X_all_cells	dentate	Endothelial	downstream_neurite_synapse_construction	Downstream neurite/synapse construction	later_convergence	21	21	Gpm6a,Robo2,Dcc,Cadm3,Stmn2,Stmn3,Gap43,Dpysl2,Dpysl3,Map1b,Basp1,Ncam1,L1cam,Kcnk1,Gabra2,Gabrb3,Grin2b,Slc17a6,Slc17a7,Snap25,Syt1		543	0.06601401719618527	0.09558429043620889	0.08333333333333333	False		other	Endothelial
GSE104323	10X_all_cells	dentate	VLMC	downstream_neurite_synapse_construction	Downstream neurite/synapse construction	later_convergence	21	21	Gpm6a,Robo2,Dcc,Cadm3,Stmn2,Stmn3,Gap43,Dpysl2,Dpysl3,Map1b,Basp1,Ncam1,L1cam,Kcnk1,Gabra2,Gabrb3,Grin2b,Slc17a6,Slc17a7,Snap25,Syt1		160	0.09902102579427789	0.14791278079980225	0.16666666666666666	False		other	VLMC
GSE104323	10X_all_cells	dentate	MOL	downstream_neurite_synapse_construction	Downstream neurite/synapse construction	later_convergence	21	21	Gpm6a,Robo2,Dcc,Cadm3,Stmn2,Stmn3,Gap43,Dpysl2,Dpysl3,Map1b,Basp1,Ncam1,L1cam,Kcnk1,Gabra2,Gabrb3,Grin2b,Slc17a6,Slc17a7,Snap25,Syt1		704	0.1513358966832355	0.17558136540541483	0.20833333333333334	False		other	MOL
GSE104323	10X_all_cells	dentate	NFOL	downstream_neurite_synapse_construction	Downstream neurite/synapse construction	later_convergence	21	21	Gpm6a,Robo2,Dcc,Cadm3,Stmn2,Stmn3,Gap43,Dpysl2,Dpysl3,Map1b,Basp1,Ncam1,L1cam,Kcnk1,Gabra2,Gabrb3,Grin2b,Slc17a6,Slc17a7,Snap25,Syt1		232	0.23458607671815168	0.246920447675425	0.5	False		other	NFOL
GSE104323	10X_all_cells	dentate	OPC	downstream_neurite_synapse_construction	Downstream neurite/synapse construction	later_convergence	21	21	Gpm6a,Robo2,Dcc,Cadm3,Stmn2,Stmn3,Gap43,Dpysl2,Dpysl3,Map1b,Basp1,Ncam1,L1cam,Kcnk1,Gabra2,Gabrb3,Grin2b,Slc17a6,Slc17a7,Snap25,Syt1		794	0.21734991387942076	0.24820524464187904	0.4166666666666667	False		other	OPC
GSE104323	10X_all_cells	dentate	nIPC-perin	downstream_neurite_synapse_construction	Downstream neurite/synapse construction	later_convergence	21	21	Gpm6a,Robo2,Dcc,Cadm3,Stmn2,Stmn3,Gap43,Dpysl2,Dpysl3,Map1b,Basp1,Ncam1,L1cam,Kcnk1,Gabra2,Gabrb3,Grin2b,Slc17a6,Slc17a7,Snap25,Syt1		468	0.23665777617028574	0.26079722038634895	0.5833333333333334	True	3.0	intermediate_progenitor	nIPC-perin
GSE104323	10X_all_cells	dentate	nIPC	downstream_neurite_synapse_construction	Downstream neurite/synapse construction	later_convergence	21	21	Gpm6a,Robo2,Dcc,Cadm3,Stmn2,Stmn3,Gap43,Dpysl2,Dpysl3,Map1b,Basp1,Ncam1,L1cam,Kcnk1,Gabra2,Gabrb3,Grin2b,Slc17a6,Slc17a7,Snap25,Syt1		353	0.27468195218065583	0.31950848551450023	0.625	True	2.0	intermediate_progenitor	nIPC
GSE104323	10X_all_cells	dentate	Neuroblast	downstream_neurite_synapse_construction	Downstream neurite/synapse construction	later_convergence	21	21	Gpm6a,Robo2,Dcc,Cadm3,Stmn2,Stmn3,Gap43,Dpysl2,Dpysl3,Map1b,Basp1,Ncam1,L1cam,Kcnk1,Gabra2,Gabrb3,Grin2b,Slc17a6,Slc17a7,Snap25,Syt1		1381	0.360003831667706	0.3722141882639909	0.6666666666666666	True	4.0	postmitotic_immature	Neuroblast
GSE104323	10X_all_cells	dentate	Immature-GC	downstream_neurite_synapse_construction	Downstream neurite/synapse construction	later_convergence	21	21	Gpm6a,Robo2,Dcc,Cadm3,Stmn2,Stmn3,Gap43,Dpysl2,Dpysl3,Map1b,Basp1,Ncam1,L1cam,Kcnk1,Gabra2,Gabrb3,Grin2b,Slc17a6,Slc17a7,Snap25,Syt1		2419	0.6949327118718821	0.7381883813051233	0.7916666666666666	True	5.0	postmitotic_immature	Immature-GC
GSE104323	10X_all_cells	dentate	Immature-Pyr	downstream_neurite_synapse_construction	Downstream neurite/synapse construction	later_convergence	21	21	Gpm6a,Robo2,Dcc,Cadm3,Stmn2,Stmn3,Gap43,Dpysl2,Dpysl3,Map1b,Basp1,Ncam1,L1cam,Kcnk1,Gabra2,Gabrb3,Grin2b,Slc17a6,Slc17a7,Snap25,Syt1		4520	1.0957574840083657	1.1648408922096567	0.9583333333333334	False		other	Immature-Pyr
GSE104323	10X_all_cells	dentate	Cajal-Retzius	downstream_neurite_synapse_construction	Downstream neurite/synapse construction	later_convergence	21	21	Gpm6a,Robo2,Dcc,Cadm3,Stmn2,Stmn3,Gap43,Dpysl2,Dpysl3,Map1b,Basp1,Ncam1,L1cam,Kcnk1,Gabra2,Gabrb3,Grin2b,Slc17a6,Slc17a7,Snap25,Syt1		535	0.8390748460175055	0.8201340251899921	0.875	False		other	Cajal-Retzius
GSE104323	10X_all_cells	dentate	Immature-GABA	downstream_neurite_synapse_construction	Downstream neurite/synapse construction	later_convergence	21	21	Gpm6a,Robo2,Dcc,Cadm3,Stmn2,Stmn3,Gap43,Dpysl2,Dpysl3,Map1b,Basp1,Ncam1,L1cam,Kcnk1,Gabra2,Gabrb3,Grin2b,Slc17a6,Slc17a7,Snap25,Syt1		1024	0.9805036387862284	1.0358703978507455	0.9166666666666666	False		other	Immature-GABA
GSE104323	10X_all_cells	dentate	GABA	downstream_neurite_synapse_construction	Downstream neurite/synapse construction	later_convergence	21	21	Gpm6a,Robo2,Dcc,Cadm3,Stmn2,Stmn3,Gap43,Dpysl2,Dpysl3,Map1b,Basp1,Ncam1,L1cam,Kcnk1,Gabra2,Gabrb3,Grin2b,Slc17a6,Slc17a7,Snap25,Syt1		209	0.7817199084383016	0.8439773045437055	0.8333333333333334	False		other	GABA
GSE104323	10X_all_cells	dentate	CA3-Pyr	downstream_neurite_synapse_construction	Downstream neurite/synapse construction	later_convergence	21	21	Gpm6a,Robo2,Dcc,Cadm3,Stmn2,Stmn3,Gap43,Dpysl2,Dpysl3,Map1b,Basp1,Ncam1,L1cam,Kcnk1,Gabra2,Gabrb3,Grin2b,Slc17a6,Slc17a7,Snap25,Syt1		532	1.1946047168864145	1.2174856046554376	1.0	False		other	CA3-Pyr
GSE104323	10X_all_cells	dentate	GC-juv	downstream_neurite_synapse_construction	Downstream neurite/synapse construction	later_convergence	21	21	Gpm6a,Robo2,Dcc,Cadm3,Stmn2,Stmn3,Gap43,Dpysl2,Dpysl3,Map1b,Basp1,Ncam1,L1cam,Kcnk1,Gabra2,Gabrb3,Grin2b,Slc17a6,Slc17a7,Snap25,Syt1		3420	0.5603692244071872	0.606492446028057	0.75	True	6.0	mature_granule	GC-juv
GSE104323	10X_all_cells	dentate	GC-adult	downstream_neurite_synapse_construction	Downstream neurite/synapse construction	later_convergence	21	21	Gpm6a,Robo2,Dcc,Cadm3,Stmn2,Stmn3,Gap43,Dpysl2,Dpysl3,Map1b,Basp1,Ncam1,L1cam,Kcnk1,Gabra2,Gabrb3,Grin2b,Slc17a6,Slc17a7,Snap25,Syt1		2613	0.4115687807962761	0.42614995547910894	0.7083333333333334	True	7.0	mature_granule	GC-adult
GSE122357	P0	cerebellar	Granule precursor	deep_neural_progenitor	Deep neural progenitor	deep_origin	13	13	Sox1,Sox2,Sox3,Nes,Vim,Hes1,Hes5,Pax6,Hmga2,Msi1,Prom1,Notch1,Ascl1		2553	0.2444656792575343	0.2550542114719868	0.75	True	0.0	early_precursor	P0 GP
GSE122357	P0	cerebellar	Granule cells	deep_neural_progenitor	Deep neural progenitor	deep_origin	13	13	Sox1,Sox2,Sox3,Nes,Vim,Hes1,Hes5,Pax6,Hmga2,Msi1,Prom1,Notch1,Ascl1		2814	0.21327605555690624	0.2170303888562489	0.5	True	0.25	early_precursor	P0 GC
GSE122357	P0	cerebellar	Interneuron	deep_neural_progenitor	Deep neural progenitor	deep_origin	13	13	Sox1,Sox2,Sox3,Nes,Vim,Hes1,Hes5,Pax6,Hmga2,Msi1,Prom1,Notch1,Ascl1		418	0.1911466653683077	0.2695171055974708	0.375	False		other	Interneuron
GSE122357	P0	cerebellar	Microglia	deep_neural_progenitor	Deep neural progenitor	deep_origin	13	13	Sox1,Sox2,Sox3,Nes,Vim,Hes1,Hes5,Pax6,Hmga2,Msi1,Prom1,Notch1,Ascl1		112	0.05331901388922656	0.0825862821351047	0.1875	False		other	Microglia
GSE122357	P0	cerebellar	Astrocytes	deep_neural_progenitor	Deep neural progenitor	deep_origin	13	13	Sox1,Sox2,Sox3,Nes,Vim,Hes1,Hes5,Pax6,Hmga2,Msi1,Prom1,Notch1,Ascl1		1230	0.5076663237900176	0.5230251046218278	1.0	False		other	Astrocytes
GSE122357	P0	cerebellar	Oligodendrocytes	deep_neural_progenitor	Deep neural progenitor	deep_origin	13	13	Sox1,Sox2,Sox3,Nes,Vim,Hes1,Hes5,Pax6,Hmga2,Msi1,Prom1,Notch1,Ascl1		44	0.24446567925753426	0.2802264174067627	0.625	False		other	Oligodendrocytes
GSE122357	P0	cerebellar	Purkinje cells	deep_neural_progenitor	Deep neural progenitor	deep_origin	13	13	Sox1,Sox2,Sox3,Nes,Vim,Hes1,Hes5,Pax6,Hmga2,Msi1,Prom1,Notch1,Ascl1		92	0.05331901388922656	0.056567134327592986	0.1875	False		other	Purkinje cells
GSE122357	P0	cerebellar	Endothelial cells	deep_neural_progenitor	Deep neural progenitor	deep_origin	13	13	Sox1,Sox2,Sox3,Nes,Vim,Hes1,Hes5,Pax6,Hmga2,Msi1,Prom1,Notch1,Ascl1		15	0.3370789718979909	0.42608791571012167	0.875	False		other	Endothelial cells
GSE122357	P0	cerebellar	Granule precursor	anterior_telencephalic_pattern	Anterior/telencephalic pattern	regional_origin	14	9	Lhx2,Otx2,Pax6,Eomes,Tbr1,Zbtb20,Tcf7l2,Lef1,Wnt7a	FOXG1,EMX1,EMX2,SIX3,WNT3A	2553	0.2761007388653334	0.2911405616126978	0.9375	True	0.0	early_precursor	P0 GP
GSE122357	P0	cerebellar	Granule cells	anterior_telencephalic_pattern	Anterior/telencephalic pattern	regional_origin	14	9	Lhx2,Otx2,Pax6,Eomes,Tbr1,Zbtb20,Tcf7l2,Lef1,Wnt7a	FOXG1,EMX1,EMX2,SIX3,WNT3A	2814	0.25584278811044947	0.28310940720182676	0.75	True	0.25	early_precursor	P0 GC
GSE122357	P0	cerebellar	Interneuron	anterior_telencephalic_pattern	Anterior/telencephalic pattern	regional_origin	14	9	Lhx2,Otx2,Pax6,Eomes,Tbr1,Zbtb20,Tcf7l2,Lef1,Wnt7a	FOXG1,EMX1,EMX2,SIX3,WNT3A	418	0.15403270679109896	0.17108502644592433	0.5	False		other	Interneuron
GSE122357	P0	cerebellar	Microglia	anterior_telencephalic_pattern	Anterior/telencephalic pattern	regional_origin	14	9	Lhx2,Otx2,Pax6,Eomes,Tbr1,Zbtb20,Tcf7l2,Lef1,Wnt7a	FOXG1,EMX1,EMX2,SIX3,WNT3A	112	0.0	0.06745250198745757	0.1875	False		other	Microglia
GSE122357	P0	cerebellar	Astrocytes	anterior_telencephalic_pattern	Anterior/telencephalic pattern	regional_origin	14	9	Lhx2,Otx2,Pax6,Eomes,Tbr1,Zbtb20,Tcf7l2,Lef1,Wnt7a	FOXG1,EMX1,EMX2,SIX3,WNT3A	1230	0.23104906018664842	0.25052320083737933	0.625	False		other	Astrocytes
GSE122357	P0	cerebellar	Oligodendrocytes	anterior_telencephalic_pattern	Anterior/telencephalic pattern	regional_origin	14	9	Lhx2,Otx2,Pax6,Eomes,Tbr1,Zbtb20,Tcf7l2,Lef1,Wnt7a	FOXG1,EMX1,EMX2,SIX3,WNT3A	44	0.12206803207423442	0.1495373099176533	0.375	False		other	Oligodendrocytes
GSE122357	P0	cerebellar	Purkinje cells	anterior_telencephalic_pattern	Anterior/telencephalic pattern	regional_origin	14	9	Lhx2,Otx2,Pax6,Eomes,Tbr1,Zbtb20,Tcf7l2,Lef1,Wnt7a	FOXG1,EMX1,EMX2,SIX3,WNT3A	92	0.0	0.06902008115015656	0.1875	False		other	Purkinje cells
GSE122357	P0	cerebellar	Endothelial cells	anterior_telencephalic_pattern	Anterior/telencephalic pattern	regional_origin	14	9	Lhx2,Otx2,Pax6,Eomes,Tbr1,Zbtb20,Tcf7l2,Lef1,Wnt7a	FOXG1,EMX1,EMX2,SIX3,WNT3A	15	0.2761007388653334	0.2734933907465604	0.9375	False		other	Endothelial cells
GSE122357	P0	cerebellar	Granule precursor	medial_pallium_dentate_lineage	Medial pallium/dentate lineage	regional_origin	17	15	Prox1,Neurod1,Neurod2,Eomes,Tbr1,Lef1,Lhx2,Zbtb20,Tcf7l2,Wnt7a,Dkk3,Bcl11b,Calb1,C1ql3,Glis3	EMX2,WNT3A	2553	0.16566044331920002	0.17396337570893827	0.625	True	0.0	early_precursor	P0 GP
GSE122357	P0	cerebellar	Granule cells	medial_pallium_dentate_lineage	Medial pallium/dentate lineage	regional_origin	17	15	Prox1,Neurod1,Neurod2,Eomes,Tbr1,Lef1,Lhx2,Zbtb20,Tcf7l2,Wnt7a,Dkk3,Bcl11b,Calb1,C1ql3,Glis3	EMX2,WNT3A	2814	0.26080153369520975	0.26438434475083844	1.0	True	0.25	early_precursor	P0 GC
GSE122357	P0	cerebellar	Interneuron	medial_pallium_dentate_lineage	Medial pallium/dentate lineage	regional_origin	17	15	Prox1,Neurod1,Neurod2,Eomes,Tbr1,Lef1,Lhx2,Zbtb20,Tcf7l2,Wnt7a,Dkk3,Bcl11b,Calb1,C1ql3,Glis3	EMX2,WNT3A	418	0.19269145052641096	0.19864153452900327	0.75	False		other	Interneuron
GSE122357	P0	cerebellar	Microglia	medial_pallium_dentate_lineage	Medial pallium/dentate lineage	regional_origin	17	15	Prox1,Neurod1,Neurod2,Eomes,Tbr1,Lef1,Lhx2,Zbtb20,Tcf7l2,Wnt7a,Dkk3,Bcl11b,Calb1,C1ql3,Glis3	EMX2,WNT3A	112	0.046209812037329684	0.057027914481651905	0.125	False		other	Microglia
GSE122357	P0	cerebellar	Astrocytes	medial_pallium_dentate_lineage	Medial pallium/dentate lineage	regional_origin	17	15	Prox1,Neurod1,Neurod2,Eomes,Tbr1,Lef1,Lhx2,Zbtb20,Tcf7l2,Wnt7a,Dkk3,Bcl11b,Calb1,C1ql3,Glis3	EMX2,WNT3A	1230	0.11945063128187033	0.13108499746798843	0.4375	False		other	Astrocytes
GSE122357	P0	cerebellar	Oligodendrocytes	medial_pallium_dentate_lineage	Medial pallium/dentate lineage	regional_origin	17	15	Prox1,Neurod1,Neurod2,Eomes,Tbr1,Lef1,Lhx2,Zbtb20,Tcf7l2,Wnt7a,Dkk3,Bcl11b,Calb1,C1ql3,Glis3	EMX2,WNT3A	44	0.09241962407465937	0.10925867203518921	0.25	False		other	Oligodendrocytes
GSE122357	P0	cerebellar	Purkinje cells	medial_pallium_dentate_lineage	Medial pallium/dentate lineage	regional_origin	17	15	Prox1,Neurod1,Neurod2,Eomes,Tbr1,Lef1,Lhx2,Zbtb20,Tcf7l2,Wnt7a,Dkk3,Bcl11b,Calb1,C1ql3,Glis3	EMX2,WNT3A	92	0.11945063128187033	0.1372633452543776	0.4375	False		other	Purkinje cells
GSE122357	P0	cerebellar	Endothelial cells	medial_pallium_dentate_lineage	Medial pallium/dentate lineage	regional_origin	17	15	Prox1,Neurod1,Neurod2,Eomes,Tbr1,Lef1,Lhx2,Zbtb20,Tcf7l2,Wnt7a,Dkk3,Bcl11b,Calb1,C1ql3,Glis3	EMX2,WNT3A	15	0.22214696734501357	0.20059561511932075	0.875	False		other	Endothelial cells
GSE122357	P0	cerebellar	Granule precursor	hindbrain_rhombic_lip_pattern	Hindbrain/rhombic-lip pattern	regional_origin	18	17	Gbx2,En1,En2,Wnt1,Fgf8,Pax2,Pax5,Atoh1,Barhl1,Zic1,Zic2,Zic3,Meis1,Mycn,Ptch1,Gli1,Gli2	PAX8	2553	0.40393725202716946	0.4047529882248041	1.0	True	0.0	early_precursor	P0 GP
GSE122357	P0	cerebellar	Granule cells	hindbrain_rhombic_lip_pattern	Hindbrain/rhombic-lip pattern	regional_origin	18	17	Gbx2,En1,En2,Wnt1,Fgf8,Pax2,Pax5,Atoh1,Barhl1,Zic1,Zic2,Zic3,Meis1,Mycn,Ptch1,Gli1,Gli2	PAX8	2814	0.3054680500523653	0.30632152744545976	0.875	True	0.25	early_precursor	P0 GC
GSE122357	P0	cerebellar	Interneuron	hindbrain_rhombic_lip_pattern	Hindbrain/rhombic-lip pattern	regional_origin	18	17	Gbx2,En1,En2,Wnt1,Fgf8,Pax2,Pax5,Atoh1,Barhl1,Zic1,Zic2,Zic3,Meis1,Mycn,Ptch1,Gli1,Gli2	PAX8	418	0.26063628228490077	0.27262765642689274	0.625	False		other	Interneuron
GSE122357	P0	cerebellar	Microglia	hindbrain_rhombic_lip_pattern	Hindbrain/rhombic-lip pattern	regional_origin	18	17	Gbx2,En1,En2,Wnt1,Fgf8,Pax2,Pax5,Atoh1,Barhl1,Zic1,Zic2,Zic3,Meis1,Mycn,Ptch1,Gli1,Gli2	PAX8	112	0.04077336356234972	0.05484276324232133	0.25	False		other	Microglia
GSE122357	P0	cerebellar	Astrocytes	hindbrain_rhombic_lip_pattern	Hindbrain/rhombic-lip pattern	regional_origin	18	17	Gbx2,En1,En2,Wnt1,Fgf8,Pax2,Pax5,Atoh1,Barhl1,Zic1,Zic2,Zic3,Meis1,Mycn,Ptch1,Gli1,Gli2	PAX8	1230	0.22771770652399356	0.23326757298377465	0.5	False		other	Astrocytes
GSE122357	P0	cerebellar	Oligodendrocytes	hindbrain_rhombic_lip_pattern	Hindbrain/rhombic-lip pattern	regional_origin	18	17	Gbx2,En1,En2,Wnt1,Fgf8,Pax2,Pax5,Atoh1,Barhl1,Zic1,Zic2,Zic3,Meis1,Mycn,Ptch1,Gli1,Gli2	PAX8	44	0.04077336356234972	0.07142012243404415	0.25	False		other	Oligodendrocytes
GSE122357	P0	cerebellar	Purkinje cells	hindbrain_rhombic_lip_pattern	Hindbrain/rhombic-lip pattern	regional_origin	18	17	Gbx2,En1,En2,Wnt1,Fgf8,Pax2,Pax5,Atoh1,Barhl1,Zic1,Zic2,Zic3,Meis1,Mycn,Ptch1,Gli1,Gli2	PAX8	92	0.04077336356234972	0.08055071774756403	0.25	False		other	Purkinje cells
GSE122357	P0	cerebellar	Endothelial cells	hindbrain_rhombic_lip_pattern	Hindbrain/rhombic-lip pattern	regional_origin	18	17	Gbx2,En1,En2,Wnt1,Fgf8,Pax2,Pax5,Atoh1,Barhl1,Zic1,Zic2,Zic3,Meis1,Mycn,Ptch1,Gli1,Gli2	PAX8	15	0.2708923638816524	0.28436384140566756	0.75	False		other	Endothelial cells
GSE122357	P0	cerebellar	Granule precursor	shared_postmitotic_granule_maturation	Shared postmitotic/granule maturation	later_convergence	11	11	Nfia,Neurod1,Rbfox3,Hmgn2,Dcx,Tubb3,Stmn2,Stmn3,Gpm6a,Gap43,Calb2		2553	1.0392074069027015	1.121118074718684	0.875	True	0.0	early_precursor	P0 GP
GSE122357	P0	cerebellar	Granule cells	shared_postmitotic_granule_maturation	Shared postmitotic/granule maturation	later_convergence	11	11	Nfia,Neurod1,Rbfox3,Hmgn2,Dcx,Tubb3,Stmn2,Stmn3,Gpm6a,Gap43,Calb2		2814	1.5573944703190181	1.5404574255621142	1.0	True	0.25	early_precursor	P0 GC
GSE122357	P0	cerebellar	Interneuron	shared_postmitotic_granule_maturation	Shared postmitotic/granule maturation	later_convergence	11	11	Nfia,Neurod1,Rbfox3,Hmgn2,Dcx,Tubb3,Stmn2,Stmn3,Gpm6a,Gap43,Calb2		418	0.9101332990119984	0.9003467401542617	0.625	False		other	Interneuron
GSE122357	P0	cerebellar	Microglia	shared_postmitotic_granule_maturation	Shared postmitotic/granule maturation	later_convergence	11	11	Nfia,Neurod1,Rbfox3,Hmgn2,Dcx,Tubb3,Stmn2,Stmn3,Gpm6a,Gap43,Calb2		112	0.2520535202036165	0.3662344362594849	0.125	False		other	Microglia
GSE122357	P0	cerebellar	Astrocytes	shared_postmitotic_granule_maturation	Shared postmitotic/granule maturation	later_convergence	11	11	Nfia,Neurod1,Rbfox3,Hmgn2,Dcx,Tubb3,Stmn2,Stmn3,Gpm6a,Gap43,Calb2		1230	0.4149407446788942	0.4650267398497244	0.25	False		other	Astrocytes
GSE122357	P0	cerebellar	Oligodendrocytes	shared_postmitotic_granule_maturation	Shared postmitotic/granule maturation	later_convergence	11	11	Nfia,Neurod1,Rbfox3,Hmgn2,Dcx,Tubb3,Stmn2,Stmn3,Gpm6a,Gap43,Calb2		44	0.6029028608944558	0.663491649083724	0.375	False		other	Oligodendrocytes
GSE122357	P0	cerebellar	Purkinje cells	shared_postmitotic_granule_maturation	Shared postmitotic/granule maturation	later_convergence	11	11	Nfia,Neurod1,Rbfox3,Hmgn2,Dcx,Tubb3,Stmn2,Stmn3,Gpm6a,Gap43,Calb2		92	0.9494653525184205	0.9806819540299787	0.75	False		other	Purkinje cells
GSE122357	P0	cerebellar	Endothelial cells	shared_postmitotic_granule_maturation	Shared postmitotic/granule maturation	later_convergence	11	11	Nfia,Neurod1,Rbfox3,Hmgn2,Dcx,Tubb3,Stmn2,Stmn3,Gpm6a,Gap43,Calb2		15	0.7328050684485742	0.906708728355609	0.5	False		other	Endothelial cells
GSE122357	P0	cerebellar	Granule precursor	downstream_neurite_synapse_construction	Downstream neurite/synapse construction	later_convergence	21	21	Gpm6a,Robo2,Dcc,Cadm3,Stmn2,Stmn3,Gap43,Dpysl2,Dpysl3,Map1b,Basp1,Ncam1,L1cam,Kcnk1,Gabra2,Gabrb3,Grin2b,Slc17a6,Slc17a7,Snap25,Syt1		2553	0.4646335734456213	0.5168138780885665	0.75	True	0.0	early_precursor	P0 GP
GSE122357	P0	cerebellar	Granule cells	downstream_neurite_synapse_construction	Downstream neurite/synapse construction	later_convergence	21	21	Gpm6a,Robo2,Dcc,Cadm3,Stmn2,Stmn3,Gap43,Dpysl2,Dpysl3,Map1b,Basp1,Ncam1,L1cam,Kcnk1,Gabra2,Gabrb3,Grin2b,Slc17a6,Slc17a7,Snap25,Syt1		2814	0.8812195216541747	0.8941906593704492	1.0	True	0.25	early_precursor	P0 GC
GSE122357	P0	cerebellar	Interneuron	downstream_neurite_synapse_construction	Downstream neurite/synapse construction	later_convergence	21	21	Gpm6a,Robo2,Dcc,Cadm3,Stmn2,Stmn3,Gap43,Dpysl2,Dpysl3,Map1b,Basp1,Ncam1,L1cam,Kcnk1,Gabra2,Gabrb3,Grin2b,Slc17a6,Slc17a7,Snap25,Syt1		418	0.4453257111547562	0.4457783326266103	0.625	False		other	Interneuron
GSE122357	P0	cerebellar	Microglia	downstream_neurite_synapse_construction	Downstream neurite/synapse construction	later_convergence	21	21	Gpm6a,Robo2,Dcc,Cadm3,Stmn2,Stmn3,Gap43,Dpysl2,Dpysl3,Map1b,Basp1,Ncam1,L1cam,Kcnk1,Gabra2,Gabrb3,Grin2b,Slc17a6,Slc17a7,Snap25,Syt1		112	0.11832888808514287	0.18245075089804313	0.125	False		other	Microglia
GSE122357	P0	cerebellar	Astrocytes	downstream_neurite_synapse_construction	Downstream neurite/synapse construction	later_convergence	21	21	Gpm6a,Robo2,Dcc,Cadm3,Stmn2,Stmn3,Gap43,Dpysl2,Dpysl3,Map1b,Basp1,Ncam1,L1cam,Kcnk1,Gabra2,Gabrb3,Grin2b,Slc17a6,Slc17a7,Snap25,Syt1		1230	0.23665777617028574	0.27243891691132605	0.25	False		other	Astrocytes
GSE122357	P0	cerebellar	Oligodendrocytes	downstream_neurite_synapse_construction	Downstream neurite/synapse construction	later_convergence	21	21	Gpm6a,Robo2,Dcc,Cadm3,Stmn2,Stmn3,Gap43,Dpysl2,Dpysl3,Map1b,Basp1,Ncam1,L1cam,Kcnk1,Gabra2,Gabrb3,Grin2b,Slc17a6,Slc17a7,Snap25,Syt1		44	0.37119439426879497	0.39746358960117906	0.5	False		other	Oligodendrocytes
GSE122357	P0	cerebellar	Purkinje cells	downstream_neurite_synapse_construction	Downstream neurite/synapse construction	later_convergence	21	21	Gpm6a,Robo2,Dcc,Cadm3,Stmn2,Stmn3,Gap43,Dpysl2,Dpysl3,Map1b,Basp1,Ncam1,L1cam,Kcnk1,Gabra2,Gabrb3,Grin2b,Slc17a6,Slc17a7,Snap25,Syt1		92	0.8647897611507136	0.8989690521076605	0.875	False		other	Purkinje cells
GSE122357	P0	cerebellar	Endothelial cells	downstream_neurite_synapse_construction	Downstream neurite/synapse construction	later_convergence	21	21	Gpm6a,Robo2,Dcc,Cadm3,Stmn2,Stmn3,Gap43,Dpysl2,Dpysl3,Map1b,Basp1,Ncam1,L1cam,Kcnk1,Gabra2,Gabrb3,Grin2b,Slc17a6,Slc17a7,Snap25,Syt1		15	0.32197965565733594	0.4962093433408785	0.375	False		other	Endothelial cells
GSE122357	P8a	cerebellar	Granule cells	deep_neural_progenitor	Deep neural progenitor	deep_origin	13	13	Sox1,Sox2,Sox3,Nes,Vim,Hes1,Hes5,Pax6,Hmga2,Msi1,Prom1,Notch1,Ascl1		1367	0.21327605555690624	0.21705395967400076	0.6875	True	8.35	maturing_granule	P8a GC
GSE122357	P8a	cerebellar	Granule precursor	deep_neural_progenitor	Deep neural progenitor	deep_origin	13	13	Sox1,Sox2,Sox3,Nes,Vim,Hes1,Hes5,Pax6,Hmga2,Msi1,Prom1,Notch1,Ascl1		3254	0.21327605555690624	0.2224364065604855	0.6875	True	8.1	early_precursor	P8a GP
GSE122357	P8a	cerebellar	Purkinje cells	deep_neural_progenitor	Deep neural progenitor	deep_origin	13	13	Sox1,Sox2,Sox3,Nes,Vim,Hes1,Hes5,Pax6,Hmga2,Msi1,Prom1,Notch1,Ascl1		86	0.05331901388922656	0.07601440132663653	0.125	False		other	Purkinje cells
GSE122357	P8a	cerebellar	Microglia	deep_neural_progenitor	Deep neural progenitor	deep_origin	13	13	Sox1,Sox2,Sox3,Nes,Vim,Hes1,Hes5,Pax6,Hmga2,Msi1,Prom1,Notch1,Ascl1		102	0.10663802777845312	0.1428799197203154	0.25	False		other	Microglia
GSE122357	P8a	cerebellar	Interneuron	deep_neural_progenitor	Deep neural progenitor	deep_origin	13	13	Sox1,Sox2,Sox3,Nes,Vim,Hes1,Hes5,Pax6,Hmga2,Msi1,Prom1,Notch1,Ascl1		570	0.20565798195067186	0.29837935291194106	0.5	False		other	Interneuron
GSE122357	P8a	cerebellar	Oligodendrocytes	deep_neural_progenitor	Deep neural progenitor	deep_origin	13	13	Sox1,Sox2,Sox3,Nes,Vim,Hes1,Hes5,Pax6,Hmga2,Msi1,Prom1,Notch1,Ascl1		173	0.1911466653683077	0.2169737371507679	0.375	False		other	Oligodendrocytes
GSE122357	P8a	cerebellar	Astrocytes	deep_neural_progenitor	Deep neural progenitor	deep_origin	13	13	Sox1,Sox2,Sox3,Nes,Vim,Hes1,Hes5,Pax6,Hmga2,Msi1,Prom1,Notch1,Ascl1		292	0.7214201685776376	0.722255264084069	1.0	False		other	Astrocytes
GSE122357	P8a	cerebellar	Endothelial cells	deep_neural_progenitor	Deep neural progenitor	deep_origin	13	13	Sox1,Sox2,Sox3,Nes,Vim,Hes1,Hes5,Pax6,Hmga2,Msi1,Prom1,Notch1,Ascl1		8	0.26892678566984185	0.34522320089776376	0.875	False		other	Endothelial cells
GSE122357	P8a	cerebellar	Granule cells	anterior_telencephalic_pattern	Anterior/telencephalic pattern	regional_origin	14	9	Lhx2,Otx2,Pax6,Eomes,Tbr1,Zbtb20,Tcf7l2,Lef1,Wnt7a	FOXG1,EMX1,EMX2,SIX3,WNT3A	1367	0.2761007388653334	0.2819722565817234	0.75	True	8.35	maturing_granule	P8a GC
GSE122357	P8a	cerebellar	Granule precursor	anterior_telencephalic_pattern	Anterior/telencephalic pattern	regional_origin	14	9	Lhx2,Otx2,Pax6,Eomes,Tbr1,Zbtb20,Tcf7l2,Lef1,Wnt7a	FOXG1,EMX1,EMX2,SIX3,WNT3A	3254	0.3211524175440183	0.32551026835108243	0.875	True	8.1	early_precursor	P8a GP
GSE122357	P8a	cerebellar	Purkinje cells	anterior_telencephalic_pattern	Anterior/telencephalic pattern	regional_origin	14	9	Lhx2,Otx2,Pax6,Eomes,Tbr1,Zbtb20,Tcf7l2,Lef1,Wnt7a	FOXG1,EMX1,EMX2,SIX3,WNT3A	86	0.0	0.05535235441275437	0.1875	False		other	Purkinje cells
GSE122357	P8a	cerebellar	Microglia	anterior_telencephalic_pattern	Anterior/telencephalic pattern	regional_origin	14	9	Lhx2,Otx2,Pax6,Eomes,Tbr1,Zbtb20,Tcf7l2,Lef1,Wnt7a	FOXG1,EMX1,EMX2,SIX3,WNT3A	102	0.0	0.05872117085059272	0.1875	False		other	Microglia
GSE122357	P8a	cerebellar	Interneuron	anterior_telencephalic_pattern	Anterior/telencephalic pattern	regional_origin	14	9	Lhx2,Otx2,Pax6,Eomes,Tbr1,Zbtb20,Tcf7l2,Lef1,Wnt7a	FOXG1,EMX1,EMX2,SIX3,WNT3A	570	0.24413606414846883	0.2630862954129075	0.625	False		other	Interneuron
GSE122357	P8a	cerebellar	Oligodendrocytes	anterior_telencephalic_pattern	Anterior/telencephalic pattern	regional_origin	14	9	Lhx2,Otx2,Pax6,Eomes,Tbr1,Zbtb20,Tcf7l2,Lef1,Wnt7a	FOXG1,EMX1,EMX2,SIX3,WNT3A	173	0.23104906018664842	0.23863624937284592	0.5	False		other	Oligodendrocytes
GSE122357	P8a	cerebellar	Astrocytes	anterior_telencephalic_pattern	Anterior/telencephalic pattern	regional_origin	14	9	Lhx2,Otx2,Pax6,Eomes,Tbr1,Zbtb20,Tcf7l2,Lef1,Wnt7a	FOXG1,EMX1,EMX2,SIX3,WNT3A	292	0.35311709226088284	0.3642695638259065	1.0	False		other	Astrocytes
GSE122357	P8a	cerebellar	Endothelial cells	anterior_telencephalic_pattern	Anterior/telencephalic pattern	regional_origin	14	9	Lhx2,Otx2,Pax6,Eomes,Tbr1,Zbtb20,Tcf7l2,Lef1,Wnt7a	FOXG1,EMX1,EMX2,SIX3,WNT3A	8	0.07701635339554948	0.10899670190935566	0.375	False		other	Endothelial cells
GSE122357	P8a	cerebellar	Granule cells	medial_pallium_dentate_lineage	Medial pallium/dentate lineage	regional_origin	17	15	Prox1,Neurod1,Neurod2,Eomes,Tbr1,Lef1,Lhx2,Zbtb20,Tcf7l2,Wnt7a,Dkk3,Bcl11b,Calb1,C1ql3,Glis3	EMX2,WNT3A	1367	0.299987311355351	0.3029647496681562	1.0	True	8.35	maturing_granule	P8a GC
GSE122357	P8a	cerebellar	Granule precursor	medial_pallium_dentate_lineage	Medial pallium/dentate lineage	regional_origin	17	15	Prox1,Neurod1,Neurod2,Eomes,Tbr1,Lef1,Lhx2,Zbtb20,Tcf7l2,Wnt7a,Dkk3,Bcl11b,Calb1,C1ql3,Glis3	EMX2,WNT3A	3254	0.23890126256374067	0.24619211923369458	0.625	True	8.1	early_precursor	P8a GP
GSE122357	P8a	cerebellar	Purkinje cells	medial_pallium_dentate_lineage	Medial pallium/dentate lineage	regional_origin	17	15	Prox1,Neurod1,Neurod2,Eomes,Tbr1,Lef1,Lhx2,Zbtb20,Tcf7l2,Wnt7a,Dkk3,Bcl11b,Calb1,C1ql3,Glis3	EMX2,WNT3A	86	0.28738510689134933	0.2985075005803648	0.875	False		other	Purkinje cells
GSE122357	P8a	cerebellar	Microglia	medial_pallium_dentate_lineage	Medial pallium/dentate lineage	regional_origin	17	15	Prox1,Neurod1,Neurod2,Eomes,Tbr1,Lef1,Lhx2,Zbtb20,Tcf7l2,Wnt7a,Dkk3,Bcl11b,Calb1,C1ql3,Glis3	EMX2,WNT3A	102	0.046209812037329684	0.05277461393416291	0.125	False		other	Microglia
GSE122357	P8a	cerebellar	Interneuron	medial_pallium_dentate_lineage	Medial pallium/dentate lineage	regional_origin	17	15	Prox1,Neurod1,Neurod2,Eomes,Tbr1,Lef1,Lhx2,Zbtb20,Tcf7l2,Wnt7a,Dkk3,Bcl11b,Calb1,C1ql3,Glis3	EMX2,WNT3A	570	0.27295630414814004	0.27793723677002113	0.75	False		other	Interneuron
GSE122357	P8a	cerebellar	Oligodendrocytes	medial_pallium_dentate_lineage	Medial pallium/dentate lineage	regional_origin	17	15	Prox1,Neurod1,Neurod2,Eomes,Tbr1,Lef1,Lhx2,Zbtb20,Tcf7l2,Wnt7a,Dkk3,Bcl11b,Calb1,C1ql3,Glis3	EMX2,WNT3A	173	0.1759371553076839	0.19241789538440893	0.375	False		other	Oligodendrocytes
GSE122357	P8a	cerebellar	Astrocytes	medial_pallium_dentate_lineage	Medial pallium/dentate lineage	regional_origin	17	15	Prox1,Neurod1,Neurod2,Eomes,Tbr1,Lef1,Lhx2,Zbtb20,Tcf7l2,Wnt7a,Dkk3,Bcl11b,Calb1,C1ql3,Glis3	EMX2,WNT3A	292	0.23104906018664845	0.23695587356917322	0.5	False		other	Astrocytes
GSE122357	P8a	cerebellar	Endothelial cells	medial_pallium_dentate_lineage	Medial pallium/dentate lineage	regional_origin	17	15	Prox1,Neurod1,Neurod2,Eomes,Tbr1,Lef1,Lhx2,Zbtb20,Tcf7l2,Wnt7a,Dkk3,Bcl11b,Calb1,C1ql3,Glis3	EMX2,WNT3A	8	0.10593512767826485	0.11019200787631477	0.25	False		other	Endothelial cells
GSE122357	P8a	cerebellar	Granule cells	hindbrain_rhombic_lip_pattern	Hindbrain/rhombic-lip pattern	regional_origin	18	17	Gbx2,En1,En2,Fgf8,Pax2,Pax5,Pax8,Atoh1,Barhl1,Zic1,Zic2,Zic3,Meis1,Mycn,Ptch1,Gli1,Gli2	WNT1	1367	0.2985396361902251	0.3053504248018216	0.875	True	8.35	maturing_granule	P8a GC
GSE122357	P8a	cerebellar	Granule precursor	hindbrain_rhombic_lip_pattern	Hindbrain/rhombic-lip pattern	regional_origin	18	17	Gbx2,En1,En2,Fgf8,Pax2,Pax5,Pax8,Atoh1,Barhl1,Zic1,Zic2,Zic3,Meis1,Mycn,Ptch1,Gli1,Gli2	WNT1	3254	0.4077336356234972	0.415410006420451	1.0	True	8.1	early_precursor	P8a GP
GSE122357	P8a	cerebellar	Purkinje cells	hindbrain_rhombic_lip_pattern	Hindbrain/rhombic-lip pattern	regional_origin	18	17	Gbx2,En1,En2,Fgf8,Pax2,Pax5,Pax8,Atoh1,Barhl1,Zic1,Zic2,Zic3,Meis1,Mycn,Ptch1,Gli1,Gli2	WNT1	86	0.08154672712469944	0.09579356299207582	0.4375	False		other	Purkinje cells
GSE122357	P8a	cerebellar	Microglia	hindbrain_rhombic_lip_pattern	Hindbrain/rhombic-lip pattern	regional_origin	18	17	Gbx2,En1,En2,Fgf8,Pax2,Pax5,Pax8,Atoh1,Barhl1,Zic1,Zic2,Zic3,Meis1,Mycn,Ptch1,Gli1,Gli2	WNT1	102	0.04077336356234972	0.051342446085688	0.1875	False		other	Microglia
GSE122357	P8a	cerebellar	Interneuron	hindbrain_rhombic_lip_pattern	Hindbrain/rhombic-lip pattern	regional_origin	18	17	Gbx2,En1,En2,Fgf8,Pax2,Pax5,Pax8,Atoh1,Barhl1,Zic1,Zic2,Zic3,Meis1,Mycn,Ptch1,Gli1,Gli2	WNT1	570	0.28541354493644805	0.2951686199998244	0.75	False		other	Interneuron
GSE122357	P8a	cerebellar	Oligodendrocytes	hindbrain_rhombic_lip_pattern	Hindbrain/rhombic-lip pattern	regional_origin	18	17	Gbx2,En1,En2,Fgf8,Pax2,Pax5,Pax8,Atoh1,Barhl1,Zic1,Zic2,Zic3,Meis1,Mycn,Ptch1,Gli1,Gli2	WNT1	173	0.04077336356234972	0.08600579999575206	0.1875	False		other	Oligodendrocytes
GSE122357	P8a	cerebellar	Astrocytes	hindbrain_rhombic_lip_pattern	Hindbrain/rhombic-lip pattern	regional_origin	18	17	Gbx2,En1,En2,Fgf8,Pax2,Pax5,Pax8,Atoh1,Barhl1,Zic1,Zic2,Zic3,Meis1,Mycn,Ptch1,Gli1,Gli2	WNT1	292	0.22771770652399356	0.23844486785975938	0.625	False		other	Astrocytes
GSE122357	P8a	cerebellar	Endothelial cells	hindbrain_rhombic_lip_pattern	Hindbrain/rhombic-lip pattern	regional_origin	18	17	Gbx2,En1,En2,Fgf8,Pax2,Pax5,Pax8,Atoh1,Barhl1,Zic1,Zic2,Zic3,Meis1,Mycn,Ptch1,Gli1,Gli2	WNT1	8	0.08154672712469944	0.0861688496204522	0.4375	False		other	Endothelial cells
GSE122357	P8a	cerebellar	Granule cells	shared_postmitotic_granule_maturation	Shared postmitotic/granule maturation	later_convergence	11	11	Nfia,Neurod1,Rbfox3,Hmgn2,Dcx,Tubb3,Stmn2,Stmn3,Gpm6a,Gap43,Calb2		1367	1.7560042019837014	1.7514634068201933	1.0	True	8.35	maturing_granule	P8a GC
GSE122357	P8a	cerebellar	Granule precursor	shared_postmitotic_granule_maturation	Shared postmitotic/granule maturation	later_convergence	11	11	Nfia,Neurod1,Rbfox3,Hmgn2,Dcx,Tubb3,Stmn2,Stmn3,Gpm6a,Gap43,Calb2		3254	1.3869903456609105	1.4135292753487285	0.875	True	8.1	early_precursor	P8a GP
GSE122357	P8a	cerebellar	Purkinje cells	shared_postmitotic_granule_maturation	Shared postmitotic/granule maturation	later_convergence	11	11	Nfia,Neurod1,Rbfox3,Hmgn2,Dcx,Tubb3,Stmn2,Stmn3,Gpm6a,Gap43,Calb2		86	1.1145529924122295	1.147869001982841	0.75	False		other	Purkinje cells
GSE122357	P8a	cerebellar	Microglia	shared_postmitotic_granule_maturation	Shared postmitotic/granule maturation	later_convergence	11	11	Nfia,Neurod1,Rbfox3,Hmgn2,Dcx,Tubb3,Stmn2,Stmn3,Gpm6a,Gap43,Calb2		102	0.288913984577086	0.3591192073257961	0.125	False		other	Microglia
GSE122357	P8a	cerebellar	Interneuron	shared_postmitotic_granule_maturation	Shared postmitotic/granule maturation	later_convergence	11	11	Nfia,Neurod1,Rbfox3,Hmgn2,Dcx,Tubb3,Stmn2,Stmn3,Gpm6a,Gap43,Calb2		570	1.0905935178853783	1.1094441584582109	0.625	False		other	Interneuron
GSE122357	P8a	cerebellar	Oligodendrocytes	shared_postmitotic_granule_maturation	Shared postmitotic/granule maturation	later_convergence	11	11	Nfia,Neurod1,Rbfox3,Hmgn2,Dcx,Tubb3,Stmn2,Stmn3,Gpm6a,Gap43,Calb2		173	0.6777018135785456	0.7647591733760457	0.5	False		other	Oligodendrocytes
GSE122357	P8a	cerebellar	Astrocytes	shared_postmitotic_granule_maturation	Shared postmitotic/granule maturation	later_convergence	11	11	Nfia,Neurod1,Rbfox3,Hmgn2,Dcx,Tubb3,Stmn2,Stmn3,Gpm6a,Gap43,Calb2		292	0.5516750534767373	0.6322538710601999	0.375	False		other	Astrocytes
GSE122357	P8a	cerebellar	Endothelial cells	shared_postmitotic_granule_maturation	Shared postmitotic/granule maturation	later_convergence	11	11	Nfia,Neurod1,Rbfox3,Hmgn2,Dcx,Tubb3,Stmn2,Stmn3,Gpm6a,Gap43,Calb2		8	0.3143510658468779	0.3471211022987305	0.25	False		other	Endothelial cells
GSE122357	P8a	cerebellar	Granule cells	downstream_neurite_synapse_construction	Downstream neurite/synapse construction	later_convergence	21	21	Gpm6a,Robo2,Dcc,Cadm3,Stmn2,Stmn3,Gap43,Dpysl2,Dpysl3,Map1b,Basp1,Ncam1,L1cam,Kcnk1,Gabra2,Gabrb3,Grin2b,Slc17a6,Slc17a7,Snap25,Syt1		1367	0.92502745058789	0.9204395194597732	0.875	True	8.35	maturing_granule	P8a GC
GSE122357	P8a	cerebellar	Granule precursor	downstream_neurite_synapse_construction	Downstream neurite/synapse construction	later_convergence	21	21	Gpm6a,Robo2,Dcc,Cadm3,Stmn2,Stmn3,Gap43,Dpysl2,Dpysl3,Map1b,Basp1,Ncam1,L1cam,Kcnk1,Gabra2,Gabrb3,Grin2b,Slc17a6,Slc17a7,Snap25,Syt1		3254	0.6106565284308993	0.6318378707601128	0.75	True	8.1	early_precursor	P8a GP
GSE122357	P8a	cerebellar	Purkinje cells	downstream_neurite_synapse_construction	Downstream neurite/synapse construction	later_convergence	21	21	Gpm6a,Robo2,Dcc,Cadm3,Stmn2,Stmn3,Gap43,Dpysl2,Dpysl3,Map1b,Basp1,Ncam1,L1cam,Kcnk1,Gabra2,Gabrb3,Grin2b,Slc17a6,Slc17a7,Snap25,Syt1		86	1.2290288938643341	1.2008884575457133	1.0	False		other	Purkinje cells
GSE122357	P8a	cerebellar	Microglia	downstream_neurite_synapse_construction	Downstream neurite/synapse construction	later_convergence	21	21	Gpm6a,Robo2,Dcc,Cadm3,Stmn2,Stmn3,Gap43,Dpysl2,Dpysl3,Map1b,Basp1,Ncam1,L1cam,Kcnk1,Gabra2,Gabrb3,Grin2b,Slc17a6,Slc17a7,Snap25,Syt1		102	0.11832888808514287	0.15942880887615352	0.25	False		other	Microglia
GSE122357	P8a	cerebellar	Interneuron	downstream_neurite_synapse_construction	Downstream neurite/synapse construction	later_convergence	21	21	Gpm6a,Robo2,Dcc,Cadm3,Stmn2,Stmn3,Gap43,Dpysl2,Dpysl3,Map1b,Basp1,Ncam1,L1cam,Kcnk1,Gabra2,Gabrb3,Grin2b,Slc17a6,Slc17a7,Snap25,Syt1		570	0.5503923371866761	0.5571408012833118	0.625	False		other	Interneuron
GSE122357	P8a	cerebellar	Oligodendrocytes	downstream_neurite_synapse_construction	Downstream neurite/synapse construction	later_convergence	21	21	Gpm6a,Robo2,Dcc,Cadm3,Stmn2,Stmn3,Gap43,Dpysl2,Dpysl3,Map1b,Basp1,Ncam1,L1cam,Kcnk1,Gabra2,Gabrb3,Grin2b,Slc17a6,Slc17a7,Snap25,Syt1		173	0.5242889528977818	0.5511020155655977	0.5	False		other	Oligodendrocytes
GSE122357	P8a	cerebellar	Astrocytes	downstream_neurite_synapse_construction	Downstream neurite/synapse construction	later_convergence	21	21	Gpm6a,Robo2,Dcc,Cadm3,Stmn2,Stmn3,Gap43,Dpysl2,Dpysl3,Map1b,Basp1,Ncam1,L1cam,Kcnk1,Gabra2,Gabrb3,Grin2b,Slc17a6,Slc17a7,Snap25,Syt1		292	0.3568245127956936	0.3870296545713734	0.375	False		other	Astrocytes
GSE122357	P8a	cerebellar	Endothelial cells	downstream_neurite_synapse_construction	Downstream neurite/synapse construction	later_convergence	21	21	Gpm6a,Robo2,Dcc,Cadm3,Stmn2,Stmn3,Gap43,Dpysl2,Dpysl3,Map1b,Basp1,Ncam1,L1cam,Kcnk1,Gabra2,Gabrb3,Grin2b,Slc17a6,Slc17a7,Snap25,Syt1		8	0.11147931493152904	0.11934019187559167	0.125	False		other	Endothelial cells
GSE122357	P8b	cerebellar	Granule precursor	deep_neural_progenitor	Deep neural progenitor	deep_origin	13	13	Sox1,Sox2,Sox3,Nes,Vim,Hes1,Hes5,Pax6,Hmga2,Msi1,Prom1,Notch1,Ascl1		4309	0.1911466653683077	0.19991040142502714	0.6875	True	8.2	early_precursor	P8b GP
GSE122357	P8b	cerebellar	Granule cells	deep_neural_progenitor	Deep neural progenitor	deep_origin	13	13	Sox1,Sox2,Sox3,Nes,Vim,Hes1,Hes5,Pax6,Hmga2,Msi1,Prom1,Notch1,Ascl1		1883	0.1771219302303112	0.1887611753682311	0.5	True	8.45	maturing_granule	P8b GC
GSE122357	P8b	cerebellar	Interneuron	deep_neural_progenitor	Deep neural progenitor	deep_origin	13	13	Sox1,Sox2,Sox3,Nes,Vim,Hes1,Hes5,Pax6,Hmga2,Msi1,Prom1,Notch1,Ascl1		828	0.1911466653683077	0.2783046898112052	0.6875	False		other	Interneuron
GSE122357	P8b	cerebellar	Astrocytes	deep_neural_progenitor	Deep neural progenitor	deep_origin	13	13	Sox1,Sox2,Sox3,Nes,Vim,Hes1,Hes5,Pax6,Hmga2,Msi1,Prom1,Notch1,Ascl1		512	0.5483505658726274	0.5536655137823289	1.0	False		other	Astrocytes
GSE122357	P8b	cerebellar	Purkinje cells	deep_neural_progenitor	Deep neural progenitor	deep_origin	13	13	Sox1,Sox2,Sox3,Nes,Vim,Hes1,Hes5,Pax6,Hmga2,Msi1,Prom1,Notch1,Ascl1		78	0.05331901388922656	0.08618105714150112	0.1875	False		other	Purkinje cells
GSE122357	P8b	cerebellar	Oligodendrocytes	deep_neural_progenitor	Deep neural progenitor	deep_origin	13	13	Sox1,Sox2,Sox3,Nes,Vim,Hes1,Hes5,Pax6,Hmga2,Msi1,Prom1,Notch1,Ascl1		238	0.15995704166767968	0.19322730472980487	0.375	False		other	Oligodendrocytes
GSE122357	P8b	cerebellar	Microglia	deep_neural_progenitor	Deep neural progenitor	deep_origin	13	13	Sox1,Sox2,Sox3,Nes,Vim,Hes1,Hes5,Pax6,Hmga2,Msi1,Prom1,Notch1,Ascl1		123	0.05331901388922656	0.10184698154090044	0.1875	False		other	Microglia
GSE122357	P8b	cerebellar	Endothelial cells	deep_neural_progenitor	Deep neural progenitor	deep_origin	13	13	Sox1,Sox2,Sox3,Nes,Vim,Hes1,Hes5,Pax6,Hmga2,Msi1,Prom1,Notch1,Ascl1		18	0.36464126177280193	0.34280677943859383	0.875	False		other	Endothelial cells
GSE122357	P8b	cerebellar	Granule precursor	anterior_telencephalic_pattern	Anterior/telencephalic pattern	regional_origin	14	9	Lhx2,Otx2,Pax6,Eomes,Tbr1,Zbtb20,Tcf7l2,Lef1,Wnt7a	FOXG1,EMX1,EMX2,SIX3,WNT3A	4309	0.2761007388653334	0.2826454181968535	0.875	True	8.2	early_precursor	P8b GP
GSE122357	P8b	cerebellar	Granule cells	anterior_telencephalic_pattern	Anterior/telencephalic pattern	regional_origin	14	9	Lhx2,Otx2,Pax6,Eomes,Tbr1,Zbtb20,Tcf7l2,Lef1,Wnt7a	FOXG1,EMX1,EMX2,SIX3,WNT3A	1883	0.23104906018664842	0.23566250636703917	0.75	True	8.45	maturing_granule	P8b GC
GSE122357	P8b	cerebellar	Interneuron	anterior_telencephalic_pattern	Anterior/telencephalic pattern	regional_origin	14	9	Lhx2,Otx2,Pax6,Eomes,Tbr1,Zbtb20,Tcf7l2,Lef1,Wnt7a	FOXG1,EMX1,EMX2,SIX3,WNT3A	828	0.2162122387839237	0.23224415099453255	0.625	False		other	Interneuron
GSE122357	P8b	cerebellar	Astrocytes	anterior_telencephalic_pattern	Anterior/telencephalic pattern	regional_origin	14	9	Lhx2,Otx2,Pax6,Eomes,Tbr1,Zbtb20,Tcf7l2,Lef1,Wnt7a	FOXG1,EMX1,EMX2,SIX3,WNT3A	512	0.30089446678913445	0.3016310350041123	1.0	False		other	Astrocytes
GSE122357	P8b	cerebellar	Purkinje cells	anterior_telencephalic_pattern	Anterior/telencephalic pattern	regional_origin	14	9	Lhx2,Otx2,Pax6,Eomes,Tbr1,Zbtb20,Tcf7l2,Lef1,Wnt7a	FOXG1,EMX1,EMX2,SIX3,WNT3A	78	0.0	0.05244656824201294	0.1875	False		other	Purkinje cells
GSE122357	P8b	cerebellar	Oligodendrocytes	anterior_telencephalic_pattern	Anterior/telencephalic pattern	regional_origin	14	9	Lhx2,Otx2,Pax6,Eomes,Tbr1,Zbtb20,Tcf7l2,Lef1,Wnt7a	FOXG1,EMX1,EMX2,SIX3,WNT3A	238	0.17882643471490003	0.19168844808173766	0.5	False		other	Oligodendrocytes
GSE122357	P8b	cerebellar	Microglia	anterior_telencephalic_pattern	Anterior/telencephalic pattern	regional_origin	14	9	Lhx2,Otx2,Pax6,Eomes,Tbr1,Zbtb20,Tcf7l2,Lef1,Wnt7a	FOXG1,EMX1,EMX2,SIX3,WNT3A	123	0.0	0.06618070451254161	0.1875	False		other	Microglia
GSE122357	P8b	cerebellar	Endothelial cells	anterior_telencephalic_pattern	Anterior/telencephalic pattern	regional_origin	14	9	Lhx2,Otx2,Pax6,Eomes,Tbr1,Zbtb20,Tcf7l2,Lef1,Wnt7a	FOXG1,EMX1,EMX2,SIX3,WNT3A	18	0.09954219273489195	0.129969476084341	0.375	False		other	Endothelial cells
GSE122357	P8b	cerebellar	Granule precursor	medial_pallium_dentate_lineage	Medial pallium/dentate lineage	regional_origin	17	15	Prox1,Neurod1,Neurod2,Eomes,Tbr1,Lef1,Lhx2,Zbtb20,Tcf7l2,Wnt7a,Dkk3,Bcl11b,Calb1,C1ql3,Glis3	EMX2,WNT3A	4309	0.19269145052641096	0.20069179531442852	0.625	True	8.2	early_precursor	P8b GP
GSE122357	P8b	cerebellar	Granule cells	medial_pallium_dentate_lineage	Medial pallium/dentate lineage	regional_origin	17	15	Prox1,Neurod1,Neurod2,Eomes,Tbr1,Lef1,Lhx2,Zbtb20,Tcf7l2,Wnt7a,Dkk3,Bcl11b,Calb1,C1ql3,Glis3	EMX2,WNT3A	1883	0.2608015336952097	0.26435568908991014	0.875	True	8.45	maturing_granule	P8b GC
GSE122357	P8b	cerebellar	Interneuron	medial_pallium_dentate_lineage	Medial pallium/dentate lineage	regional_origin	17	15	Prox1,Neurod1,Neurod2,Eomes,Tbr1,Lef1,Lhx2,Zbtb20,Tcf7l2,Wnt7a,Dkk3,Bcl11b,Calb1,C1ql3,Glis3	EMX2,WNT3A	828	0.22674649211081033	0.23335614487806564	0.75	False		other	Interneuron
GSE122357	P8b	cerebellar	Astrocytes	medial_pallium_dentate_lineage	Medial pallium/dentate lineage	regional_origin	17	15	Prox1,Neurod1,Neurod2,Eomes,Tbr1,Lef1,Lhx2,Zbtb20,Tcf7l2,Wnt7a,Dkk3,Bcl11b,Calb1,C1ql3,Glis3	EMX2,WNT3A	512	0.16566044331920002	0.18729628207293494	0.5	False		other	Astrocytes
GSE122357	P8b	cerebellar	Purkinje cells	medial_pallium_dentate_lineage	Medial pallium/dentate lineage	regional_origin	17	15	Prox1,Neurod1,Neurod2,Eomes,Tbr1,Lef1,Lhx2,Zbtb20,Tcf7l2,Wnt7a,Dkk3,Bcl11b,Calb1,C1ql3,Glis3	EMX2,WNT3A	78	0.27458264295378776	0.28186280081960124	1.0	False		other	Purkinje cells
GSE122357	P8b	cerebellar	Oligodendrocytes	medial_pallium_dentate_lineage	Medial pallium/dentate lineage	regional_origin	17	15	Prox1,Neurod1,Neurod2,Eomes,Tbr1,Lef1,Lhx2,Zbtb20,Tcf7l2,Wnt7a,Dkk3,Bcl11b,Calb1,C1ql3,Glis3	EMX2,WNT3A	238	0.13862943611198905	0.14675546296972605	0.375	False		other	Oligodendrocytes
GSE122357	P8b	cerebellar	Microglia	medial_pallium_dentate_lineage	Medial pallium/dentate lineage	regional_origin	17	15	Prox1,Neurod1,Neurod2,Eomes,Tbr1,Lef1,Lhx2,Zbtb20,Tcf7l2,Wnt7a,Dkk3,Bcl11b,Calb1,C1ql3,Glis3	EMX2,WNT3A	123	0.046209812037329684	0.0652671533927658	0.125	False		other	Microglia
GSE122357	P8b	cerebellar	Endothelial cells	medial_pallium_dentate_lineage	Medial pallium/dentate lineage	regional_origin	17	15	Prox1,Neurod1,Neurod2,Eomes,Tbr1,Lef1,Lhx2,Zbtb20,Tcf7l2,Wnt7a,Dkk3,Bcl11b,Calb1,C1ql3,Glis3	EMX2,WNT3A	18	0.11945063128187033	0.11842781843639617	0.25	False		other	Endothelial cells
GSE122357	P8b	cerebellar	Granule precursor	hindbrain_rhombic_lip_pattern	Hindbrain/rhombic-lip pattern	regional_origin	18	16	Gbx2,En1,En2,Fgf8,Pax2,Pax5,Atoh1,Barhl1,Zic1,Zic2,Zic3,Meis1,Mycn,Ptch1,Gli1,Gli2	WNT1,PAX8	4309	0.4137545754081472	0.42340897417564466	1.0	True	8.2	early_precursor	P8b GP
GSE122357	P8b	cerebellar	Granule cells	hindbrain_rhombic_lip_pattern	Hindbrain/rhombic-lip pattern	regional_origin	18	16	Gbx2,En1,En2,Fgf8,Pax2,Pax5,Atoh1,Barhl1,Zic1,Zic2,Zic3,Meis1,Mycn,Ptch1,Gli1,Gli2	WNT1,PAX8	1883	0.28527176196673976	0.29638681296762753	0.875	True	8.45	maturing_granule	P8b GC
GSE122357	P8b	cerebellar	Interneuron	hindbrain_rhombic_lip_pattern	Hindbrain/rhombic-lip pattern	regional_origin	18	16	Gbx2,En1,En2,Fgf8,Pax2,Pax5,Atoh1,Barhl1,Zic1,Zic2,Zic3,Meis1,Mycn,Ptch1,Gli1,Gli2	WNT1,PAX8	828	0.2515844806709468	0.2644894350479876	0.75	False		other	Interneuron
GSE122357	P8b	cerebellar	Astrocytes	hindbrain_rhombic_lip_pattern	Hindbrain/rhombic-lip pattern	regional_origin	18	16	Gbx2,En1,En2,Fgf8,Pax2,Pax5,Atoh1,Barhl1,Zic1,Zic2,Zic3,Meis1,Mycn,Ptch1,Gli1,Gli2	WNT1,PAX8	512	0.19862836439674658	0.21231658595125416	0.625	False		other	Astrocytes
GSE122357	P8b	cerebellar	Purkinje cells	hindbrain_rhombic_lip_pattern	Hindbrain/rhombic-lip pattern	regional_origin	18	16	Gbx2,En1,En2,Fgf8,Pax2,Pax5,Atoh1,Barhl1,Zic1,Zic2,Zic3,Meis1,Mycn,Ptch1,Gli1,Gli2	WNT1,PAX8	78	0.08664339756999316	0.11127365083078608	0.375	False		other	Purkinje cells
GSE122357	P8b	cerebellar	Oligodendrocytes	hindbrain_rhombic_lip_pattern	Hindbrain/rhombic-lip pattern	regional_origin	18	16	Gbx2,En1,En2,Fgf8,Pax2,Pax5,Atoh1,Barhl1,Zic1,Zic2,Zic3,Meis1,Mycn,Ptch1,Gli1,Gli2	WNT1,PAX8	238	0.04332169878499658	0.0835737569828055	0.1875	False		other	Oligodendrocytes
GSE122357	P8b	cerebellar	Microglia	hindbrain_rhombic_lip_pattern	Hindbrain/rhombic-lip pattern	regional_origin	18	16	Gbx2,En1,En2,Fgf8,Pax2,Pax5,Atoh1,Barhl1,Zic1,Zic2,Zic3,Meis1,Mycn,Ptch1,Gli1,Gli2	WNT1,PAX8	123	0.04332169878499658	0.07740440328767599	0.1875	False		other	Microglia
GSE122357	P8b	cerebellar	Endothelial cells	hindbrain_rhombic_lip_pattern	Hindbrain/rhombic-lip pattern	regional_origin	18	16	Gbx2,En1,En2,Fgf8,Pax2,Pax5,Atoh1,Barhl1,Zic1,Zic2,Zic3,Meis1,Mycn,Ptch1,Gli1,Gli2	WNT1,PAX8	18	0.12996509635498973	0.15489849047945356	0.5	False		other	Endothelial cells
GSE122357	P8b	cerebellar	Granule precursor	shared_postmitotic_granule_maturation	Shared postmitotic/granule maturation	later_convergence	11	11	Nfia,Neurod1,Rbfox3,Hmgn2,Dcx,Tubb3,Stmn2,Stmn3,Gpm6a,Gap43,Calb2		4309	1.1710791079777279	1.217642368242237	0.875	True	8.2	early_precursor	P8b GP
GSE122357	P8b	cerebellar	Granule cells	shared_postmitotic_granule_maturation	Shared postmitotic/granule maturation	later_convergence	11	11	Nfia,Neurod1,Rbfox3,Hmgn2,Dcx,Tubb3,Stmn2,Stmn3,Gpm6a,Gap43,Calb2		1883	1.5541993796542661	1.5581693264735894	1.0	True	8.45	maturing_granule	P8b GC
GSE122357	P8b	cerebellar	Interneuron	shared_postmitotic_granule_maturation	Shared postmitotic/granule maturation	later_convergence	11	11	Nfia,Neurod1,Rbfox3,Hmgn2,Dcx,Tubb3,Stmn2,Stmn3,Gpm6a,Gap43,Calb2		828	0.9113140029394193	0.9330993077585135	0.625	False		other	Interneuron
GSE122357	P8b	cerebellar	Astrocytes	shared_postmitotic_granule_maturation	Shared postmitotic/granule maturation	later_convergence	11	11	Nfia,Neurod1,Rbfox3,Hmgn2,Dcx,Tubb3,Stmn2,Stmn3,Gpm6a,Gap43,Calb2		512	0.4518012090523637	0.535654422736548	0.375	False		other	Astrocytes
GSE122357	P8b	cerebellar	Purkinje cells	shared_postmitotic_granule_maturation	Shared postmitotic/granule maturation	later_convergence	11	11	Nfia,Neurod1,Rbfox3,Hmgn2,Dcx,Tubb3,Stmn2,Stmn3,Gpm6a,Gap43,Calb2		78	1.1093458533866656	1.0962080285064404	0.75	False		other	Purkinje cells
GSE122357	P8b	cerebellar	Oligodendrocytes	shared_postmitotic_granule_maturation	Shared postmitotic/granule maturation	later_convergence	11	11	Nfia,Neurod1,Rbfox3,Hmgn2,Dcx,Tubb3,Stmn2,Stmn3,Gpm6a,Gap43,Calb2		238	0.5981137465463728	0.6570163232649756	0.5	False		other	Oligodendrocytes
GSE122357	P8b	cerebellar	Microglia	shared_postmitotic_granule_maturation	Shared postmitotic/granule maturation	later_convergence	11	11	Nfia,Neurod1,Rbfox3,Hmgn2,Dcx,Tubb3,Stmn2,Stmn3,Gpm6a,Gap43,Calb2		123	0.2723392975958174	0.4290067527592317	0.125	False		other	Microglia
GSE122357	P8b	cerebellar	Endothelial cells	shared_postmitotic_granule_maturation	Shared postmitotic/granule maturation	later_convergence	11	11	Nfia,Neurod1,Rbfox3,Hmgn2,Dcx,Tubb3,Stmn2,Stmn3,Gpm6a,Gap43,Calb2		18	0.2806266410864517	0.3896516512430515	0.25	False		other	Endothelial cells
GSE122357	P8b	cerebellar	Granule precursor	downstream_neurite_synapse_construction	Downstream neurite/synapse construction	later_convergence	21	21	Gpm6a,Robo2,Dcc,Cadm3,Stmn2,Stmn3,Gap43,Dpysl2,Dpysl3,Map1b,Basp1,Ncam1,L1cam,Kcnk1,Gabra2,Gabrb3,Grin2b,Slc17a6,Slc17a7,Snap25,Syt1		4309	0.4943552072110019	0.5233952895963062	0.75	True	8.2	early_precursor	P8b GP
GSE122357	P8b	cerebellar	Granule cells	downstream_neurite_synapse_construction	Downstream neurite/synapse construction	later_convergence	21	21	Gpm6a,Robo2,Dcc,Cadm3,Stmn2,Stmn3,Gap43,Dpysl2,Dpysl3,Map1b,Basp1,Ncam1,L1cam,Kcnk1,Gabra2,Gabrb3,Grin2b,Slc17a6,Slc17a7,Snap25,Syt1		1883	0.7916303965152347	0.8052801510330647	0.875	True	8.45	maturing_granule	P8b GC
GSE122357	P8b	cerebellar	Interneuron	downstream_neurite_synapse_construction	Downstream neurite/synapse construction	later_convergence	21	21	Gpm6a,Robo2,Dcc,Cadm3,Stmn2,Stmn3,Gap43,Dpysl2,Dpysl3,Map1b,Basp1,Ncam1,L1cam,Kcnk1,Gabra2,Gabrb3,Grin2b,Slc17a6,Slc17a7,Snap25,Syt1		828	0.4335208939626759	0.44249388404115975	0.625	False		other	Interneuron
GSE122357	P8b	cerebellar	Astrocytes	downstream_neurite_synapse_construction	Downstream neurite/synapse construction	later_convergence	21	21	Gpm6a,Robo2,Dcc,Cadm3,Stmn2,Stmn3,Gap43,Dpysl2,Dpysl3,Map1b,Basp1,Ncam1,L1cam,Kcnk1,Gabra2,Gabrb3,Grin2b,Slc17a6,Slc17a7,Snap25,Syt1		512	0.25934011845707217	0.29602529131338473	0.375	False		other	Astrocytes
GSE122357	P8b	cerebellar	Purkinje cells	downstream_neurite_synapse_construction	Downstream neurite/synapse construction	later_convergence	21	21	Gpm6a,Robo2,Dcc,Cadm3,Stmn2,Stmn3,Gap43,Dpysl2,Dpysl3,Map1b,Basp1,Ncam1,L1cam,Kcnk1,Gabra2,Gabrb3,Grin2b,Slc17a6,Slc17a7,Snap25,Syt1		78	1.1974130909908864	1.112698610676497	1.0	False		other	Purkinje cells
GSE122357	P8b	cerebellar	Oligodendrocytes	downstream_neurite_synapse_construction	Downstream neurite/synapse construction	later_convergence	21	21	Gpm6a,Robo2,Dcc,Cadm3,Stmn2,Stmn3,Gap43,Dpysl2,Dpysl3,Map1b,Basp1,Ncam1,L1cam,Kcnk1,Gabra2,Gabrb3,Grin2b,Slc17a6,Slc17a7,Snap25,Syt1		238	0.41628473112394504	0.43949694327128297	0.5	False		other	Oligodendrocytes
GSE122357	P8b	cerebellar	Microglia	downstream_neurite_synapse_construction	Downstream neurite/synapse construction	later_convergence	21	21	Gpm6a,Robo2,Dcc,Cadm3,Stmn2,Stmn3,Gap43,Dpysl2,Dpysl3,Map1b,Basp1,Ncam1,L1cam,Kcnk1,Gabra2,Gabrb3,Grin2b,Slc17a6,Slc17a7,Snap25,Syt1		123	0.13202803439237054	0.21421448039628044	0.25	False		other	Microglia
GSE122357	P8b	cerebellar	Endothelial cells	downstream_neurite_synapse_construction	Downstream neurite/synapse construction	later_convergence	21	21	Gpm6a,Robo2,Dcc,Cadm3,Stmn2,Stmn3,Gap43,Dpysl2,Dpysl3,Map1b,Basp1,Ncam1,L1cam,Kcnk1,Gabra2,Gabrb3,Grin2b,Slc17a6,Slc17a7,Snap25,Syt1		18	0.09902102579427789	0.1997700432137812	0.125	False		other	Endothelial cells
