column	class	n_unique	n_missing	top_values
orig.ident	character	24	0	GTO005=8388; GTO002=5487; S1R1=5033; S8R5=4224; S3R4=3922; S1R3=3857; S4R4=2919; S2R3=2909; S2R5stored=2843; GTO001=2725; S1R5stored=2595; S6R5=2367
nCount_RNA	numeric	28041	0	1415=15; 1726=15; 1814=14; 2361=14; 1804=13; 1559=12; 1791=12; 1797=12; 2272=12; 2575=12; 1021=11; 1294=11
nFeature_RNA	integer	8919	0	3011=26; 1226=25; 3106=22; 1031=21; 1597=21; 1145=20; 3767=20; 3840=20; 4028=20; 992=20; 1032=19; 1104=19
percent_mito	numeric	56182	0	0=1146; 3.33333333333333=8; 4.76190476190476=8; 6.25=7; 1.66666666666667=6; 3.84615384615385=6; 4.34782608695652=6; 5.26315789473684=6; 0.87719298245614=5; 1.47058823529412=5; 1.72413793103448=5; 1.88679245283019=5
percent_ribo	numeric	50148	0	0=403; 0.261096605744125=13; 0.165289256198347=11; 0.189035916824197=11; 0.210970464135021=11; 0.23696682464455=11; 0.240384615384615=11; 0.326797385620915=11; 0.165562913907285=10; 0.174825174825175=10; 0.265957446808511=10; 0.285714285714286=10
spliced_nCountRNA	numeric	9308	0	858=35; 486=34; 484=33; 566=33; 1014=32; 537=32; 677=32; 747=32; 454=31; 623=31; 630=31; 924=31
unspliced_nCountRNA	numeric	24252	0	966=17; 1297=15; 934=15; 1202=14; 1359=14; 1462=14; 1700=14; 896=14; 959=14; 1049=13; 1052=13; 1125=13
velocyto_unsplicedratio	numeric	58360	0	0.75=13; 0.714285714285714=10; 0.833333333333333=10; 0.777777777777778=9; 0.8=9; 0.666666666666667=8; 0.818181818181818=6; 0.739130434782609=5; 0.848484848484849=5; 0.575=4; 0.625=4; 0.7=4
Run	character	6	0	Run5=17657; Run6=16600; Run4=10095; Run3=6766; Run1=5033; Run2=2924
seurat_clusters	factor	20	0	0=5836; 1=5663; 2=5378; 3=4889; 4=4459; 5=4018; 6=3903; 7=3435; 8=3350; 9=3124; 10=2686; 11=2674
scDblFinder_score	numeric	55965	0	0.0018990021198988=48; 0.00156532973051071=41; 0.00200021057389677=33; 0.000507542921695858=30; 0.00099157344084233=26; 0.00134364096447825=25; 0.000571648764889687=24; 0.0015277803177014=21; 0.00968919973820448=21; 0.000665868225041777=19; 0.00089026236673817=18; 0.00205382681451738=16
scDblFinder_class	character	2	0	singlet=57363; doublet=1712
cells	character	59075	0	GTO001_AAACCCAAGGCTTCCG=1; GTO001_AAACCCAAGTGGTGGT=1; GTO001_AAACCCACAGTTGGTT=1; GTO001_AAACGAAAGAAATGGG=1; GTO001_AAACGAATCGCTAATG=1; GTO001_AAACGCTCACTTGTGA=1; GTO001_AAACGCTTCGTGGCTG=1; GTO001_AAAGAACAGCGCGTTC=1; GTO001_AAAGAACAGGCAGTCA=1; GTO001_AAAGGATAGACGCCCT=1; GTO001_AAAGGATAGTGTAGTA=1; GTO001_AAAGGATGTAGCACGA=1
sample	character	24	0	S5R6=8388; S2R6=5487; S1R1=5033; S8R5=4224; S3R4=3922; S1R3=3857; S4R4=2919; S2R3=2909; S2R5stored=2843; S1R6=2725; S1R5stored=2595; S6R5=2367
group	character	4	0	RES=18057; SAD=16367; CTRL=13446; MAD=11205
nFeature_spliced	integer	4830	0	455=47; 328=46; 341=45; 414=45; 400=44; 302=43; 315=43; 384=43; 409=43; 411=43; 458=43; 317=42
nFeature_unspliced	integer	6716	0	613=27; 2178=25; 2224=25; 2809=25; 679=25; 759=25; 1666=24; 2673=24; 2745=24; 917=24; 989=24; 1945=23
broad_cell_type	character	1	0	ExN_GC=59075
cell_type	character	5	0	MatN_SGCZ_NTF3=25764; MatN_SGCZ_CHRM3=18611; DiffN=12105; MatN_OTOF=1363; DiffN_OTOF=1232
sub_cell_type	character	8	0	MatN_SGCZ_NTF3=25764; MatN_SGCZ_CHRM3=18611; DiffN-cl2=5378; DiffN-cl4=4459; DiffN-cl13=1828; MatN_OTOF=1363; DiffN_OTOF=1232; DiffN-cl18=440
slingPseudotime_1	numeric	16186	41163	NA=41163; 4.15297791821302=91; 3.82287552871374=83; 4.26209342878935=83; 4.370758194509=83; 3.93329054414222=76; 4.04333812202554=72; 3.7121408517399=69; 3.60113822891864=60; 4.47900742954069=55; 3.37851376977662=51; 3.48991594278834=51
slingPseudotime_2	numeric	47120	3320	NA=3320; 9.09228313775161=430; 9.36697986902059=417; 8.95493024450616=404; 8.81759283447413=381; 9.22964308695118=372; 9.50435666467666=333; 9.6417723547459=316; 8.68021380443446=274; 12.9407728130544=240; 13.3530202349244=233; 13.2155955251222=226
slingAvgPseudotime	numeric	50847	0	9.09228313775161=430; 9.36697986902059=417; 8.95493024450616=404; 8.81759283447413=381; 9.22964308695118=372; 9.50435666467666=333; 9.6417723547459=316; 8.68021380443446=274; 12.9407728130544=237; 13.3530202349244=233; 13.2155955251222=226; 13.0781743779123=214
