dataset	library_id	source_member	delimiter_hint	n_cells	n_genes	nnz	total_counts	matrix_path	barcodes_path	genes_path	cell_metadata_path	gene_metadata_path
GSE185277	GSM5609934_sample1_humanHippocampus_1_lib1	GSM5609934_sample1_humanHippocampus_1_lib1.dge.txt.gz	tab	10000	36498	9658193	15384254	Project/processed/human_seed_sparse_objects/GSE185277/GSM5609934_sample1_humanHippocampus_1_lib1/matrix_cells_by_genes.npz	Project/processed/human_seed_sparse_objects/GSE185277/GSM5609934_sample1_humanHippocampus_1_lib1/barcodes.tsv.gz	Project/processed/human_seed_sparse_objects/GSE185277/GSM5609934_sample1_humanHippocampus_1_lib1/genes.tsv.gz	Project/processed/human_seed_sparse_objects/GSE185277/GSM5609934_sample1_humanHippocampus_1_lib1/cell_metadata.tsv.gz	Project/processed/human_seed_sparse_objects/GSE185277/GSM5609934_sample1_humanHippocampus_1_lib1/gene_metadata.tsv.gz
GSE185277	GSM5609934_sample1_humanHippocampus_1_lib2	GSM5609934_sample1_humanHippocampus_1_lib2.dge.txt.gz	tab	10000	34374	6731506	9792631	Project/processed/human_seed_sparse_objects/GSE185277/GSM5609934_sample1_humanHippocampus_1_lib2/matrix_cells_by_genes.npz	Project/processed/human_seed_sparse_objects/GSE185277/GSM5609934_sample1_humanHippocampus_1_lib2/barcodes.tsv.gz	Project/processed/human_seed_sparse_objects/GSE185277/GSM5609934_sample1_humanHippocampus_1_lib2/genes.tsv.gz	Project/processed/human_seed_sparse_objects/GSE185277/GSM5609934_sample1_humanHippocampus_1_lib2/cell_metadata.tsv.gz	Project/processed/human_seed_sparse_objects/GSE185277/GSM5609934_sample1_humanHippocampus_1_lib2/gene_metadata.tsv.gz
GSE185277	GSM5610939_GEO_Sample9_seq1BC79_S4	GSM5610939_GEO_Sample9_seq1BC79_S4.txt.gz	tab	15000	30554	7002264	9689795	Project/processed/human_seed_sparse_objects/GSE185277/GSM5610939_GEO_Sample9_seq1BC79_S4/matrix_cells_by_genes.npz	Project/processed/human_seed_sparse_objects/GSE185277/GSM5610939_GEO_Sample9_seq1BC79_S4/barcodes.tsv.gz	Project/processed/human_seed_sparse_objects/GSE185277/GSM5610939_GEO_Sample9_seq1BC79_S4/genes.tsv.gz	Project/processed/human_seed_sparse_objects/GSE185277/GSM5610939_GEO_Sample9_seq1BC79_S4/cell_metadata.tsv.gz	Project/processed/human_seed_sparse_objects/GSE185277/GSM5610939_GEO_Sample9_seq1BC79_S4/gene_metadata.tsv.gz
GSE185277	GSM5610940_GEO_sample13_HCT15HBW_seq12BC82_S7	GSM5610940_GEO_sample13_HCT15HBW_seq12BC82_S7.deg.txt.gz	tab	25000	35379	15889682	25717917	Project/processed/human_seed_sparse_objects/GSE185277/GSM5610940_GEO_sample13_HCT15HBW_seq12BC82_S7/matrix_cells_by_genes.npz	Project/processed/human_seed_sparse_objects/GSE185277/GSM5610940_GEO_sample13_HCT15HBW_seq12BC82_S7/barcodes.tsv.gz	Project/processed/human_seed_sparse_objects/GSE185277/GSM5610940_GEO_sample13_HCT15HBW_seq12BC82_S7/genes.tsv.gz	Project/processed/human_seed_sparse_objects/GSE185277/GSM5610940_GEO_sample13_HCT15HBW_seq12BC82_S7/cell_metadata.tsv.gz	Project/processed/human_seed_sparse_objects/GSE185277/GSM5610940_GEO_sample13_HCT15HBW_seq12BC82_S7/gene_metadata.tsv.gz
GSE185277	GSM5610941_sample15_BC80_S5	GSM5610941_sample15_BC80_S5.deg.txt.gz	tab	20000	33744	11979689	21517219	Project/processed/human_seed_sparse_objects/GSE185277/GSM5610941_sample15_BC80_S5/matrix_cells_by_genes.npz	Project/processed/human_seed_sparse_objects/GSE185277/GSM5610941_sample15_BC80_S5/barcodes.tsv.gz	Project/processed/human_seed_sparse_objects/GSE185277/GSM5610941_sample15_BC80_S5/genes.tsv.gz	Project/processed/human_seed_sparse_objects/GSE185277/GSM5610941_sample15_BC80_S5/cell_metadata.tsv.gz	Project/processed/human_seed_sparse_objects/GSE185277/GSM5610941_sample15_BC80_S5/gene_metadata.tsv.gz
GSE185277	GSM5610942_Sample20_1	GSM5610942_Sample20_1.txt.gz	whitespace	4826	34984	4689159	9122413	Project/processed/human_seed_sparse_objects/GSE185277/GSM5610942_Sample20_1/matrix_cells_by_genes.npz	Project/processed/human_seed_sparse_objects/GSE185277/GSM5610942_Sample20_1/barcodes.tsv.gz	Project/processed/human_seed_sparse_objects/GSE185277/GSM5610942_Sample20_1/genes.tsv.gz	Project/processed/human_seed_sparse_objects/GSE185277/GSM5610942_Sample20_1/cell_metadata.tsv.gz	Project/processed/human_seed_sparse_objects/GSE185277/GSM5610942_Sample20_1/gene_metadata.tsv.gz
GSE185277	GSM5610942_sample20_2	GSM5610942_sample20_2.txt.gz	whitespace	4700	34984	4336106	8367844	Project/processed/human_seed_sparse_objects/GSE185277/GSM5610942_sample20_2/matrix_cells_by_genes.npz	Project/processed/human_seed_sparse_objects/GSE185277/GSM5610942_sample20_2/barcodes.tsv.gz	Project/processed/human_seed_sparse_objects/GSE185277/GSM5610942_sample20_2/genes.tsv.gz	Project/processed/human_seed_sparse_objects/GSE185277/GSM5610942_sample20_2/cell_metadata.tsv.gz	Project/processed/human_seed_sparse_objects/GSE185277/GSM5610942_sample20_2/gene_metadata.tsv.gz
GSE185553	GSM5618237_GEO_sample7_4yrs_plate1_seq12BC80_S5	GSM5618237_GEO_sample7_4yrs_plate1_seq12BC80_S5.deg.txt.gz	tab	10000	33479	10632965	18037686	Project/processed/human_seed_sparse_objects/GSE185553/GSM5618237_GEO_sample7_4yrs_plate1_seq12BC80_S5/matrix_cells_by_genes.npz	Project/processed/human_seed_sparse_objects/GSE185553/GSM5618237_GEO_sample7_4yrs_plate1_seq12BC80_S5/barcodes.tsv.gz	Project/processed/human_seed_sparse_objects/GSE185553/GSM5618237_GEO_sample7_4yrs_plate1_seq12BC80_S5/genes.tsv.gz	Project/processed/human_seed_sparse_objects/GSE185553/GSM5618237_GEO_sample7_4yrs_plate1_seq12BC80_S5/cell_metadata.tsv.gz	Project/processed/human_seed_sparse_objects/GSE185553/GSM5618237_GEO_sample7_4yrs_plate1_seq12BC80_S5/gene_metadata.tsv.gz
GSE185553	GSM5618237_GEO_sample7_4yrs_plate2_seq12BC81_S6	GSM5618237_GEO_sample7_4yrs_plate2_seq12BC81_S6.deg.txt.gz	tab	10000	33567	11648086	19653273	Project/processed/human_seed_sparse_objects/GSE185553/GSM5618237_GEO_sample7_4yrs_plate2_seq12BC81_S6/matrix_cells_by_genes.npz	Project/processed/human_seed_sparse_objects/GSE185553/GSM5618237_GEO_sample7_4yrs_plate2_seq12BC81_S6/barcodes.tsv.gz	Project/processed/human_seed_sparse_objects/GSE185553/GSM5618237_GEO_sample7_4yrs_plate2_seq12BC81_S6/genes.tsv.gz	Project/processed/human_seed_sparse_objects/GSE185553/GSM5618237_GEO_sample7_4yrs_plate2_seq12BC81_S6/cell_metadata.tsv.gz	Project/processed/human_seed_sparse_objects/GSE185553/GSM5618237_GEO_sample7_4yrs_plate2_seq12BC81_S6/gene_metadata.tsv.gz
GSE185553	GSM5618238_Sample11_B1_lib1	GSM5618238_Sample11_B1_lib1.txt.gz	whitespace	2462	37724	2219191	3619005	Project/processed/human_seed_sparse_objects/GSE185553/GSM5618238_Sample11_B1_lib1/matrix_cells_by_genes.npz	Project/processed/human_seed_sparse_objects/GSE185553/GSM5618238_Sample11_B1_lib1/barcodes.tsv.gz	Project/processed/human_seed_sparse_objects/GSE185553/GSM5618238_Sample11_B1_lib1/genes.tsv.gz	Project/processed/human_seed_sparse_objects/GSE185553/GSM5618238_Sample11_B1_lib1/cell_metadata.tsv.gz	Project/processed/human_seed_sparse_objects/GSE185553/GSM5618238_Sample11_B1_lib1/gene_metadata.tsv.gz
GSE185553	GSM5618238_Sample11_B1_lib2	GSM5618238_Sample11_B1_lib2.txt.gz	whitespace	2427	37390	2052190	3318895	Project/processed/human_seed_sparse_objects/GSE185553/GSM5618238_Sample11_B1_lib2/matrix_cells_by_genes.npz	Project/processed/human_seed_sparse_objects/GSE185553/GSM5618238_Sample11_B1_lib2/barcodes.tsv.gz	Project/processed/human_seed_sparse_objects/GSE185553/GSM5618238_Sample11_B1_lib2/genes.tsv.gz	Project/processed/human_seed_sparse_objects/GSE185553/GSM5618238_Sample11_B1_lib2/cell_metadata.tsv.gz	Project/processed/human_seed_sparse_objects/GSE185553/GSM5618238_Sample11_B1_lib2/gene_metadata.tsv.gz
GSE185553	GSM5618238_Sample16_B1_lib1	GSM5618238_Sample16_B1_lib1.txt.gz	whitespace	4465	37724	5277807	9988747	Project/processed/human_seed_sparse_objects/GSE185553/GSM5618238_Sample16_B1_lib1/matrix_cells_by_genes.npz	Project/processed/human_seed_sparse_objects/GSE185553/GSM5618238_Sample16_B1_lib1/barcodes.tsv.gz	Project/processed/human_seed_sparse_objects/GSE185553/GSM5618238_Sample16_B1_lib1/genes.tsv.gz	Project/processed/human_seed_sparse_objects/GSE185553/GSM5618238_Sample16_B1_lib1/cell_metadata.tsv.gz	Project/processed/human_seed_sparse_objects/GSE185553/GSM5618238_Sample16_B1_lib1/gene_metadata.tsv.gz
GSE185553	GSM5618238_Sample16_B1_lib2	GSM5618238_Sample16_B1_lib2.txt.gz	whitespace	4449	37390	4950822	9129626	Project/processed/human_seed_sparse_objects/GSE185553/GSM5618238_Sample16_B1_lib2/matrix_cells_by_genes.npz	Project/processed/human_seed_sparse_objects/GSE185553/GSM5618238_Sample16_B1_lib2/barcodes.tsv.gz	Project/processed/human_seed_sparse_objects/GSE185553/GSM5618238_Sample16_B1_lib2/genes.tsv.gz	Project/processed/human_seed_sparse_objects/GSE185553/GSM5618238_Sample16_B1_lib2/cell_metadata.tsv.gz	Project/processed/human_seed_sparse_objects/GSE185553/GSM5618238_Sample16_B1_lib2/gene_metadata.tsv.gz
GSE185553	GSM5618238_Sample22_B1_lib1	GSM5618238_Sample22_B1_lib1.txt.gz	whitespace	1575	37724	1678177	3261143	Project/processed/human_seed_sparse_objects/GSE185553/GSM5618238_Sample22_B1_lib1/matrix_cells_by_genes.npz	Project/processed/human_seed_sparse_objects/GSE185553/GSM5618238_Sample22_B1_lib1/barcodes.tsv.gz	Project/processed/human_seed_sparse_objects/GSE185553/GSM5618238_Sample22_B1_lib1/genes.tsv.gz	Project/processed/human_seed_sparse_objects/GSE185553/GSM5618238_Sample22_B1_lib1/cell_metadata.tsv.gz	Project/processed/human_seed_sparse_objects/GSE185553/GSM5618238_Sample22_B1_lib1/gene_metadata.tsv.gz
GSE185553	GSM5618238_Sample22_B1_lib2	GSM5618238_Sample22_B1_lib2.txt.gz	whitespace	1613	37390	1579678	2925054	Project/processed/human_seed_sparse_objects/GSE185553/GSM5618238_Sample22_B1_lib2/matrix_cells_by_genes.npz	Project/processed/human_seed_sparse_objects/GSE185553/GSM5618238_Sample22_B1_lib2/barcodes.tsv.gz	Project/processed/human_seed_sparse_objects/GSE185553/GSM5618238_Sample22_B1_lib2/genes.tsv.gz	Project/processed/human_seed_sparse_objects/GSE185553/GSM5618238_Sample22_B1_lib2/cell_metadata.tsv.gz	Project/processed/human_seed_sparse_objects/GSE185553/GSM5618238_Sample22_B1_lib2/gene_metadata.tsv.gz
GSE185553	GSM5618238_Sample39_lib2	GSM5618238_Sample39-lib2.txt.gz	whitespace	4845	37390	5744129	10829807	Project/processed/human_seed_sparse_objects/GSE185553/GSM5618238_Sample39_lib2/matrix_cells_by_genes.npz	Project/processed/human_seed_sparse_objects/GSE185553/GSM5618238_Sample39_lib2/barcodes.tsv.gz	Project/processed/human_seed_sparse_objects/GSE185553/GSM5618238_Sample39_lib2/genes.tsv.gz	Project/processed/human_seed_sparse_objects/GSE185553/GSM5618238_Sample39_lib2/cell_metadata.tsv.gz	Project/processed/human_seed_sparse_objects/GSE185553/GSM5618238_Sample39_lib2/gene_metadata.tsv.gz
GSE185553	GSM5618238_Sample39_B1_lib1	GSM5618238_Sample39_B1_lib1.txt.gz	whitespace	4902	37724	6164771	11986325	Project/processed/human_seed_sparse_objects/GSE185553/GSM5618238_Sample39_B1_lib1/matrix_cells_by_genes.npz	Project/processed/human_seed_sparse_objects/GSE185553/GSM5618238_Sample39_B1_lib1/barcodes.tsv.gz	Project/processed/human_seed_sparse_objects/GSE185553/GSM5618238_Sample39_B1_lib1/genes.tsv.gz	Project/processed/human_seed_sparse_objects/GSE185553/GSM5618238_Sample39_B1_lib1/cell_metadata.tsv.gz	Project/processed/human_seed_sparse_objects/GSE185553/GSM5618238_Sample39_B1_lib1/gene_metadata.tsv.gz
GSE185553	GSM5618238_Sample6_B1_lib2	GSM5618238_Sample6-_B1_lib2.txt.gz	whitespace	1527	37390	1353217	2323367	Project/processed/human_seed_sparse_objects/GSE185553/GSM5618238_Sample6_B1_lib2/matrix_cells_by_genes.npz	Project/processed/human_seed_sparse_objects/GSE185553/GSM5618238_Sample6_B1_lib2/barcodes.tsv.gz	Project/processed/human_seed_sparse_objects/GSE185553/GSM5618238_Sample6_B1_lib2/genes.tsv.gz	Project/processed/human_seed_sparse_objects/GSE185553/GSM5618238_Sample6_B1_lib2/cell_metadata.tsv.gz	Project/processed/human_seed_sparse_objects/GSE185553/GSM5618238_Sample6_B1_lib2/gene_metadata.tsv.gz
GSE185553	GSM5618238_Sample6_B1_lib1	GSM5618238_Sample6_B1_lib1.txt.gz	whitespace	1477	37724	1466242	2646672	Project/processed/human_seed_sparse_objects/GSE185553/GSM5618238_Sample6_B1_lib1/matrix_cells_by_genes.npz	Project/processed/human_seed_sparse_objects/GSE185553/GSM5618238_Sample6_B1_lib1/barcodes.tsv.gz	Project/processed/human_seed_sparse_objects/GSE185553/GSM5618238_Sample6_B1_lib1/genes.tsv.gz	Project/processed/human_seed_sparse_objects/GSE185553/GSM5618238_Sample6_B1_lib1/cell_metadata.tsv.gz	Project/processed/human_seed_sparse_objects/GSE185553/GSM5618238_Sample6_B1_lib1/gene_metadata.tsv.gz
GSE185553	GSM5618239_Sample10	GSM5618239_Sample10.txt.gz	whitespace	3085	39170	4293410	9999881	Project/processed/human_seed_sparse_objects/GSE185553/GSM5618239_Sample10/matrix_cells_by_genes.npz	Project/processed/human_seed_sparse_objects/GSE185553/GSM5618239_Sample10/barcodes.tsv.gz	Project/processed/human_seed_sparse_objects/GSE185553/GSM5618239_Sample10/genes.tsv.gz	Project/processed/human_seed_sparse_objects/GSE185553/GSM5618239_Sample10/cell_metadata.tsv.gz	Project/processed/human_seed_sparse_objects/GSE185553/GSM5618239_Sample10/gene_metadata.tsv.gz
GSE185553	GSM5618239_Sample14	GSM5618239_Sample14.txt.gz	whitespace	4119	39170	4663645	11128387	Project/processed/human_seed_sparse_objects/GSE185553/GSM5618239_Sample14/matrix_cells_by_genes.npz	Project/processed/human_seed_sparse_objects/GSE185553/GSM5618239_Sample14/barcodes.tsv.gz	Project/processed/human_seed_sparse_objects/GSE185553/GSM5618239_Sample14/genes.tsv.gz	Project/processed/human_seed_sparse_objects/GSE185553/GSM5618239_Sample14/cell_metadata.tsv.gz	Project/processed/human_seed_sparse_objects/GSE185553/GSM5618239_Sample14/gene_metadata.tsv.gz
GSE185553	GSM5618239_Sample2	GSM5618239_Sample2.txt.gz	whitespace	3383	39170	2961126	5652258	Project/processed/human_seed_sparse_objects/GSE185553/GSM5618239_Sample2/matrix_cells_by_genes.npz	Project/processed/human_seed_sparse_objects/GSE185553/GSM5618239_Sample2/barcodes.tsv.gz	Project/processed/human_seed_sparse_objects/GSE185553/GSM5618239_Sample2/genes.tsv.gz	Project/processed/human_seed_sparse_objects/GSE185553/GSM5618239_Sample2/cell_metadata.tsv.gz	Project/processed/human_seed_sparse_objects/GSE185553/GSM5618239_Sample2/gene_metadata.tsv.gz
GSE185553	GSM5618239_Sample21	GSM5618239_Sample21.txt.gz	whitespace	2395	39170	1569301	2439880	Project/processed/human_seed_sparse_objects/GSE185553/GSM5618239_Sample21/matrix_cells_by_genes.npz	Project/processed/human_seed_sparse_objects/GSE185553/GSM5618239_Sample21/barcodes.tsv.gz	Project/processed/human_seed_sparse_objects/GSE185553/GSM5618239_Sample21/genes.tsv.gz	Project/processed/human_seed_sparse_objects/GSE185553/GSM5618239_Sample21/cell_metadata.tsv.gz	Project/processed/human_seed_sparse_objects/GSE185553/GSM5618239_Sample21/gene_metadata.tsv.gz
GSE185553	GSM5618239_Sample5	GSM5618239_Sample5.txt.gz	whitespace	2887	39170	4457612	10919376	Project/processed/human_seed_sparse_objects/GSE185553/GSM5618239_Sample5/matrix_cells_by_genes.npz	Project/processed/human_seed_sparse_objects/GSE185553/GSM5618239_Sample5/barcodes.tsv.gz	Project/processed/human_seed_sparse_objects/GSE185553/GSM5618239_Sample5/genes.tsv.gz	Project/processed/human_seed_sparse_objects/GSE185553/GSM5618239_Sample5/cell_metadata.tsv.gz	Project/processed/human_seed_sparse_objects/GSE185553/GSM5618239_Sample5/gene_metadata.tsv.gz
GSE185553	GSM5618240_Sample12	GSM5618240_Sample12.txt.gz	whitespace	4799	39348	3690428	7017680	Project/processed/human_seed_sparse_objects/GSE185553/GSM5618240_Sample12/matrix_cells_by_genes.npz	Project/processed/human_seed_sparse_objects/GSE185553/GSM5618240_Sample12/barcodes.tsv.gz	Project/processed/human_seed_sparse_objects/GSE185553/GSM5618240_Sample12/genes.tsv.gz	Project/processed/human_seed_sparse_objects/GSE185553/GSM5618240_Sample12/cell_metadata.tsv.gz	Project/processed/human_seed_sparse_objects/GSE185553/GSM5618240_Sample12/gene_metadata.tsv.gz
GSE185553	GSM5618240_Sample17	GSM5618240_Sample17.txt.gz	whitespace	4855	39348	6370567	15394017	Project/processed/human_seed_sparse_objects/GSE185553/GSM5618240_Sample17/matrix_cells_by_genes.npz	Project/processed/human_seed_sparse_objects/GSE185553/GSM5618240_Sample17/barcodes.tsv.gz	Project/processed/human_seed_sparse_objects/GSE185553/GSM5618240_Sample17/genes.tsv.gz	Project/processed/human_seed_sparse_objects/GSE185553/GSM5618240_Sample17/cell_metadata.tsv.gz	Project/processed/human_seed_sparse_objects/GSE185553/GSM5618240_Sample17/gene_metadata.tsv.gz
GSE185553	GSM5618240_Sample18	GSM5618240_Sample18.txt.gz	whitespace	4901	39348	5412393	12135195	Project/processed/human_seed_sparse_objects/GSE185553/GSM5618240_Sample18/matrix_cells_by_genes.npz	Project/processed/human_seed_sparse_objects/GSE185553/GSM5618240_Sample18/barcodes.tsv.gz	Project/processed/human_seed_sparse_objects/GSE185553/GSM5618240_Sample18/genes.tsv.gz	Project/processed/human_seed_sparse_objects/GSE185553/GSM5618240_Sample18/cell_metadata.tsv.gz	Project/processed/human_seed_sparse_objects/GSE185553/GSM5618240_Sample18/gene_metadata.tsv.gz
GSE185553	GSM5618240_Sample40	GSM5618240_Sample40.txt.gz	whitespace	1034	39348	791600	1701424	Project/processed/human_seed_sparse_objects/GSE185553/GSM5618240_Sample40/matrix_cells_by_genes.npz	Project/processed/human_seed_sparse_objects/GSE185553/GSM5618240_Sample40/barcodes.tsv.gz	Project/processed/human_seed_sparse_objects/GSE185553/GSM5618240_Sample40/genes.tsv.gz	Project/processed/human_seed_sparse_objects/GSE185553/GSM5618240_Sample40/cell_metadata.tsv.gz	Project/processed/human_seed_sparse_objects/GSE185553/GSM5618240_Sample40/gene_metadata.tsv.gz
GSE185553	GSM5618240_Sample41	GSM5618240_Sample41.txt.gz	whitespace	1056	39348	413865	588665	Project/processed/human_seed_sparse_objects/GSE185553/GSM5618240_Sample41/matrix_cells_by_genes.npz	Project/processed/human_seed_sparse_objects/GSE185553/GSM5618240_Sample41/barcodes.tsv.gz	Project/processed/human_seed_sparse_objects/GSE185553/GSM5618240_Sample41/genes.tsv.gz	Project/processed/human_seed_sparse_objects/GSE185553/GSM5618240_Sample41/cell_metadata.tsv.gz	Project/processed/human_seed_sparse_objects/GSE185553/GSM5618240_Sample41/gene_metadata.tsv.gz
GSE185553	GSM5618241_Sample19	GSM5618241_Sample19.txt.gz	whitespace	4733	38491	4226515	8449238	Project/processed/human_seed_sparse_objects/GSE185553/GSM5618241_Sample19/matrix_cells_by_genes.npz	Project/processed/human_seed_sparse_objects/GSE185553/GSM5618241_Sample19/barcodes.tsv.gz	Project/processed/human_seed_sparse_objects/GSE185553/GSM5618241_Sample19/genes.tsv.gz	Project/processed/human_seed_sparse_objects/GSE185553/GSM5618241_Sample19/cell_metadata.tsv.gz	Project/processed/human_seed_sparse_objects/GSE185553/GSM5618241_Sample19/gene_metadata.tsv.gz
GSE185553	GSM5618241_Sample3	GSM5618241_Sample3.txt.gz	whitespace	3132	38491	3083547	6435291	Project/processed/human_seed_sparse_objects/GSE185553/GSM5618241_Sample3/matrix_cells_by_genes.npz	Project/processed/human_seed_sparse_objects/GSE185553/GSM5618241_Sample3/barcodes.tsv.gz	Project/processed/human_seed_sparse_objects/GSE185553/GSM5618241_Sample3/genes.tsv.gz	Project/processed/human_seed_sparse_objects/GSE185553/GSM5618241_Sample3/cell_metadata.tsv.gz	Project/processed/human_seed_sparse_objects/GSE185553/GSM5618241_Sample3/gene_metadata.tsv.gz
GSE185553	GSM5618241_Sample4	GSM5618241_Sample4.txt.gz	whitespace	2955	38491	2389900	5174856	Project/processed/human_seed_sparse_objects/GSE185553/GSM5618241_Sample4/matrix_cells_by_genes.npz	Project/processed/human_seed_sparse_objects/GSE185553/GSM5618241_Sample4/barcodes.tsv.gz	Project/processed/human_seed_sparse_objects/GSE185553/GSM5618241_Sample4/genes.tsv.gz	Project/processed/human_seed_sparse_objects/GSE185553/GSM5618241_Sample4/cell_metadata.tsv.gz	Project/processed/human_seed_sparse_objects/GSE185553/GSM5618241_Sample4/gene_metadata.tsv.gz
GSE185553	GSM5618241_Sample42	GSM5618241_Sample42.txt.gz	whitespace	2209	38491	2412389	5731593	Project/processed/human_seed_sparse_objects/GSE185553/GSM5618241_Sample42/matrix_cells_by_genes.npz	Project/processed/human_seed_sparse_objects/GSE185553/GSM5618241_Sample42/barcodes.tsv.gz	Project/processed/human_seed_sparse_objects/GSE185553/GSM5618241_Sample42/genes.tsv.gz	Project/processed/human_seed_sparse_objects/GSE185553/GSM5618241_Sample42/cell_metadata.tsv.gz	Project/processed/human_seed_sparse_objects/GSE185553/GSM5618241_Sample42/gene_metadata.tsv.gz
GSE185553	GSM5618241_Sample8	GSM5618241_Sample8.txt.gz	whitespace	2444	38491	2254314	5085680	Project/processed/human_seed_sparse_objects/GSE185553/GSM5618241_Sample8/matrix_cells_by_genes.npz	Project/processed/human_seed_sparse_objects/GSE185553/GSM5618241_Sample8/barcodes.tsv.gz	Project/processed/human_seed_sparse_objects/GSE185553/GSM5618241_Sample8/genes.tsv.gz	Project/processed/human_seed_sparse_objects/GSE185553/GSM5618241_Sample8/cell_metadata.tsv.gz	Project/processed/human_seed_sparse_objects/GSE185553/GSM5618241_Sample8/gene_metadata.tsv.gz
