dataset	sample	source_group	specificity_role	module_id	module_label	module_family	n_defined_genes	n_present_genes	present_genes	missing_genes	n_cells	median_module_score	mean_module_score	within_sample_module_rank
GSE104323	10X_all_cells	RGL	other_local_cell_type	cerebellar_fate_rhombic_lip_shh	Cerebellar fate/rhombic-lip/SHH	upstream_region_fate	13	13	Atoh1,Barhl1,Pax6,Zic1,Zic2,Zic3,Mycn,Ptch1,Gli1,Gli2,En1,En2,Meis1		199	0.05331901388922656	0.06992260755002042	0.6875
GSE104323	10X_all_cells	Astro-adult	other_local_cell_type	cerebellar_fate_rhombic_lip_shh	Cerebellar fate/rhombic-lip/SHH	upstream_region_fate	13	13	Atoh1,Barhl1,Pax6,Zic1,Zic2,Zic3,Mycn,Ptch1,Gli1,Gli2,En1,En2,Meis1		1232	0.05331901388922656	0.03757328371793442	0.6875
GSE104323	10X_all_cells	Astro-juv	other_local_cell_type	cerebellar_fate_rhombic_lip_shh	Cerebellar fate/rhombic-lip/SHH	upstream_region_fate	13	13	Atoh1,Barhl1,Pax6,Zic1,Zic2,Zic3,Mycn,Ptch1,Gli1,Gli2,En1,En2,Meis1		821	0.05331901388922656	0.03823034464889244	0.6875
GSE104323	10X_all_cells	Immature-Astro	other_local_cell_type	cerebellar_fate_rhombic_lip_shh	Cerebellar fate/rhombic-lip/SHH	upstream_region_fate	13	13	Atoh1,Barhl1,Pax6,Zic1,Zic2,Zic3,Mycn,Ptch1,Gli1,Gli2,En1,En2,Meis1		651	0.05331901388922656	0.06526604564035755	0.6875
GSE104323	10X_all_cells	RGL_young	other_local_cell_type	cerebellar_fate_rhombic_lip_shh	Cerebellar fate/rhombic-lip/SHH	upstream_region_fate	13	13	Atoh1,Barhl1,Pax6,Zic1,Zic2,Zic3,Mycn,Ptch1,Gli1,Gli2,En1,En2,Meis1		686	0.10663802777845312	0.09869140664230355	0.9166666666666666
GSE104323	10X_all_cells	Ependymal	other_local_cell_type	cerebellar_fate_rhombic_lip_shh	Cerebellar fate/rhombic-lip/SHH	upstream_region_fate	13	13	Atoh1,Barhl1,Pax6,Zic1,Zic2,Zic3,Mycn,Ptch1,Gli1,Gli2,En1,En2,Meis1		182	0.05331901388922656	0.06911168883946717	0.6875
GSE104323	10X_all_cells	PVM	other_local_cell_type	cerebellar_fate_rhombic_lip_shh	Cerebellar fate/rhombic-lip/SHH	upstream_region_fate	13	13	Atoh1,Barhl1,Pax6,Zic1,Zic2,Zic3,Mycn,Ptch1,Gli1,Gli2,En1,En2,Meis1		79	0.0	0.007818971854204052	0.2708333333333333
GSE104323	10X_all_cells	MiCajal-Retziusoglia	other_local_cell_type	cerebellar_fate_rhombic_lip_shh	Cerebellar fate/rhombic-lip/SHH	upstream_region_fate	13	13	Atoh1,Barhl1,Pax6,Zic1,Zic2,Zic3,Mycn,Ptch1,Gli1,Gli2,En1,En2,Meis1		428	0.0	0.008191555514047627	0.2708333333333333
GSE104323	10X_all_cells	Endothelial	other_local_cell_type	cerebellar_fate_rhombic_lip_shh	Cerebellar fate/rhombic-lip/SHH	upstream_region_fate	13	13	Atoh1,Barhl1,Pax6,Zic1,Zic2,Zic3,Mycn,Ptch1,Gli1,Gli2,En1,En2,Meis1		543	0.05331901388922656	0.06584742262259181	0.6875
GSE104323	10X_all_cells	VLMC	other_local_cell_type	cerebellar_fate_rhombic_lip_shh	Cerebellar fate/rhombic-lip/SHH	upstream_region_fate	13	13	Atoh1,Barhl1,Pax6,Zic1,Zic2,Zic3,Mycn,Ptch1,Gli1,Gli2,En1,En2,Meis1		160	0.10663802777845312	0.12105845337370409	0.9166666666666666
GSE104323	10X_all_cells	MOL	other_local_cell_type	cerebellar_fate_rhombic_lip_shh	Cerebellar fate/rhombic-lip/SHH	upstream_region_fate	13	13	Atoh1,Barhl1,Pax6,Zic1,Zic2,Zic3,Mycn,Ptch1,Gli1,Gli2,En1,En2,Meis1		704	0.0	0.017932641366836755	0.2708333333333333
GSE104323	10X_all_cells	NFOL	other_local_cell_type	cerebellar_fate_rhombic_lip_shh	Cerebellar fate/rhombic-lip/SHH	upstream_region_fate	13	13	Atoh1,Barhl1,Pax6,Zic1,Zic2,Zic3,Mycn,Ptch1,Gli1,Gli2,En1,En2,Meis1		232	0.0	0.008447130850106956	0.2708333333333333
GSE104323	10X_all_cells	OPC	other_local_cell_type	cerebellar_fate_rhombic_lip_shh	Cerebellar fate/rhombic-lip/SHH	upstream_region_fate	13	13	Atoh1,Barhl1,Pax6,Zic1,Zic2,Zic3,Mycn,Ptch1,Gli1,Gli2,En1,En2,Meis1		794	0.0	0.02218574285243668	0.2708333333333333
GSE104323	10X_all_cells	nIPC-perin	other_local_cell_type	cerebellar_fate_rhombic_lip_shh	Cerebellar fate/rhombic-lip/SHH	upstream_region_fate	13	13	Atoh1,Barhl1,Pax6,Zic1,Zic2,Zic3,Mycn,Ptch1,Gli1,Gli2,En1,En2,Meis1		468	0.13782765147908116	0.14001586722678167	1.0
GSE104323	10X_all_cells	nIPC	other_local_cell_type	cerebellar_fate_rhombic_lip_shh	Cerebellar fate/rhombic-lip/SHH	upstream_region_fate	13	13	Atoh1,Barhl1,Pax6,Zic1,Zic2,Zic3,Mycn,Ptch1,Gli1,Gli2,En1,En2,Meis1		353	0.10663802777845312	0.11526903937344983	0.9166666666666666
GSE104323	10X_all_cells	Neuroblast	dentate_granule	cerebellar_fate_rhombic_lip_shh	Cerebellar fate/rhombic-lip/SHH	upstream_region_fate	13	13	Atoh1,Barhl1,Pax6,Zic1,Zic2,Zic3,Mycn,Ptch1,Gli1,Gli2,En1,En2,Meis1		1381	0.05331901388922656	0.05267894617314237	0.6875
GSE104323	10X_all_cells	Immature-GC	dentate_granule	cerebellar_fate_rhombic_lip_shh	Cerebellar fate/rhombic-lip/SHH	upstream_region_fate	13	13	Atoh1,Barhl1,Pax6,Zic1,Zic2,Zic3,Mycn,Ptch1,Gli1,Gli2,En1,En2,Meis1		2419	0.0	0.02595389326961835	0.2708333333333333
GSE104323	10X_all_cells	Immature-Pyr	pyramidal_comparator	cerebellar_fate_rhombic_lip_shh	Cerebellar fate/rhombic-lip/SHH	upstream_region_fate	13	13	Atoh1,Barhl1,Pax6,Zic1,Zic2,Zic3,Mycn,Ptch1,Gli1,Gli2,En1,En2,Meis1		4520	0.0	0.03053494701394491	0.2708333333333333
GSE104323	10X_all_cells	Cajal-Retzius	other_local_cell_type	cerebellar_fate_rhombic_lip_shh	Cerebellar fate/rhombic-lip/SHH	upstream_region_fate	13	13	Atoh1,Barhl1,Pax6,Zic1,Zic2,Zic3,Mycn,Ptch1,Gli1,Gli2,En1,En2,Meis1		535	0.05331901388922656	0.07086662635348158	0.6875
GSE104323	10X_all_cells	Immature-GABA	other_local_cell_type	cerebellar_fate_rhombic_lip_shh	Cerebellar fate/rhombic-lip/SHH	upstream_region_fate	13	13	Atoh1,Barhl1,Pax6,Zic1,Zic2,Zic3,Mycn,Ptch1,Gli1,Gli2,En1,En2,Meis1		1024	0.0	0.025701832924268683	0.2708333333333333
GSE104323	10X_all_cells	GABA	other_local_cell_type	cerebellar_fate_rhombic_lip_shh	Cerebellar fate/rhombic-lip/SHH	upstream_region_fate	13	13	Atoh1,Barhl1,Pax6,Zic1,Zic2,Zic3,Mycn,Ptch1,Gli1,Gli2,En1,En2,Meis1		209	0.0	0.016394872884067078	0.2708333333333333
GSE104323	10X_all_cells	CA3-Pyr	pyramidal_comparator	cerebellar_fate_rhombic_lip_shh	Cerebellar fate/rhombic-lip/SHH	upstream_region_fate	13	13	Atoh1,Barhl1,Pax6,Zic1,Zic2,Zic3,Mycn,Ptch1,Gli1,Gli2,En1,En2,Meis1		532	0.0	0.007673352006028899	0.2708333333333333
GSE104323	10X_all_cells	GC-juv	dentate_granule	cerebellar_fate_rhombic_lip_shh	Cerebellar fate/rhombic-lip/SHH	upstream_region_fate	13	13	Atoh1,Barhl1,Pax6,Zic1,Zic2,Zic3,Mycn,Ptch1,Gli1,Gli2,En1,En2,Meis1		3420	0.0	0.009425131539179775	0.2708333333333333
GSE104323	10X_all_cells	GC-adult	dentate_granule	cerebellar_fate_rhombic_lip_shh	Cerebellar fate/rhombic-lip/SHH	upstream_region_fate	13	13	Atoh1,Barhl1,Pax6,Zic1,Zic2,Zic3,Mycn,Ptch1,Gli1,Gli2,En1,En2,Meis1		2613	0.0	0.006126986494690963	0.2708333333333333
GSE104323	10X_all_cells	RGL	other_local_cell_type	dentate_fate_wnt_prox1	Dentate fate/WNT/PROX1	upstream_region_fate	17	17	Prox1,Neurod1,Neurod2,Eomes,Tbr1,Lef1,Lhx2,Emx2,Zbtb20,Tcf7l2,Wnt3a,Wnt7a,Dkk3,Bcl11b,Calb1,C1ql3,Glis3		199	0.2000704342154209	0.2061399568620559	0.5833333333333334
GSE104323	10X_all_cells	Astro-adult	other_local_cell_type	dentate_fate_wnt_prox1	Dentate fate/WNT/PROX1	upstream_region_fate	17	17	Prox1,Neurod1,Neurod2,Eomes,Tbr1,Lef1,Lhx2,Emx2,Zbtb20,Tcf7l2,Wnt3a,Wnt7a,Dkk3,Bcl11b,Calb1,C1ql3,Glis3		1232	0.12232009068704916	0.12704659645845603	0.4166666666666667
GSE104323	10X_all_cells	Astro-juv	other_local_cell_type	dentate_fate_wnt_prox1	Dentate fate/WNT/PROX1	upstream_region_fate	17	17	Prox1,Neurod1,Neurod2,Eomes,Tbr1,Lef1,Lhx2,Emx2,Zbtb20,Tcf7l2,Wnt3a,Wnt7a,Dkk3,Bcl11b,Calb1,C1ql3,Glis3		821	0.14617097939929413	0.1542372134786628	0.4583333333333333
GSE104323	10X_all_cells	Immature-Astro	other_local_cell_type	dentate_fate_wnt_prox1	Dentate fate/WNT/PROX1	upstream_region_fate	17	17	Prox1,Neurod1,Neurod2,Eomes,Tbr1,Lef1,Lhx2,Emx2,Zbtb20,Tcf7l2,Wnt3a,Wnt7a,Dkk3,Bcl11b,Calb1,C1ql3,Glis3		651	0.18694434296164383	0.20609751016853184	0.5
GSE104323	10X_all_cells	RGL_young	other_local_cell_type	dentate_fate_wnt_prox1	Dentate fate/WNT/PROX1	upstream_region_fate	17	17	Prox1,Neurod1,Neurod2,Eomes,Tbr1,Lef1,Lhx2,Emx2,Zbtb20,Tcf7l2,Wnt3a,Wnt7a,Dkk3,Bcl11b,Calb1,C1ql3,Glis3		686	0.2346461203861338	0.25331675452166486	0.625
GSE104323	10X_all_cells	Ependymal	other_local_cell_type	dentate_fate_wnt_prox1	Dentate fate/WNT/PROX1	upstream_region_fate	17	17	Prox1,Neurod1,Neurod2,Eomes,Tbr1,Lef1,Lhx2,Emx2,Zbtb20,Tcf7l2,Wnt3a,Wnt7a,Dkk3,Bcl11b,Calb1,C1ql3,Glis3		182	0.1960120300103061	0.2113915633745328	0.5416666666666666
GSE104323	10X_all_cells	PVM	other_local_cell_type	dentate_fate_wnt_prox1	Dentate fate/WNT/PROX1	upstream_region_fate	17	17	Prox1,Neurod1,Neurod2,Eomes,Tbr1,Lef1,Lhx2,Emx2,Zbtb20,Tcf7l2,Wnt3a,Wnt7a,Dkk3,Bcl11b,Calb1,C1ql3,Glis3		79	0.0	0.0373671731790982	0.041666666666666664
GSE104323	10X_all_cells	MiCajal-Retziusoglia	other_local_cell_type	dentate_fate_wnt_prox1	Dentate fate/WNT/PROX1	upstream_region_fate	17	17	Prox1,Neurod1,Neurod2,Eomes,Tbr1,Lef1,Lhx2,Emx2,Zbtb20,Tcf7l2,Wnt3a,Wnt7a,Dkk3,Bcl11b,Calb1,C1ql3,Glis3		428	0.04077336356234972	0.04543002391005039	0.08333333333333333
GSE104323	10X_all_cells	Endothelial	other_local_cell_type	dentate_fate_wnt_prox1	Dentate fate/WNT/PROX1	upstream_region_fate	17	17	Prox1,Neurod1,Neurod2,Eomes,Tbr1,Lef1,Lhx2,Emx2,Zbtb20,Tcf7l2,Wnt3a,Wnt7a,Dkk3,Bcl11b,Calb1,C1ql3,Glis3		543	0.08154672712469944	0.10652427967124536	0.22916666666666666
GSE104323	10X_all_cells	VLMC	other_local_cell_type	dentate_fate_wnt_prox1	Dentate fate/WNT/PROX1	upstream_region_fate	17	17	Prox1,Neurod1,Neurod2,Eomes,Tbr1,Lef1,Lhx2,Emx2,Zbtb20,Tcf7l2,Wnt3a,Wnt7a,Dkk3,Bcl11b,Calb1,C1ql3,Glis3		160	0.08154672712469944	0.12125167246048893	0.22916666666666666
GSE104323	10X_all_cells	MOL	other_local_cell_type	dentate_fate_wnt_prox1	Dentate fate/WNT/PROX1	upstream_region_fate	17	17	Prox1,Neurod1,Neurod2,Eomes,Tbr1,Lef1,Lhx2,Emx2,Zbtb20,Tcf7l2,Wnt3a,Wnt7a,Dkk3,Bcl11b,Calb1,C1ql3,Glis3		704	0.08154672712469944	0.09429406865011464	0.22916666666666666
GSE104323	10X_all_cells	NFOL	other_local_cell_type	dentate_fate_wnt_prox1	Dentate fate/WNT/PROX1	upstream_region_fate	17	17	Prox1,Neurod1,Neurod2,Eomes,Tbr1,Lef1,Lhx2,Emx2,Zbtb20,Tcf7l2,Wnt3a,Wnt7a,Dkk3,Bcl11b,Calb1,C1ql3,Glis3		232	0.11446530288560666	0.12163034294195164	0.375
GSE104323	10X_all_cells	OPC	other_local_cell_type	dentate_fate_wnt_prox1	Dentate fate/WNT/PROX1	upstream_region_fate	17	17	Prox1,Neurod1,Neurod2,Eomes,Tbr1,Lef1,Lhx2,Emx2,Zbtb20,Tcf7l2,Wnt3a,Wnt7a,Dkk3,Bcl11b,Calb1,C1ql3,Glis3		794	0.08154672712469944	0.10788346386351211	0.22916666666666666
GSE104323	10X_all_cells	nIPC-perin	other_local_cell_type	dentate_fate_wnt_prox1	Dentate fate/WNT/PROX1	upstream_region_fate	17	17	Prox1,Neurod1,Neurod2,Eomes,Tbr1,Lef1,Lhx2,Emx2,Zbtb20,Tcf7l2,Wnt3a,Wnt7a,Dkk3,Bcl11b,Calb1,C1ql3,Glis3		468	0.2816171613401203	0.2950356509711278	0.75
GSE104323	10X_all_cells	nIPC	other_local_cell_type	dentate_fate_wnt_prox1	Dentate fate/WNT/PROX1	upstream_region_fate	17	17	Prox1,Neurod1,Neurod2,Eomes,Tbr1,Lef1,Lhx2,Emx2,Zbtb20,Tcf7l2,Wnt3a,Wnt7a,Dkk3,Bcl11b,Calb1,C1ql3,Glis3		353	0.3981466595087429	0.4068287099008871	0.9166666666666666
GSE104323	10X_all_cells	Neuroblast	dentate_granule	dentate_fate_wnt_prox1	Dentate fate/WNT/PROX1	upstream_region_fate	17	17	Prox1,Neurod1,Neurod2,Eomes,Tbr1,Lef1,Lhx2,Emx2,Zbtb20,Tcf7l2,Wnt3a,Wnt7a,Dkk3,Bcl11b,Calb1,C1ql3,Glis3		1381	0.43065815039643984	0.42847719894596775	0.9583333333333334
GSE104323	10X_all_cells	Immature-GC	dentate_granule	dentate_fate_wnt_prox1	Dentate fate/WNT/PROX1	upstream_region_fate	17	17	Prox1,Neurod1,Neurod2,Eomes,Tbr1,Lef1,Lhx2,Emx2,Zbtb20,Tcf7l2,Wnt3a,Wnt7a,Dkk3,Bcl11b,Calb1,C1ql3,Glis3		2419	0.46856150430176413	0.4776523877063571	1.0
GSE104323	10X_all_cells	Immature-Pyr	pyramidal_comparator	dentate_fate_wnt_prox1	Dentate fate/WNT/PROX1	upstream_region_fate	17	17	Prox1,Neurod1,Neurod2,Eomes,Tbr1,Lef1,Lhx2,Emx2,Zbtb20,Tcf7l2,Wnt3a,Wnt7a,Dkk3,Bcl11b,Calb1,C1ql3,Glis3		4520	0.3738886859232877	0.37461446685575794	0.875
GSE104323	10X_all_cells	Cajal-Retzius	other_local_cell_type	dentate_fate_wnt_prox1	Dentate fate/WNT/PROX1	upstream_region_fate	17	17	Prox1,Neurod1,Neurod2,Eomes,Tbr1,Lef1,Lhx2,Emx2,Zbtb20,Tcf7l2,Wnt3a,Wnt7a,Dkk3,Bcl11b,Calb1,C1ql3,Glis3		535	0.25156859523623853	0.2700004032181261	0.7083333333333334
GSE104323	10X_all_cells	Immature-GABA	other_local_cell_type	dentate_fate_wnt_prox1	Dentate fate/WNT/PROX1	upstream_region_fate	17	17	Prox1,Neurod1,Neurod2,Eomes,Tbr1,Lef1,Lhx2,Emx2,Zbtb20,Tcf7l2,Wnt3a,Wnt7a,Dkk3,Bcl11b,Calb1,C1ql3,Glis3		1024	0.08154672712469944	0.11297610886091951	0.22916666666666666
GSE104323	10X_all_cells	GABA	other_local_cell_type	dentate_fate_wnt_prox1	Dentate fate/WNT/PROX1	upstream_region_fate	17	17	Prox1,Neurod1,Neurod2,Eomes,Tbr1,Lef1,Lhx2,Emx2,Zbtb20,Tcf7l2,Wnt3a,Wnt7a,Dkk3,Bcl11b,Calb1,C1ql3,Glis3		209	0.08154672712469944	0.09778340475095768	0.22916666666666666
GSE104323	10X_all_cells	CA3-Pyr	pyramidal_comparator	dentate_fate_wnt_prox1	Dentate fate/WNT/PROX1	upstream_region_fate	17	17	Prox1,Neurod1,Neurod2,Eomes,Tbr1,Lef1,Lhx2,Emx2,Zbtb20,Tcf7l2,Wnt3a,Wnt7a,Dkk3,Bcl11b,Calb1,C1ql3,Glis3		532	0.30926443364869305	0.3140092363317126	0.7916666666666666
GSE104323	10X_all_cells	GC-juv	dentate_granule	dentate_fate_wnt_prox1	Dentate fate/WNT/PROX1	upstream_region_fate	17	17	Prox1,Neurod1,Neurod2,Eomes,Tbr1,Lef1,Lhx2,Emx2,Zbtb20,Tcf7l2,Wnt3a,Wnt7a,Dkk3,Bcl11b,Calb1,C1ql3,Glis3		3420	0.37388868592328767	0.389522019118881	0.8333333333333334
GSE104323	10X_all_cells	GC-adult	dentate_granule	dentate_fate_wnt_prox1	Dentate fate/WNT/PROX1	upstream_region_fate	17	17	Prox1,Neurod1,Neurod2,Eomes,Tbr1,Lef1,Lhx2,Emx2,Zbtb20,Tcf7l2,Wnt3a,Wnt7a,Dkk3,Bcl11b,Calb1,C1ql3,Glis3		2613	0.24464018137409832	0.2565274515384688	0.6666666666666666
GSE104323	10X_all_cells	RGL	other_local_cell_type	shared_neurogenic_niche_state	Shared neurogenic niche/progenitor state	shared_niche_state	21	21	Sox2,Hes1,Hes5,Notch1,Notch2,Dll1,Jag1,Ascl1,Dcx,Tubb3,Nes,Vim,Gfap,Bmp4,Bmpr1a,Id1,Id2,Ptch1,Gli1,Wnt5a,Wnt7a		199	0.1916834138445309	0.19860811200757192	0.6666666666666666
GSE104323	10X_all_cells	Astro-adult	other_local_cell_type	shared_neurogenic_niche_state	Shared neurogenic niche/progenitor state	shared_niche_state	21	21	Sox2,Hes1,Hes5,Notch1,Notch2,Dll1,Jag1,Ascl1,Dcx,Tubb3,Nes,Vim,Gfap,Bmp4,Bmpr1a,Id1,Id2,Ptch1,Gli1,Wnt5a,Wnt7a		1232	0.15133589668323552	0.16097835429434287	0.5
GSE104323	10X_all_cells	Astro-juv	other_local_cell_type	shared_neurogenic_niche_state	Shared neurogenic niche/progenitor state	shared_niche_state	21	21	Sox2,Hes1,Hes5,Notch1,Notch2,Dll1,Jag1,Ascl1,Dcx,Tubb3,Nes,Vim,Gfap,Bmp4,Bmpr1a,Id1,Id2,Ptch1,Gli1,Wnt5a,Wnt7a		821	0.23665777617028574	0.2462427110942062	0.8333333333333334
GSE104323	10X_all_cells	Immature-Astro	other_local_cell_type	shared_neurogenic_niche_state	Shared neurogenic niche/progenitor state	shared_niche_state	21	21	Sox2,Hes1,Hes5,Notch1,Notch2,Dll1,Jag1,Ascl1,Dcx,Tubb3,Nes,Vim,Gfap,Bmp4,Bmpr1a,Id1,Id2,Ptch1,Gli1,Wnt5a,Wnt7a		651	0.3930108402657987	0.40318554464202333	1.0
GSE104323	10X_all_cells	RGL_young	other_local_cell_type	shared_neurogenic_niche_state	Shared neurogenic niche/progenitor state	shared_niche_state	21	21	Sox2,Hes1,Hes5,Notch1,Notch2,Dll1,Jag1,Ascl1,Dcx,Tubb3,Nes,Vim,Gfap,Bmp4,Bmpr1a,Id1,Id2,Ptch1,Gli1,Wnt5a,Wnt7a		686	0.3173428919241809	0.335846581666111	0.9166666666666666
GSE104323	10X_all_cells	Ependymal	other_local_cell_type	shared_neurogenic_niche_state	Shared neurogenic niche/progenitor state	shared_niche_state	21	21	Sox2,Hes1,Hes5,Notch1,Notch2,Dll1,Jag1,Ascl1,Dcx,Tubb3,Nes,Vim,Gfap,Bmp4,Bmpr1a,Id1,Id2,Ptch1,Gli1,Wnt5a,Wnt7a		182	0.21734991387942076	0.24517566583524306	0.75
GSE104323	10X_all_cells	PVM	other_local_cell_type	shared_neurogenic_niche_state	Shared neurogenic niche/progenitor state	shared_niche_state	21	21	Sox2,Hes1,Hes5,Notch1,Notch2,Dll1,Jag1,Ascl1,Dcx,Tubb3,Nes,Vim,Gfap,Bmp4,Bmpr1a,Id1,Id2,Ptch1,Gli1,Wnt5a,Wnt7a		79	0.033007008598092635	0.05257445373216174	0.14583333333333334
GSE104323	10X_all_cells	MiCajal-Retziusoglia	other_local_cell_type	shared_neurogenic_niche_state	Shared neurogenic niche/progenitor state	shared_niche_state	21	21	Sox2,Hes1,Hes5,Notch1,Notch2,Dll1,Jag1,Ascl1,Dcx,Tubb3,Nes,Vim,Gfap,Bmp4,Bmpr1a,Id1,Id2,Ptch1,Gli1,Wnt5a,Wnt7a		428	0.033007008598092635	0.05600531753908703	0.14583333333333334
GSE104323	10X_all_cells	Endothelial	other_local_cell_type	shared_neurogenic_niche_state	Shared neurogenic niche/progenitor state	shared_niche_state	21	21	Sox2,Hes1,Hes5,Notch1,Notch2,Dll1,Jag1,Ascl1,Dcx,Tubb3,Nes,Vim,Gfap,Bmp4,Bmpr1a,Id1,Id2,Ptch1,Gli1,Wnt5a,Wnt7a		543	0.15867640524643828	0.18627474930220253	0.5416666666666666
GSE104323	10X_all_cells	VLMC	other_local_cell_type	shared_neurogenic_niche_state	Shared neurogenic niche/progenitor state	shared_niche_state	21	21	Sox2,Hes1,Hes5,Notch1,Notch2,Dll1,Jag1,Ascl1,Dcx,Tubb3,Nes,Vim,Gfap,Bmp4,Bmpr1a,Id1,Id2,Ptch1,Gli1,Wnt5a,Wnt7a		160	0.18280627382567166	0.20196055546204375	0.5833333333333334
GSE104323	10X_all_cells	MOL	other_local_cell_type	shared_neurogenic_niche_state	Shared neurogenic niche/progenitor state	shared_niche_state	21	21	Sox2,Hes1,Hes5,Notch1,Notch2,Dll1,Jag1,Ascl1,Dcx,Tubb3,Nes,Vim,Gfap,Bmp4,Bmpr1a,Id1,Id2,Ptch1,Gli1,Wnt5a,Wnt7a		704	0.033007008598092635	0.036532557689689264	0.14583333333333334
GSE104323	10X_all_cells	NFOL	other_local_cell_type	shared_neurogenic_niche_state	Shared neurogenic niche/progenitor state	shared_niche_state	21	21	Sox2,Hes1,Hes5,Notch1,Notch2,Dll1,Jag1,Ascl1,Dcx,Tubb3,Nes,Vim,Gfap,Bmp4,Bmpr1a,Id1,Id2,Ptch1,Gli1,Wnt5a,Wnt7a		232	0.08532187948705024	0.10047592062260285	0.2916666666666667
GSE104323	10X_all_cells	OPC	other_local_cell_type	shared_neurogenic_niche_state	Shared neurogenic niche/progenitor state	shared_niche_state	21	21	Sox2,Hes1,Hes5,Notch1,Notch2,Dll1,Jag1,Ascl1,Dcx,Tubb3,Nes,Vim,Gfap,Bmp4,Bmpr1a,Id1,Id2,Ptch1,Gli1,Wnt5a,Wnt7a		794	0.12364182978310026	0.13616104553896838	0.375
GSE104323	10X_all_cells	nIPC-perin	other_local_cell_type	shared_neurogenic_niche_state	Shared neurogenic niche/progenitor state	shared_niche_state	21	21	Sox2,Hes1,Hes5,Notch1,Notch2,Dll1,Jag1,Ascl1,Dcx,Tubb3,Nes,Vim,Gfap,Bmp4,Bmpr1a,Id1,Id2,Ptch1,Gli1,Wnt5a,Wnt7a		468	0.3584672002120496	0.37749942221006977	0.9583333333333334
GSE104323	10X_all_cells	nIPC	other_local_cell_type	shared_neurogenic_niche_state	Shared neurogenic niche/progenitor state	shared_niche_state	21	21	Sox2,Hes1,Hes5,Notch1,Notch2,Dll1,Jag1,Ascl1,Dcx,Tubb3,Nes,Vim,Gfap,Bmp4,Bmpr1a,Id1,Id2,Ptch1,Gli1,Wnt5a,Wnt7a		353	0.2036507675721931	0.21886729635195587	0.7083333333333334
GSE104323	10X_all_cells	Neuroblast	dentate_granule	shared_neurogenic_niche_state	Shared neurogenic niche/progenitor state	shared_niche_state	21	21	Sox2,Hes1,Hes5,Notch1,Notch2,Dll1,Jag1,Ascl1,Dcx,Tubb3,Nes,Vim,Gfap,Bmp4,Bmpr1a,Id1,Id2,Ptch1,Gli1,Wnt5a,Wnt7a		1381	0.18434290528132813	0.19376637588545295	0.625
GSE104323	10X_all_cells	Immature-GC	dentate_granule	shared_neurogenic_niche_state	Shared neurogenic niche/progenitor state	shared_niche_state	21	21	Sox2,Hes1,Hes5,Notch1,Notch2,Dll1,Jag1,Ascl1,Dcx,Tubb3,Nes,Vim,Gfap,Bmp4,Bmpr1a,Id1,Id2,Ptch1,Gli1,Wnt5a,Wnt7a		2419	0.14497725893921062	0.14670527169833597	0.4583333333333333
GSE104323	10X_all_cells	Immature-Pyr	pyramidal_comparator	shared_neurogenic_niche_state	Shared neurogenic niche/progenitor state	shared_niche_state	21	21	Sox2,Hes1,Hes5,Notch1,Notch2,Dll1,Jag1,Ascl1,Dcx,Tubb3,Nes,Vim,Gfap,Bmp4,Bmpr1a,Id1,Id2,Ptch1,Gli1,Wnt5a,Wnt7a		4520	0.2559656384611507	0.25979330210315105	0.875
GSE104323	10X_all_cells	Cajal-Retzius	other_local_cell_type	shared_neurogenic_niche_state	Shared neurogenic niche/progenitor state	shared_niche_state	21	21	Sox2,Hes1,Hes5,Notch1,Notch2,Dll1,Jag1,Ascl1,Dcx,Tubb3,Nes,Vim,Gfap,Bmp4,Bmpr1a,Id1,Id2,Ptch1,Gli1,Wnt5a,Wnt7a		535	0.12566939664834564	0.13495876876102542	0.4166666666666667
GSE104323	10X_all_cells	Immature-GABA	other_local_cell_type	shared_neurogenic_niche_state	Shared neurogenic niche/progenitor state	shared_niche_state	21	21	Sox2,Hes1,Hes5,Notch1,Notch2,Dll1,Jag1,Ascl1,Dcx,Tubb3,Nes,Vim,Gfap,Bmp4,Bmpr1a,Id1,Id2,Ptch1,Gli1,Wnt5a,Wnt7a		1024	0.23462612638917513	0.24468750960674673	0.7916666666666666
GSE104323	10X_all_cells	GABA	other_local_cell_type	shared_neurogenic_niche_state	Shared neurogenic niche/progenitor state	shared_niche_state	21	21	Sox2,Hes1,Hes5,Notch1,Notch2,Dll1,Jag1,Ascl1,Dcx,Tubb3,Nes,Vim,Gfap,Bmp4,Bmpr1a,Id1,Id2,Ptch1,Gli1,Wnt5a,Wnt7a		209	0.10964690919019267	0.12851729998002365	0.3333333333333333
GSE104323	10X_all_cells	CA3-Pyr	pyramidal_comparator	shared_neurogenic_niche_state	Shared neurogenic niche/progenitor state	shared_niche_state	21	21	Sox2,Hes1,Hes5,Notch1,Notch2,Dll1,Jag1,Ascl1,Dcx,Tubb3,Nes,Vim,Gfap,Bmp4,Bmpr1a,Id1,Id2,Ptch1,Gli1,Wnt5a,Wnt7a		532	0.06601401719618527	0.08114283039027785	0.25
GSE104323	10X_all_cells	GC-juv	dentate_granule	shared_neurogenic_niche_state	Shared neurogenic niche/progenitor state	shared_niche_state	21	21	Sox2,Hes1,Hes5,Notch1,Notch2,Dll1,Jag1,Ascl1,Dcx,Tubb3,Nes,Vim,Gfap,Bmp4,Bmpr1a,Id1,Id2,Ptch1,Gli1,Wnt5a,Wnt7a		3420	0.033007008598092635	0.033191246431610935	0.14583333333333334
GSE104323	10X_all_cells	GC-adult	dentate_granule	shared_neurogenic_niche_state	Shared neurogenic niche/progenitor state	shared_niche_state	21	21	Sox2,Hes1,Hes5,Notch1,Notch2,Dll1,Jag1,Ascl1,Dcx,Tubb3,Nes,Vim,Gfap,Bmp4,Bmpr1a,Id1,Id2,Ptch1,Gli1,Wnt5a,Wnt7a		2613	0.0	0.021241842125043344	0.041666666666666664
GSE104323	10X_all_cells	RGL	other_local_cell_type	downstream_neurite_morphology	Downstream neurite/morphology	downstream_circuit_morphology	21	21	Gpm6a,Robo2,Dcc,Cadm3,Stmn2,Stmn3,Gap43,Dpysl2,Dpysl3,Map1b,Basp1,Ncam1,L1cam,Cfl1,Rtn1,Rtn3,Nrxn1,Cntn5,Plxna2,Plxna4,Nrp1		199	0.25230082697847794	0.2609916006335579	0.25
GSE104323	10X_all_cells	Astro-adult	other_local_cell_type	downstream_neurite_morphology	Downstream neurite/morphology	downstream_circuit_morphology	21	21	Gpm6a,Robo2,Dcc,Cadm3,Stmn2,Stmn3,Gap43,Dpysl2,Dpysl3,Map1b,Basp1,Ncam1,L1cam,Cfl1,Rtn1,Rtn3,Nrxn1,Cntn5,Plxna2,Plxna4,Nrp1		1232	0.2439982847334885	0.2480355912816609	0.20833333333333334
GSE104323	10X_all_cells	Astro-juv	other_local_cell_type	downstream_neurite_morphology	Downstream neurite/morphology	downstream_circuit_morphology	21	21	Gpm6a,Robo2,Dcc,Cadm3,Stmn2,Stmn3,Gap43,Dpysl2,Dpysl3,Map1b,Basp1,Ncam1,L1cam,Cfl1,Rtn1,Rtn3,Nrxn1,Cntn5,Plxna2,Plxna4,Nrp1		821	0.28336393107560603	0.292193219622683	0.3333333333333333
GSE104323	10X_all_cells	Immature-Astro	other_local_cell_type	downstream_neurite_morphology	Downstream neurite/morphology	downstream_circuit_morphology	21	21	Gpm6a,Robo2,Dcc,Cadm3,Stmn2,Stmn3,Gap43,Dpysl2,Dpysl3,Map1b,Basp1,Ncam1,L1cam,Cfl1,Rtn1,Rtn3,Nrxn1,Cntn5,Plxna2,Plxna4,Nrp1		651	0.4285533019362157	0.4494819080810489	0.5833333333333334
GSE104323	10X_all_cells	RGL_young	other_local_cell_type	downstream_neurite_morphology	Downstream neurite/morphology	downstream_circuit_morphology	21	21	Gpm6a,Robo2,Dcc,Cadm3,Stmn2,Stmn3,Gap43,Dpysl2,Dpysl3,Map1b,Basp1,Ncam1,L1cam,Cfl1,Rtn1,Rtn3,Nrxn1,Cntn5,Plxna2,Plxna4,Nrp1		686	0.33616973737415257	0.37186633140036945	0.4166666666666667
GSE104323	10X_all_cells	Ependymal	other_local_cell_type	downstream_neurite_morphology	Downstream neurite/morphology	downstream_circuit_morphology	21	21	Gpm6a,Robo2,Dcc,Cadm3,Stmn2,Stmn3,Gap43,Dpysl2,Dpysl3,Map1b,Basp1,Ncam1,L1cam,Cfl1,Rtn1,Rtn3,Nrxn1,Cntn5,Plxna2,Plxna4,Nrp1		182	0.3185045624996436	0.3679866626419591	0.375
GSE104323	10X_all_cells	PVM	other_local_cell_type	downstream_neurite_morphology	Downstream neurite/morphology	downstream_circuit_morphology	21	21	Gpm6a,Robo2,Dcc,Cadm3,Stmn2,Stmn3,Gap43,Dpysl2,Dpysl3,Map1b,Basp1,Ncam1,L1cam,Cfl1,Rtn1,Rtn3,Nrxn1,Cntn5,Plxna2,Plxna4,Nrp1		79	0.16503504299046318	0.19643116167847752	0.041666666666666664
GSE104323	10X_all_cells	MiCajal-Retziusoglia	other_local_cell_type	downstream_neurite_morphology	Downstream neurite/morphology	downstream_circuit_morphology	21	21	Gpm6a,Robo2,Dcc,Cadm3,Stmn2,Stmn3,Gap43,Dpysl2,Dpysl3,Map1b,Basp1,Ncam1,L1cam,Cfl1,Rtn1,Rtn3,Nrxn1,Cntn5,Plxna2,Plxna4,Nrp1		428	0.18434290528132813	0.2043203911888482	0.125
GSE104323	10X_all_cells	Endothelial	other_local_cell_type	downstream_neurite_morphology	Downstream neurite/morphology	downstream_circuit_morphology	21	21	Gpm6a,Robo2,Dcc,Cadm3,Stmn2,Stmn3,Gap43,Dpysl2,Dpysl3,Map1b,Basp1,Ncam1,L1cam,Cfl1,Rtn1,Rtn3,Nrxn1,Cntn5,Plxna2,Plxna4,Nrp1		543	0.17566092638637792	0.21249308764824074	0.08333333333333333
GSE104323	10X_all_cells	VLMC	other_local_cell_type	downstream_neurite_morphology	Downstream neurite/morphology	downstream_circuit_morphology	21	21	Gpm6a,Robo2,Dcc,Cadm3,Stmn2,Stmn3,Gap43,Dpysl2,Dpysl3,Map1b,Basp1,Ncam1,L1cam,Cfl1,Rtn1,Rtn3,Nrxn1,Cntn5,Plxna2,Plxna4,Nrp1		160	0.21734991387942076	0.27427288269126554	0.16666666666666666
GSE104323	10X_all_cells	MOL	other_local_cell_type	downstream_neurite_morphology	Downstream neurite/morphology	downstream_circuit_morphology	21	21	Gpm6a,Robo2,Dcc,Cadm3,Stmn2,Stmn3,Gap43,Dpysl2,Dpysl3,Map1b,Basp1,Ncam1,L1cam,Cfl1,Rtn1,Rtn3,Nrxn1,Cntn5,Plxna2,Plxna4,Nrp1		704	0.2576974310407162	0.28193411759332654	0.2916666666666667
GSE104323	10X_all_cells	NFOL	other_local_cell_type	downstream_neurite_morphology	Downstream neurite/morphology	downstream_circuit_morphology	21	21	Gpm6a,Robo2,Dcc,Cadm3,Stmn2,Stmn3,Gap43,Dpysl2,Dpysl3,Map1b,Basp1,Ncam1,L1cam,Cfl1,Rtn1,Rtn3,Nrxn1,Cntn5,Plxna2,Plxna4,Nrp1		232	0.38848460826311015	0.40966413621923486	0.5416666666666666
GSE104323	10X_all_cells	OPC	other_local_cell_type	downstream_neurite_morphology	Downstream neurite/morphology	downstream_circuit_morphology	21	21	Gpm6a,Robo2,Dcc,Cadm3,Stmn2,Stmn3,Gap43,Dpysl2,Dpysl3,Map1b,Basp1,Ncam1,L1cam,Cfl1,Rtn1,Rtn3,Nrxn1,Cntn5,Plxna2,Plxna4,Nrp1		794	0.34630468536047837	0.3873029946485325	0.4583333333333333
GSE104323	10X_all_cells	nIPC-perin	other_local_cell_type	downstream_neurite_morphology	Downstream neurite/morphology	downstream_circuit_morphology	21	21	Gpm6a,Robo2,Dcc,Cadm3,Stmn2,Stmn3,Gap43,Dpysl2,Dpysl3,Map1b,Basp1,Ncam1,L1cam,Cfl1,Rtn1,Rtn3,Nrxn1,Cntn5,Plxna2,Plxna4,Nrp1		468	0.43035883831136645	0.4632371528980013	0.625
GSE104323	10X_all_cells	nIPC	other_local_cell_type	downstream_neurite_morphology	Downstream neurite/morphology	downstream_circuit_morphology	21	21	Gpm6a,Robo2,Dcc,Cadm3,Stmn2,Stmn3,Gap43,Dpysl2,Dpysl3,Map1b,Basp1,Ncam1,L1cam,Cfl1,Rtn1,Rtn3,Nrxn1,Cntn5,Plxna2,Plxna4,Nrp1		353	0.4540076900497065	0.4957084465639434	0.6666666666666666
GSE104323	10X_all_cells	Neuroblast	dentate_granule	downstream_neurite_morphology	Downstream neurite/morphology	downstream_circuit_morphology	21	21	Gpm6a,Robo2,Dcc,Cadm3,Stmn2,Stmn3,Gap43,Dpysl2,Dpysl3,Map1b,Basp1,Ncam1,L1cam,Cfl1,Rtn1,Rtn3,Nrxn1,Cntn5,Plxna2,Plxna4,Nrp1		1381	0.5200217072458917	0.5376134452970823	0.75
GSE104323	10X_all_cells	Immature-GC	dentate_granule	downstream_neurite_morphology	Downstream neurite/morphology	downstream_circuit_morphology	21	21	Gpm6a,Robo2,Dcc,Cadm3,Stmn2,Stmn3,Gap43,Dpysl2,Dpysl3,Map1b,Basp1,Ncam1,L1cam,Cfl1,Rtn1,Rtn3,Nrxn1,Cntn5,Plxna2,Plxna4,Nrp1		2419	0.8992451360306853	0.9087122312825453	0.8333333333333334
GSE104323	10X_all_cells	Immature-Pyr	pyramidal_comparator	downstream_neurite_morphology	Downstream neurite/morphology	downstream_circuit_morphology	21	21	Gpm6a,Robo2,Dcc,Cadm3,Stmn2,Stmn3,Gap43,Dpysl2,Dpysl3,Map1b,Basp1,Ncam1,L1cam,Cfl1,Rtn1,Rtn3,Nrxn1,Cntn5,Plxna2,Plxna4,Nrp1		4520	1.3682406678416072	1.42390567916483	1.0
GSE104323	10X_all_cells	Cajal-Retzius	other_local_cell_type	downstream_neurite_morphology	Downstream neurite/morphology	downstream_circuit_morphology	21	21	Gpm6a,Robo2,Dcc,Cadm3,Stmn2,Stmn3,Gap43,Dpysl2,Dpysl3,Map1b,Basp1,Ncam1,L1cam,Cfl1,Rtn1,Rtn3,Nrxn1,Cntn5,Plxna2,Plxna4,Nrp1		535	1.005157125722955	0.9686882101053009	0.875
GSE104323	10X_all_cells	Immature-GABA	other_local_cell_type	downstream_neurite_morphology	Downstream neurite/morphology	downstream_circuit_morphology	21	21	Gpm6a,Robo2,Dcc,Cadm3,Stmn2,Stmn3,Gap43,Dpysl2,Dpysl3,Map1b,Basp1,Ncam1,L1cam,Cfl1,Rtn1,Rtn3,Nrxn1,Cntn5,Plxna2,Plxna4,Nrp1		1024	1.1953527060311142	1.229210985643709	0.9583333333333334
GSE104323	10X_all_cells	GABA	other_local_cell_type	downstream_neurite_morphology	Downstream neurite/morphology	downstream_circuit_morphology	21	21	Gpm6a,Robo2,Dcc,Cadm3,Stmn2,Stmn3,Gap43,Dpysl2,Dpysl3,Map1b,Basp1,Ncam1,L1cam,Cfl1,Rtn1,Rtn3,Nrxn1,Cntn5,Plxna2,Plxna4,Nrp1		209	0.777931250208007	0.8367525666024909	0.7916666666666666
GSE104323	10X_all_cells	CA3-Pyr	pyramidal_comparator	downstream_neurite_morphology	Downstream neurite/morphology	downstream_circuit_morphology	21	21	Gpm6a,Robo2,Dcc,Cadm3,Stmn2,Stmn3,Gap43,Dpysl2,Dpysl3,Map1b,Basp1,Ncam1,L1cam,Cfl1,Rtn1,Rtn3,Nrxn1,Cntn5,Plxna2,Plxna4,Nrp1		532	1.049625926876915	1.1083281600272046	0.9166666666666666
GSE104323	10X_all_cells	GC-juv	dentate_granule	downstream_neurite_morphology	Downstream neurite/morphology	downstream_circuit_morphology	21	21	Gpm6a,Robo2,Dcc,Cadm3,Stmn2,Stmn3,Gap43,Dpysl2,Dpysl3,Map1b,Basp1,Ncam1,L1cam,Cfl1,Rtn1,Rtn3,Nrxn1,Cntn5,Plxna2,Plxna4,Nrp1		3420	0.5169484443345789	0.5547312280011683	0.7083333333333334
GSE104323	10X_all_cells	GC-adult	dentate_granule	downstream_neurite_morphology	Downstream neurite/morphology	downstream_circuit_morphology	21	21	Gpm6a,Robo2,Dcc,Cadm3,Stmn2,Stmn3,Gap43,Dpysl2,Dpysl3,Map1b,Basp1,Ncam1,L1cam,Cfl1,Rtn1,Rtn3,Nrxn1,Cntn5,Plxna2,Plxna4,Nrp1		2613	0.3656125476513433	0.38197110697586606	0.5
GSE104323	10X_all_cells	RGL	other_local_cell_type	downstream_synaptic_excitability	Downstream synaptic/excitability	downstream_circuit_morphology	20	20	Kcnk1,Kcnj3,Kcnj6,Kcnd2,Gabra2,Gabrb3,Grin2b,Cacna2d1,Ppp3ca,Stxbp5l,Stxbp1,Synpr,Slc17a6,Slc17a7,Snap25,Syt1,Calm1,Calm2,Camk2a,Camk2b		199	0.10397207708399178	0.12053119248267792	0.041666666666666664
GSE104323	10X_all_cells	Astro-adult	other_local_cell_type	downstream_synaptic_excitability	Downstream synaptic/excitability	downstream_circuit_morphology	20	20	Kcnk1,Kcnj3,Kcnj6,Kcnd2,Gabra2,Gabrb3,Grin2b,Cacna2d1,Ppp3ca,Stxbp5l,Stxbp1,Synpr,Slc17a6,Slc17a7,Snap25,Syt1,Calm1,Calm2,Camk2a,Camk2b		1232	0.1354025100551105	0.14593150121065723	0.08333333333333333
GSE104323	10X_all_cells	Astro-juv	other_local_cell_type	downstream_synaptic_excitability	Downstream synaptic/excitability	downstream_circuit_morphology	20	20	Kcnk1,Kcnj3,Kcnj6,Kcnd2,Gabra2,Gabrb3,Grin2b,Cacna2d1,Ppp3ca,Stxbp5l,Stxbp1,Synpr,Slc17a6,Slc17a7,Snap25,Syt1,Calm1,Calm2,Camk2a,Camk2b		821	0.20471722811110502	0.21972922859763075	0.4375
GSE104323	10X_all_cells	Immature-Astro	other_local_cell_type	downstream_synaptic_excitability	Downstream synaptic/excitability	downstream_circuit_morphology	20	20	Kcnk1,Kcnj3,Kcnj6,Kcnd2,Gabra2,Gabrb3,Grin2b,Cacna2d1,Ppp3ca,Stxbp5l,Stxbp1,Synpr,Slc17a6,Slc17a7,Snap25,Syt1,Calm1,Calm2,Camk2a,Camk2b		651	0.19356005054539455	0.20809254059670337	0.3541666666666667
GSE104323	10X_all_cells	RGL_young	other_local_cell_type	downstream_synaptic_excitability	Downstream synaptic/excitability	downstream_circuit_morphology	20	20	Kcnk1,Kcnj3,Kcnj6,Kcnd2,Gabra2,Gabrb3,Grin2b,Cacna2d1,Ppp3ca,Stxbp5l,Stxbp1,Synpr,Slc17a6,Slc17a7,Snap25,Syt1,Calm1,Calm2,Camk2a,Camk2b		686	0.17328679513998632	0.18965833450619854	0.16666666666666666
GSE104323	10X_all_cells	Ependymal	other_local_cell_type	downstream_synaptic_excitability	Downstream synaptic/excitability	downstream_circuit_morphology	20	20	Kcnk1,Kcnj3,Kcnj6,Kcnd2,Gabra2,Gabrb3,Grin2b,Cacna2d1,Ppp3ca,Stxbp5l,Stxbp1,Synpr,Slc17a6,Slc17a7,Snap25,Syt1,Calm1,Calm2,Camk2a,Camk2b		182	0.2393745871391023	0.2606986064821118	0.5416666666666666
GSE104323	10X_all_cells	PVM	other_local_cell_type	downstream_synaptic_excitability	Downstream synaptic/excitability	downstream_circuit_morphology	20	20	Kcnk1,Kcnj3,Kcnj6,Kcnd2,Gabra2,Gabrb3,Grin2b,Cacna2d1,Ppp3ca,Stxbp5l,Stxbp1,Synpr,Slc17a6,Slc17a7,Snap25,Syt1,Calm1,Calm2,Camk2a,Camk2b		79	0.1868834809141684	0.20565549597307137	0.2916666666666667
GSE104323	10X_all_cells	MiCajal-Retziusoglia	other_local_cell_type	downstream_synaptic_excitability	Downstream synaptic/excitability	downstream_circuit_morphology	20	20	Kcnk1,Kcnj3,Kcnj6,Kcnd2,Gabra2,Gabrb3,Grin2b,Cacna2d1,Ppp3ca,Stxbp5l,Stxbp1,Synpr,Slc17a6,Slc17a7,Snap25,Syt1,Calm1,Calm2,Camk2a,Camk2b		428	0.1762313710313959	0.1854912167859901	0.20833333333333334
GSE104323	10X_all_cells	Endothelial	other_local_cell_type	downstream_synaptic_excitability	Downstream synaptic/excitability	downstream_circuit_morphology	20	20	Kcnk1,Kcnj3,Kcnj6,Kcnd2,Gabra2,Gabrb3,Grin2b,Cacna2d1,Ppp3ca,Stxbp5l,Stxbp1,Synpr,Slc17a6,Slc17a7,Snap25,Syt1,Calm1,Calm2,Camk2a,Camk2b		543	0.20471722811110502	0.23853046430132455	0.4375
GSE104323	10X_all_cells	VLMC	other_local_cell_type	downstream_synaptic_excitability	Downstream synaptic/excitability	downstream_circuit_morphology	20	20	Kcnk1,Kcnj3,Kcnj6,Kcnd2,Gabra2,Gabrb3,Grin2b,Cacna2d1,Ppp3ca,Stxbp5l,Stxbp1,Synpr,Slc17a6,Slc17a7,Snap25,Syt1,Calm1,Calm2,Camk2a,Camk2b		160	0.19356005054539455	0.22917763596446578	0.3541666666666667
GSE104323	10X_all_cells	MOL	other_local_cell_type	downstream_synaptic_excitability	Downstream synaptic/excitability	downstream_circuit_morphology	20	20	Kcnk1,Kcnj3,Kcnj6,Kcnd2,Gabra2,Gabrb3,Grin2b,Cacna2d1,Ppp3ca,Stxbp5l,Stxbp1,Synpr,Slc17a6,Slc17a7,Snap25,Syt1,Calm1,Calm2,Camk2a,Camk2b		704	0.21088873005939318	0.24395585830975478	0.5
GSE104323	10X_all_cells	NFOL	other_local_cell_type	downstream_synaptic_excitability	Downstream synaptic/excitability	downstream_circuit_morphology	20	20	Kcnk1,Kcnj3,Kcnj6,Kcnd2,Gabra2,Gabrb3,Grin2b,Cacna2d1,Ppp3ca,Stxbp5l,Stxbp1,Synpr,Slc17a6,Slc17a7,Snap25,Syt1,Calm1,Calm2,Camk2a,Camk2b		232	0.1791759469228055	0.1860981236541849	0.25
GSE104323	10X_all_cells	OPC	other_local_cell_type	downstream_synaptic_excitability	Downstream synaptic/excitability	downstream_circuit_morphology	20	20	Kcnk1,Kcnj3,Kcnj6,Kcnd2,Gabra2,Gabrb3,Grin2b,Cacna2d1,Ppp3ca,Stxbp5l,Stxbp1,Synpr,Slc17a6,Slc17a7,Snap25,Syt1,Calm1,Calm2,Camk2a,Camk2b		794	0.15890269151739728	0.18754345995042998	0.125
GSE104323	10X_all_cells	nIPC-perin	other_local_cell_type	downstream_synaptic_excitability	Downstream synaptic/excitability	downstream_circuit_morphology	20	20	Kcnk1,Kcnj3,Kcnj6,Kcnd2,Gabra2,Gabrb3,Grin2b,Cacna2d1,Ppp3ca,Stxbp5l,Stxbp1,Synpr,Slc17a6,Slc17a7,Snap25,Syt1,Calm1,Calm2,Camk2a,Camk2b		468	0.25375869076169133	0.2601403718643005	0.5833333333333334
GSE104323	10X_all_cells	nIPC	other_local_cell_type	downstream_synaptic_excitability	Downstream synaptic/excitability	downstream_circuit_morphology	20	20	Kcnk1,Kcnj3,Kcnj6,Kcnd2,Gabra2,Gabrb3,Grin2b,Cacna2d1,Ppp3ca,Stxbp5l,Stxbp1,Synpr,Slc17a6,Slc17a7,Snap25,Syt1,Calm1,Calm2,Camk2a,Camk2b		353	0.29174053685313023	0.31181759938643394	0.625
GSE104323	10X_all_cells	Neuroblast	dentate_granule	downstream_synaptic_excitability	Downstream synaptic/excitability	downstream_circuit_morphology	20	20	Kcnk1,Kcnj3,Kcnj6,Kcnd2,Gabra2,Gabrb3,Grin2b,Cacna2d1,Ppp3ca,Stxbp5l,Stxbp1,Synpr,Slc17a6,Slc17a7,Snap25,Syt1,Calm1,Calm2,Camk2a,Camk2b		1381	0.31457845697791603	0.3196441782366758	0.6666666666666666
GSE104323	10X_all_cells	Immature-GC	dentate_granule	downstream_synaptic_excitability	Downstream synaptic/excitability	downstream_circuit_morphology	20	20	Kcnk1,Kcnj3,Kcnj6,Kcnd2,Gabra2,Gabrb3,Grin2b,Cacna2d1,Ppp3ca,Stxbp5l,Stxbp1,Synpr,Slc17a6,Slc17a7,Snap25,Syt1,Calm1,Calm2,Camk2a,Camk2b		2419	0.5798927337877767	0.6629349935581987	0.75
GSE104323	10X_all_cells	Immature-Pyr	pyramidal_comparator	downstream_synaptic_excitability	Downstream synaptic/excitability	downstream_circuit_morphology	20	20	Kcnk1,Kcnj3,Kcnj6,Kcnd2,Gabra2,Gabrb3,Grin2b,Cacna2d1,Ppp3ca,Stxbp5l,Stxbp1,Synpr,Slc17a6,Slc17a7,Snap25,Syt1,Calm1,Calm2,Camk2a,Camk2b		4520	0.654586836385397	0.7485549516248211	0.8333333333333334
GSE104323	10X_all_cells	Cajal-Retzius	other_local_cell_type	downstream_synaptic_excitability	Downstream synaptic/excitability	downstream_circuit_morphology	20	20	Kcnk1,Kcnj3,Kcnj6,Kcnd2,Gabra2,Gabrb3,Grin2b,Cacna2d1,Ppp3ca,Stxbp5l,Stxbp1,Synpr,Slc17a6,Slc17a7,Snap25,Syt1,Calm1,Calm2,Camk2a,Camk2b		535	0.4807102099358686	0.5075401133032086	0.7083333333333334
GSE104323	10X_all_cells	Immature-GABA	other_local_cell_type	downstream_synaptic_excitability	Downstream synaptic/excitability	downstream_circuit_morphology	20	20	Kcnk1,Kcnj3,Kcnj6,Kcnd2,Gabra2,Gabrb3,Grin2b,Cacna2d1,Ppp3ca,Stxbp5l,Stxbp1,Synpr,Slc17a6,Slc17a7,Snap25,Syt1,Calm1,Calm2,Camk2a,Camk2b		1024	0.589387818992889	0.6421405596448508	0.7916666666666666
GSE104323	10X_all_cells	GABA	other_local_cell_type	downstream_synaptic_excitability	Downstream synaptic/excitability	downstream_circuit_morphology	20	20	Kcnk1,Kcnj3,Kcnj6,Kcnd2,Gabra2,Gabrb3,Grin2b,Cacna2d1,Ppp3ca,Stxbp5l,Stxbp1,Synpr,Slc17a6,Slc17a7,Snap25,Syt1,Calm1,Calm2,Camk2a,Camk2b		209	0.7340464479732336	0.7990253678278858	0.9166666666666666
GSE104323	10X_all_cells	CA3-Pyr	pyramidal_comparator	downstream_synaptic_excitability	Downstream synaptic/excitability	downstream_circuit_morphology	20	20	Kcnk1,Kcnj3,Kcnj6,Kcnd2,Gabra2,Gabrb3,Grin2b,Cacna2d1,Ppp3ca,Stxbp5l,Stxbp1,Synpr,Slc17a6,Slc17a7,Snap25,Syt1,Calm1,Calm2,Camk2a,Camk2b		532	1.4302943880937926	1.4198767766941667	1.0
GSE104323	10X_all_cells	GC-juv	dentate_granule	downstream_synaptic_excitability	Downstream synaptic/excitability	downstream_circuit_morphology	20	20	Kcnk1,Kcnj3,Kcnj6,Kcnd2,Gabra2,Gabrb3,Grin2b,Cacna2d1,Ppp3ca,Stxbp5l,Stxbp1,Synpr,Slc17a6,Slc17a7,Snap25,Syt1,Calm1,Calm2,Camk2a,Camk2b		3420	0.9360546416498581	0.9907429299112196	0.9583333333333334
GSE104323	10X_all_cells	GC-adult	dentate_granule	downstream_synaptic_excitability	Downstream synaptic/excitability	downstream_circuit_morphology	20	20	Kcnk1,Kcnj3,Kcnj6,Kcnd2,Gabra2,Gabrb3,Grin2b,Cacna2d1,Ppp3ca,Stxbp5l,Stxbp1,Synpr,Slc17a6,Slc17a7,Snap25,Syt1,Calm1,Calm2,Camk2a,Camk2b		2613	0.6925824802290073	0.7096596324132438	0.875
GSE122357	P0	Granule precursor	cerebellar_granule	cerebellar_fate_rhombic_lip_shh	Cerebellar fate/rhombic-lip/SHH	upstream_region_fate	13	13	Atoh1,Barhl1,Pax6,Zic1,Zic2,Zic3,Mycn,Ptch1,Gli1,Gli2,En1,En2,Meis1		2553	0.6267590099941498	0.6265250894565962	1.0
GSE122357	P0	Granule cells	cerebellar_granule	cerebellar_fate_rhombic_lip_shh	Cerebellar fate/rhombic-lip/SHH	upstream_region_fate	13	13	Atoh1,Barhl1,Pax6,Zic1,Zic2,Zic3,Mycn,Ptch1,Gli1,Gli2,En1,En2,Meis1		2814	0.5151564805897296	0.5127531371571039	0.875
GSE122357	P0	Interneuron	other_local_cell_type	cerebellar_fate_rhombic_lip_shh	Cerebellar fate/rhombic-lip/SHH	upstream_region_fate	13	13	Atoh1,Barhl1,Pax6,Zic1,Zic2,Zic3,Mycn,Ptch1,Gli1,Gli2,En1,En2,Meis1		418	0.31991408333535937	0.3450377508141797	0.5
GSE122357	P0	Microglia	other_local_cell_type	cerebellar_fate_rhombic_lip_shh	Cerebellar fate/rhombic-lip/SHH	upstream_region_fate	13	13	Atoh1,Barhl1,Pax6,Zic1,Zic2,Zic3,Mycn,Ptch1,Gli1,Gli2,En1,En2,Meis1		112	0.05331901388922656	0.09279889996273676	0.1875
GSE122357	P0	Astrocytes	other_local_cell_type	cerebellar_fate_rhombic_lip_shh	Cerebellar fate/rhombic-lip/SHH	upstream_region_fate	13	13	Atoh1,Barhl1,Pax6,Zic1,Zic2,Zic3,Mycn,Ptch1,Gli1,Gli2,En1,En2,Meis1		1230	0.35110370703598737	0.3757121739780856	0.625
GSE122357	P0	Oligodendrocytes	other_local_cell_type	cerebellar_fate_rhombic_lip_shh	Cerebellar fate/rhombic-lip/SHH	upstream_region_fate	13	13	Atoh1,Barhl1,Pax6,Zic1,Zic2,Zic3,Mycn,Ptch1,Gli1,Gli2,En1,En2,Meis1		44	0.0845086375898546	0.10983021272567192	0.375
GSE122357	P0	Purkinje cells	purkinje_comparator	cerebellar_fate_rhombic_lip_shh	Cerebellar fate/rhombic-lip/SHH	upstream_region_fate	13	13	Atoh1,Barhl1,Pax6,Zic1,Zic2,Zic3,Mycn,Ptch1,Gli1,Gli2,En1,En2,Meis1		92	0.05331901388922656	0.11770316005038609	0.1875
GSE122357	P0	Endothelial cells	other_local_cell_type	cerebellar_fate_rhombic_lip_shh	Cerebellar fate/rhombic-lip/SHH	upstream_region_fate	13	13	Atoh1,Barhl1,Pax6,Zic1,Zic2,Zic3,Mycn,Ptch1,Gli1,Gli2,En1,En2,Meis1		15	0.438752498050477	0.42512150389859305	0.75
GSE122357	P0	Granule precursor	cerebellar_granule	dentate_fate_wnt_prox1	Dentate fate/WNT/PROX1	upstream_region_fate	17	15	Prox1,Neurod1,Neurod2,Eomes,Tbr1,Lef1,Lhx2,Zbtb20,Tcf7l2,Wnt7a,Dkk3,Bcl11b,Calb1,C1ql3,Glis3	EMX2,WNT3A	2553	0.16566044331920002	0.17396337570893827	0.625
GSE122357	P0	Granule cells	cerebellar_granule	dentate_fate_wnt_prox1	Dentate fate/WNT/PROX1	upstream_region_fate	17	15	Prox1,Neurod1,Neurod2,Eomes,Tbr1,Lef1,Lhx2,Zbtb20,Tcf7l2,Wnt7a,Dkk3,Bcl11b,Calb1,C1ql3,Glis3	EMX2,WNT3A	2814	0.26080153369520975	0.26438434475083844	1.0
GSE122357	P0	Interneuron	other_local_cell_type	dentate_fate_wnt_prox1	Dentate fate/WNT/PROX1	upstream_region_fate	17	15	Prox1,Neurod1,Neurod2,Eomes,Tbr1,Lef1,Lhx2,Zbtb20,Tcf7l2,Wnt7a,Dkk3,Bcl11b,Calb1,C1ql3,Glis3	EMX2,WNT3A	418	0.19269145052641096	0.19864153452900327	0.75
GSE122357	P0	Microglia	other_local_cell_type	dentate_fate_wnt_prox1	Dentate fate/WNT/PROX1	upstream_region_fate	17	15	Prox1,Neurod1,Neurod2,Eomes,Tbr1,Lef1,Lhx2,Zbtb20,Tcf7l2,Wnt7a,Dkk3,Bcl11b,Calb1,C1ql3,Glis3	EMX2,WNT3A	112	0.046209812037329684	0.057027914481651905	0.125
GSE122357	P0	Astrocytes	other_local_cell_type	dentate_fate_wnt_prox1	Dentate fate/WNT/PROX1	upstream_region_fate	17	15	Prox1,Neurod1,Neurod2,Eomes,Tbr1,Lef1,Lhx2,Zbtb20,Tcf7l2,Wnt7a,Dkk3,Bcl11b,Calb1,C1ql3,Glis3	EMX2,WNT3A	1230	0.11945063128187033	0.13108499746798843	0.4375
GSE122357	P0	Oligodendrocytes	other_local_cell_type	dentate_fate_wnt_prox1	Dentate fate/WNT/PROX1	upstream_region_fate	17	15	Prox1,Neurod1,Neurod2,Eomes,Tbr1,Lef1,Lhx2,Zbtb20,Tcf7l2,Wnt7a,Dkk3,Bcl11b,Calb1,C1ql3,Glis3	EMX2,WNT3A	44	0.09241962407465937	0.10925867203518921	0.25
GSE122357	P0	Purkinje cells	purkinje_comparator	dentate_fate_wnt_prox1	Dentate fate/WNT/PROX1	upstream_region_fate	17	15	Prox1,Neurod1,Neurod2,Eomes,Tbr1,Lef1,Lhx2,Zbtb20,Tcf7l2,Wnt7a,Dkk3,Bcl11b,Calb1,C1ql3,Glis3	EMX2,WNT3A	92	0.11945063128187033	0.1372633452543776	0.4375
GSE122357	P0	Endothelial cells	other_local_cell_type	dentate_fate_wnt_prox1	Dentate fate/WNT/PROX1	upstream_region_fate	17	15	Prox1,Neurod1,Neurod2,Eomes,Tbr1,Lef1,Lhx2,Zbtb20,Tcf7l2,Wnt7a,Dkk3,Bcl11b,Calb1,C1ql3,Glis3	EMX2,WNT3A	15	0.22214696734501357	0.20059561511932075	0.875
GSE122357	P0	Granule precursor	cerebellar_granule	shared_neurogenic_niche_state	Shared neurogenic niche/progenitor state	shared_niche_state	21	21	Sox2,Hes1,Hes5,Notch1,Notch2,Dll1,Jag1,Ascl1,Dcx,Tubb3,Nes,Vim,Gfap,Bmp4,Bmpr1a,Id1,Id2,Ptch1,Gli1,Wnt5a,Wnt7a		2553	0.21929381838038528	0.2319810760794971	0.375
GSE122357	P0	Granule cells	cerebellar_granule	shared_neurogenic_niche_state	Shared neurogenic niche/progenitor state	shared_niche_state	21	21	Sox2,Hes1,Hes5,Notch1,Notch2,Dll1,Jag1,Ascl1,Dcx,Tubb3,Nes,Vim,Gfap,Bmp4,Bmpr1a,Id1,Id2,Ptch1,Gli1,Wnt5a,Wnt7a		2814	0.26098280587342815	0.26505936434136473	0.625
GSE122357	P0	Interneuron	other_local_cell_type	shared_neurogenic_niche_state	Shared neurogenic niche/progenitor state	shared_niche_state	21	21	Sox2,Hes1,Hes5,Notch1,Notch2,Dll1,Jag1,Ascl1,Dcx,Tubb3,Nes,Vim,Gfap,Bmp4,Bmpr1a,Id1,Id2,Ptch1,Gli1,Wnt5a,Wnt7a		418	0.27975560016781553	0.31942502227336733	0.75
GSE122357	P0	Microglia	other_local_cell_type	shared_neurogenic_niche_state	Shared neurogenic niche/progenitor state	shared_niche_state	21	21	Sox2,Hes1,Hes5,Notch1,Notch2,Dll1,Jag1,Ascl1,Dcx,Tubb3,Nes,Vim,Gfap,Bmp4,Bmpr1a,Id1,Id2,Ptch1,Gli1,Wnt5a,Wnt7a		112	0.06601401719618527	0.09191428269492916	0.125
GSE122357	P0	Astrocytes	other_local_cell_type	shared_neurogenic_niche_state	Shared neurogenic niche/progenitor state	shared_niche_state	21	21	Sox2,Hes1,Hes5,Notch1,Notch2,Dll1,Jag1,Ascl1,Dcx,Tubb3,Nes,Vim,Gfap,Bmp4,Bmpr1a,Id1,Id2,Ptch1,Gli1,Wnt5a,Wnt7a		1230	0.4073015351443862	0.4210683992075683	1.0
GSE122357	P0	Oligodendrocytes	other_local_cell_type	shared_neurogenic_niche_state	Shared neurogenic niche/progenitor state	shared_niche_state	21	21	Sox2,Hes1,Hes5,Notch1,Notch2,Dll1,Jag1,Ascl1,Dcx,Tubb3,Nes,Vim,Gfap,Bmp4,Bmpr1a,Id1,Id2,Ptch1,Gli1,Wnt5a,Wnt7a		44	0.2291374678507982	0.26393430521303	0.5
GSE122357	P0	Purkinje cells	purkinje_comparator	shared_neurogenic_niche_state	Shared neurogenic niche/progenitor state	shared_niche_state	21	21	Sox2,Hes1,Hes5,Notch1,Notch2,Dll1,Jag1,Ascl1,Dcx,Tubb3,Nes,Vim,Gfap,Bmp4,Bmpr1a,Id1,Id2,Ptch1,Gli1,Wnt5a,Wnt7a		92	0.21527821442728673	0.23250951940606207	0.25
GSE122357	P0	Endothelial cells	other_local_cell_type	shared_neurogenic_niche_state	Shared neurogenic niche/progenitor state	shared_niche_state	21	21	Sox2,Hes1,Hes5,Notch1,Notch2,Dll1,Jag1,Ascl1,Dcx,Tubb3,Nes,Vim,Gfap,Bmp4,Bmpr1a,Id1,Id2,Ptch1,Gli1,Wnt5a,Wnt7a		15	0.3776973343549671	0.400046919101123	0.875
GSE122357	P0	Granule precursor	cerebellar_granule	downstream_neurite_morphology	Downstream neurite/morphology	downstream_circuit_morphology	21	21	Gpm6a,Robo2,Dcc,Cadm3,Stmn2,Stmn3,Gap43,Dpysl2,Dpysl3,Map1b,Basp1,Ncam1,L1cam,Cfl1,Rtn1,Rtn3,Nrxn1,Cntn5,Plxna2,Plxna4,Nrp1		2553	0.7225431164077365	0.7749607584861119	0.5
GSE122357	P0	Granule cells	cerebellar_granule	downstream_neurite_morphology	Downstream neurite/morphology	downstream_circuit_morphology	21	21	Gpm6a,Robo2,Dcc,Cadm3,Stmn2,Stmn3,Gap43,Dpysl2,Dpysl3,Map1b,Basp1,Ncam1,L1cam,Cfl1,Rtn1,Rtn3,Nrxn1,Cntn5,Plxna2,Plxna4,Nrp1		2814	1.1628243143855925	1.167867179866048	1.0
GSE122357	P0	Interneuron	other_local_cell_type	downstream_neurite_morphology	Downstream neurite/morphology	downstream_circuit_morphology	21	21	Gpm6a,Robo2,Dcc,Cadm3,Stmn2,Stmn3,Gap43,Dpysl2,Dpysl3,Map1b,Basp1,Ncam1,L1cam,Cfl1,Rtn1,Rtn3,Nrxn1,Cntn5,Plxna2,Plxna4,Nrp1		418	0.7467566473512508	0.7481576269044786	0.625
GSE122357	P0	Microglia	other_local_cell_type	downstream_neurite_morphology	Downstream neurite/morphology	downstream_circuit_morphology	21	21	Gpm6a,Robo2,Dcc,Cadm3,Stmn2,Stmn3,Gap43,Dpysl2,Dpysl3,Map1b,Basp1,Ncam1,L1cam,Cfl1,Rtn1,Rtn3,Nrxn1,Cntn5,Plxna2,Plxna4,Nrp1		112	0.4153182216723913	0.47997038174465356	0.125
GSE122357	P0	Astrocytes	other_local_cell_type	downstream_neurite_morphology	Downstream neurite/morphology	downstream_circuit_morphology	21	21	Gpm6a,Robo2,Dcc,Cadm3,Stmn2,Stmn3,Gap43,Dpysl2,Dpysl3,Map1b,Basp1,Ncam1,L1cam,Cfl1,Rtn1,Rtn3,Nrxn1,Cntn5,Plxna2,Plxna4,Nrp1		1230	0.4773549539206482	0.5125497857066416	0.25
GSE122357	P0	Oligodendrocytes	other_local_cell_type	downstream_neurite_morphology	Downstream neurite/morphology	downstream_circuit_morphology	21	21	Gpm6a,Robo2,Dcc,Cadm3,Stmn2,Stmn3,Gap43,Dpysl2,Dpysl3,Map1b,Basp1,Ncam1,L1cam,Cfl1,Rtn1,Rtn3,Nrxn1,Cntn5,Plxna2,Plxna4,Nrp1		44	0.6333388707176859	0.6880689476917712	0.375
GSE122357	P0	Purkinje cells	purkinje_comparator	downstream_neurite_morphology	Downstream neurite/morphology	downstream_circuit_morphology	21	21	Gpm6a,Robo2,Dcc,Cadm3,Stmn2,Stmn3,Gap43,Dpysl2,Dpysl3,Map1b,Basp1,Ncam1,L1cam,Cfl1,Rtn1,Rtn3,Nrxn1,Cntn5,Plxna2,Plxna4,Nrp1		92	1.1364854082471	1.1764262435564958	0.875
GSE122357	P0	Endothelial cells	other_local_cell_type	downstream_neurite_morphology	Downstream neurite/morphology	downstream_circuit_morphology	21	21	Gpm6a,Robo2,Dcc,Cadm3,Stmn2,Stmn3,Gap43,Dpysl2,Dpysl3,Map1b,Basp1,Ncam1,L1cam,Cfl1,Rtn1,Rtn3,Nrxn1,Cntn5,Plxna2,Plxna4,Nrp1		15	0.7866132291029571	0.8184658878827026	0.75
GSE122357	P0	Granule precursor	cerebellar_granule	downstream_synaptic_excitability	Downstream synaptic/excitability	downstream_circuit_morphology	20	20	Kcnk1,Kcnj3,Kcnj6,Kcnd2,Gabra2,Gabrb3,Grin2b,Cacna2d1,Ppp3ca,Stxbp5l,Stxbp1,Synpr,Slc17a6,Slc17a7,Snap25,Syt1,Calm1,Calm2,Camk2a,Camk2b		2553	0.29753212762938636	0.32158841781485487	0.625
GSE122357	P0	Granule cells	cerebellar_granule	downstream_synaptic_excitability	Downstream synaptic/excitability	downstream_circuit_morphology	20	20	Kcnk1,Kcnj3,Kcnj6,Kcnd2,Gabra2,Gabrb3,Grin2b,Cacna2d1,Ppp3ca,Stxbp5l,Stxbp1,Synpr,Slc17a6,Slc17a7,Snap25,Syt1,Calm1,Calm2,Camk2a,Camk2b		2814	0.47592065670378486	0.4809575004223054	1.0
GSE122357	P0	Interneuron	other_local_cell_type	downstream_synaptic_excitability	Downstream synaptic/excitability	downstream_circuit_morphology	20	20	Kcnk1,Kcnj3,Kcnj6,Kcnd2,Gabra2,Gabrb3,Grin2b,Cacna2d1,Ppp3ca,Stxbp5l,Stxbp1,Synpr,Slc17a6,Slc17a7,Snap25,Syt1,Calm1,Calm2,Camk2a,Camk2b		418	0.27013183995518497	0.279327575199449	0.5
GSE122357	P0	Microglia	other_local_cell_type	downstream_synaptic_excitability	Downstream synaptic/excitability	downstream_circuit_morphology	20	20	Kcnk1,Kcnj3,Kcnj6,Kcnd2,Gabra2,Gabrb3,Grin2b,Cacna2d1,Ppp3ca,Stxbp5l,Stxbp1,Synpr,Slc17a6,Slc17a7,Snap25,Syt1,Calm1,Calm2,Camk2a,Camk2b		112	0.2164673188422484	0.2347156043906408	0.25
GSE122357	P0	Astrocytes	other_local_cell_type	downstream_synaptic_excitability	Downstream synaptic/excitability	downstream_circuit_morphology	20	20	Kcnk1,Kcnj3,Kcnj6,Kcnd2,Gabra2,Gabrb3,Grin2b,Cacna2d1,Ppp3ca,Stxbp5l,Stxbp1,Synpr,Slc17a6,Slc17a7,Snap25,Syt1,Calm1,Calm2,Camk2a,Camk2b		1230	0.1791759469228055	0.1922847287847759	0.125
GSE122357	P0	Oligodendrocytes	other_local_cell_type	downstream_synaptic_excitability	Downstream synaptic/excitability	downstream_circuit_morphology	20	20	Kcnk1,Kcnj3,Kcnj6,Kcnd2,Gabra2,Gabrb3,Grin2b,Cacna2d1,Ppp3ca,Stxbp5l,Stxbp1,Synpr,Slc17a6,Slc17a7,Snap25,Syt1,Calm1,Calm2,Camk2a,Camk2b		44	0.23501575246048284	0.2628241371903053	0.375
GSE122357	P0	Purkinje cells	purkinje_comparator	downstream_synaptic_excitability	Downstream synaptic/excitability	downstream_circuit_morphology	20	20	Kcnk1,Kcnj3,Kcnj6,Kcnd2,Gabra2,Gabrb3,Grin2b,Cacna2d1,Ppp3ca,Stxbp5l,Stxbp1,Synpr,Slc17a6,Slc17a7,Snap25,Syt1,Calm1,Calm2,Camk2a,Camk2b		92	0.3812591621424649	0.4088427739619058	0.75
GSE122357	P0	Endothelial cells	other_local_cell_type	downstream_synaptic_excitability	Downstream synaptic/excitability	downstream_circuit_morphology	20	20	Kcnk1,Kcnj3,Kcnj6,Kcnd2,Gabra2,Gabrb3,Grin2b,Cacna2d1,Ppp3ca,Stxbp5l,Stxbp1,Synpr,Slc17a6,Slc17a7,Snap25,Syt1,Calm1,Calm2,Camk2a,Camk2b		15	0.39951190928601815	0.39946818686417895	0.875
GSE122357	P8a	Granule cells	cerebellar_granule	cerebellar_fate_rhombic_lip_shh	Cerebellar fate/rhombic-lip/SHH	upstream_region_fate	13	13	Atoh1,Barhl1,Pax6,Zic1,Zic2,Zic3,Mycn,Ptch1,Gli1,Gli2,En1,En2,Meis1		1367	0.5098493366291948	0.513075765064938	0.875
GSE122357	P8a	Granule precursor	cerebellar_granule	cerebellar_fate_rhombic_lip_shh	Cerebellar fate/rhombic-lip/SHH	upstream_region_fate	13	13	Atoh1,Barhl1,Pax6,Zic1,Zic2,Zic3,Mycn,Ptch1,Gli1,Gli2,En1,En2,Meis1		3254	0.6439238985567812	0.6525279829537977	1.0
GSE122357	P8a	Purkinje cells	purkinje_comparator	cerebellar_fate_rhombic_lip_shh	Cerebellar fate/rhombic-lip/SHH	upstream_region_fate	13	13	Atoh1,Barhl1,Pax6,Zic1,Zic2,Zic3,Mycn,Ptch1,Gli1,Gli2,En1,En2,Meis1		86	0.10663802777845312	0.13762166073745505	0.4375
GSE122357	P8a	Microglia	other_local_cell_type	cerebellar_fate_rhombic_lip_shh	Cerebellar fate/rhombic-lip/SHH	upstream_region_fate	13	13	Atoh1,Barhl1,Pax6,Zic1,Zic2,Zic3,Mycn,Ptch1,Gli1,Gli2,En1,En2,Meis1		102	0.05331901388922656	0.07427224884049073	0.1875
GSE122357	P8a	Interneuron	other_local_cell_type	cerebellar_fate_rhombic_lip_shh	Cerebellar fate/rhombic-lip/SHH	upstream_region_fate	13	13	Atoh1,Barhl1,Pax6,Zic1,Zic2,Zic3,Mycn,Ptch1,Gli1,Gli2,En1,En2,Meis1		570	0.35110370703598737	0.3802340123188766	0.625
GSE122357	P8a	Oligodendrocytes	other_local_cell_type	cerebellar_fate_rhombic_lip_shh	Cerebellar fate/rhombic-lip/SHH	upstream_region_fate	13	13	Atoh1,Barhl1,Pax6,Zic1,Zic2,Zic3,Mycn,Ptch1,Gli1,Gli2,En1,En2,Meis1		173	0.05331901388922656	0.12771314000864492	0.1875
GSE122357	P8a	Astrocytes	other_local_cell_type	cerebellar_fate_rhombic_lip_shh	Cerebellar fate/rhombic-lip/SHH	upstream_region_fate	13	13	Atoh1,Barhl1,Pax6,Zic1,Zic2,Zic3,Mycn,Ptch1,Gli1,Gli2,En1,En2,Meis1		292	0.37776321398060064	0.38655372691411616	0.75
GSE122357	P8a	Endothelial cells	other_local_cell_type	cerebellar_fate_rhombic_lip_shh	Cerebellar fate/rhombic-lip/SHH	upstream_region_fate	13	13	Atoh1,Barhl1,Pax6,Zic1,Zic2,Zic3,Mycn,Ptch1,Gli1,Gli2,En1,En2,Meis1		8	0.10663802777845312	0.11934721854751389	0.4375
GSE122357	P8a	Granule cells	cerebellar_granule	dentate_fate_wnt_prox1	Dentate fate/WNT/PROX1	upstream_region_fate	17	15	Prox1,Neurod1,Neurod2,Eomes,Tbr1,Lef1,Lhx2,Zbtb20,Tcf7l2,Wnt7a,Dkk3,Bcl11b,Calb1,C1ql3,Glis3	EMX2,WNT3A	1367	0.299987311355351	0.3029647496681562	1.0
GSE122357	P8a	Granule precursor	cerebellar_granule	dentate_fate_wnt_prox1	Dentate fate/WNT/PROX1	upstream_region_fate	17	15	Prox1,Neurod1,Neurod2,Eomes,Tbr1,Lef1,Lhx2,Zbtb20,Tcf7l2,Wnt7a,Dkk3,Bcl11b,Calb1,C1ql3,Glis3	EMX2,WNT3A	3254	0.23890126256374067	0.24619211923369458	0.625
GSE122357	P8a	Purkinje cells	purkinje_comparator	dentate_fate_wnt_prox1	Dentate fate/WNT/PROX1	upstream_region_fate	17	15	Prox1,Neurod1,Neurod2,Eomes,Tbr1,Lef1,Lhx2,Zbtb20,Tcf7l2,Wnt7a,Dkk3,Bcl11b,Calb1,C1ql3,Glis3	EMX2,WNT3A	86	0.28738510689134933	0.2985075005803648	0.875
GSE122357	P8a	Microglia	other_local_cell_type	dentate_fate_wnt_prox1	Dentate fate/WNT/PROX1	upstream_region_fate	17	15	Prox1,Neurod1,Neurod2,Eomes,Tbr1,Lef1,Lhx2,Zbtb20,Tcf7l2,Wnt7a,Dkk3,Bcl11b,Calb1,C1ql3,Glis3	EMX2,WNT3A	102	0.046209812037329684	0.05277461393416291	0.125
GSE122357	P8a	Interneuron	other_local_cell_type	dentate_fate_wnt_prox1	Dentate fate/WNT/PROX1	upstream_region_fate	17	15	Prox1,Neurod1,Neurod2,Eomes,Tbr1,Lef1,Lhx2,Zbtb20,Tcf7l2,Wnt7a,Dkk3,Bcl11b,Calb1,C1ql3,Glis3	EMX2,WNT3A	570	0.27295630414814004	0.27793723677002113	0.75
GSE122357	P8a	Oligodendrocytes	other_local_cell_type	dentate_fate_wnt_prox1	Dentate fate/WNT/PROX1	upstream_region_fate	17	15	Prox1,Neurod1,Neurod2,Eomes,Tbr1,Lef1,Lhx2,Zbtb20,Tcf7l2,Wnt7a,Dkk3,Bcl11b,Calb1,C1ql3,Glis3	EMX2,WNT3A	173	0.1759371553076839	0.19241789538440893	0.375
GSE122357	P8a	Astrocytes	other_local_cell_type	dentate_fate_wnt_prox1	Dentate fate/WNT/PROX1	upstream_region_fate	17	15	Prox1,Neurod1,Neurod2,Eomes,Tbr1,Lef1,Lhx2,Zbtb20,Tcf7l2,Wnt7a,Dkk3,Bcl11b,Calb1,C1ql3,Glis3	EMX2,WNT3A	292	0.23104906018664845	0.23695587356917322	0.5
GSE122357	P8a	Endothelial cells	other_local_cell_type	dentate_fate_wnt_prox1	Dentate fate/WNT/PROX1	upstream_region_fate	17	15	Prox1,Neurod1,Neurod2,Eomes,Tbr1,Lef1,Lhx2,Zbtb20,Tcf7l2,Wnt7a,Dkk3,Bcl11b,Calb1,C1ql3,Glis3	EMX2,WNT3A	8	0.10593512767826485	0.11019200787631477	0.25
GSE122357	P8a	Granule cells	cerebellar_granule	shared_neurogenic_niche_state	Shared neurogenic niche/progenitor state	shared_niche_state	21	21	Sox2,Hes1,Hes5,Notch1,Notch2,Dll1,Jag1,Ascl1,Dcx,Tubb3,Nes,Vim,Gfap,Bmp4,Bmpr1a,Id1,Id2,Ptch1,Gli1,Wnt5a,Wnt7a		1367	0.3062538610444514	0.30339340246037083	0.75
GSE122357	P8a	Granule precursor	cerebellar_granule	shared_neurogenic_niche_state	Shared neurogenic niche/progenitor state	shared_niche_state	21	21	Sox2,Hes1,Hes5,Notch1,Notch2,Dll1,Jag1,Ascl1,Dcx,Tubb3,Nes,Vim,Gfap,Bmp4,Bmpr1a,Id1,Id2,Ptch1,Gli1,Wnt5a,Wnt7a		3254	0.21427665096810786	0.22207223188102299	0.25
GSE122357	P8a	Purkinje cells	purkinje_comparator	shared_neurogenic_niche_state	Shared neurogenic niche/progenitor state	shared_niche_state	21	21	Sox2,Hes1,Hes5,Notch1,Notch2,Dll1,Jag1,Ascl1,Dcx,Tubb3,Nes,Vim,Gfap,Bmp4,Bmpr1a,Id1,Id2,Ptch1,Gli1,Wnt5a,Wnt7a		86	0.33457905476291183	0.32799084805113127	0.875
GSE122357	P8a	Microglia	other_local_cell_type	shared_neurogenic_niche_state	Shared neurogenic niche/progenitor state	shared_niche_state	21	21	Sox2,Hes1,Hes5,Notch1,Notch2,Dll1,Jag1,Ascl1,Dcx,Tubb3,Nes,Vim,Gfap,Bmp4,Bmpr1a,Id1,Id2,Ptch1,Gli1,Wnt5a,Wnt7a		102	0.1426539177882853	0.15989891580398005	0.125
GSE122357	P8a	Interneuron	other_local_cell_type	shared_neurogenic_niche_state	Shared neurogenic niche/progenitor state	shared_niche_state	21	21	Sox2,Hes1,Hes5,Notch1,Notch2,Dll1,Jag1,Ascl1,Dcx,Tubb3,Nes,Vim,Gfap,Bmp4,Bmpr1a,Id1,Id2,Ptch1,Gli1,Wnt5a,Wnt7a		570	0.28646950615203326	0.329568033844766	0.5
GSE122357	P8a	Oligodendrocytes	other_local_cell_type	shared_neurogenic_niche_state	Shared neurogenic niche/progenitor state	shared_niche_state	21	21	Sox2,Hes1,Hes5,Notch1,Notch2,Dll1,Jag1,Ascl1,Dcx,Tubb3,Nes,Vim,Gfap,Bmp4,Bmpr1a,Id1,Id2,Ptch1,Gli1,Wnt5a,Wnt7a		173	0.2503569224775134	0.2639051865959002	0.375
GSE122357	P8a	Astrocytes	other_local_cell_type	shared_neurogenic_niche_state	Shared neurogenic niche/progenitor state	shared_niche_state	21	21	Sox2,Hes1,Hes5,Notch1,Notch2,Dll1,Jag1,Ascl1,Dcx,Tubb3,Nes,Vim,Gfap,Bmp4,Bmpr1a,Id1,Id2,Ptch1,Gli1,Wnt5a,Wnt7a		292	0.6999498792841594	0.7079788877663082	1.0
GSE122357	P8a	Endothelial cells	other_local_cell_type	shared_neurogenic_niche_state	Shared neurogenic niche/progenitor state	shared_niche_state	21	21	Sox2,Hes1,Hes5,Notch1,Notch2,Dll1,Jag1,Ascl1,Dcx,Tubb3,Nes,Vim,Gfap,Bmp4,Bmpr1a,Id1,Id2,Ptch1,Gli1,Wnt5a,Wnt7a		8	0.29234712705516475	0.3226275455580894	0.625
GSE122357	P8a	Granule cells	cerebellar_granule	downstream_neurite_morphology	Downstream neurite/morphology	downstream_circuit_morphology	21	21	Gpm6a,Robo2,Dcc,Cadm3,Stmn2,Stmn3,Gap43,Dpysl2,Dpysl3,Map1b,Basp1,Ncam1,L1cam,Cfl1,Rtn1,Rtn3,Nrxn1,Cntn5,Plxna2,Plxna4,Nrp1		1367	1.236562269661011	1.2243326429426147	0.875
GSE122357	P8a	Granule precursor	cerebellar_granule	downstream_neurite_morphology	Downstream neurite/morphology	downstream_circuit_morphology	21	21	Gpm6a,Robo2,Dcc,Cadm3,Stmn2,Stmn3,Gap43,Dpysl2,Dpysl3,Map1b,Basp1,Ncam1,L1cam,Cfl1,Rtn1,Rtn3,Nrxn1,Cntn5,Plxna2,Plxna4,Nrp1		3254	0.9036006468563527	0.9170421079153377	0.625
GSE122357	P8a	Purkinje cells	purkinje_comparator	downstream_neurite_morphology	Downstream neurite/morphology	downstream_circuit_morphology	21	21	Gpm6a,Robo2,Dcc,Cadm3,Stmn2,Stmn3,Gap43,Dpysl2,Dpysl3,Map1b,Basp1,Ncam1,L1cam,Cfl1,Rtn1,Rtn3,Nrxn1,Cntn5,Plxna2,Plxna4,Nrp1		86	1.4038158481789944	1.421010913806561	1.0
GSE122357	P8a	Microglia	other_local_cell_type	downstream_neurite_morphology	Downstream neurite/morphology	downstream_circuit_morphology	21	21	Gpm6a,Robo2,Dcc,Cadm3,Stmn2,Stmn3,Gap43,Dpysl2,Dpysl3,Map1b,Basp1,Ncam1,L1cam,Cfl1,Rtn1,Rtn3,Nrxn1,Cntn5,Plxna2,Plxna4,Nrp1		102	0.508495191329327	0.5406073192831319	0.25
GSE122357	P8a	Interneuron	other_local_cell_type	downstream_neurite_morphology	Downstream neurite/morphology	downstream_circuit_morphology	21	21	Gpm6a,Robo2,Dcc,Cadm3,Stmn2,Stmn3,Gap43,Dpysl2,Dpysl3,Map1b,Basp1,Ncam1,L1cam,Cfl1,Rtn1,Rtn3,Nrxn1,Cntn5,Plxna2,Plxna4,Nrp1		570	0.9110795832734939	0.9156826119656489	0.75
GSE122357	P8a	Oligodendrocytes	other_local_cell_type	downstream_neurite_morphology	Downstream neurite/morphology	downstream_circuit_morphology	21	21	Gpm6a,Robo2,Dcc,Cadm3,Stmn2,Stmn3,Gap43,Dpysl2,Dpysl3,Map1b,Basp1,Ncam1,L1cam,Cfl1,Rtn1,Rtn3,Nrxn1,Cntn5,Plxna2,Plxna4,Nrp1		173	0.8765926764897154	0.9031537617379483	0.5
GSE122357	P8a	Astrocytes	other_local_cell_type	downstream_neurite_morphology	Downstream neurite/morphology	downstream_circuit_morphology	21	21	Gpm6a,Robo2,Dcc,Cadm3,Stmn2,Stmn3,Gap43,Dpysl2,Dpysl3,Map1b,Basp1,Ncam1,L1cam,Cfl1,Rtn1,Rtn3,Nrxn1,Cntn5,Plxna2,Plxna4,Nrp1		292	0.6778997756336242	0.6961686759334688	0.375
GSE122357	P8a	Endothelial cells	other_local_cell_type	downstream_neurite_morphology	Downstream neurite/morphology	downstream_circuit_morphology	21	21	Gpm6a,Robo2,Dcc,Cadm3,Stmn2,Stmn3,Gap43,Dpysl2,Dpysl3,Map1b,Basp1,Ncam1,L1cam,Cfl1,Rtn1,Rtn3,Nrxn1,Cntn5,Plxna2,Plxna4,Nrp1		8	0.4087276813725069	0.3773316213173151	0.125
GSE122357	P8a	Granule cells	cerebellar_granule	downstream_synaptic_excitability	Downstream synaptic/excitability	downstream_circuit_morphology	20	20	Kcnk1,Kcnj3,Kcnj6,Kcnd2,Gabra2,Gabrb3,Grin2b,Cacna2d1,Ppp3ca,Stxbp5l,Stxbp1,Synpr,Slc17a6,Slc17a7,Snap25,Syt1,Calm1,Calm2,Camk2a,Camk2b		1367	0.5528294013244154	0.5586943945213648	0.875
GSE122357	P8a	Granule precursor	cerebellar_granule	downstream_synaptic_excitability	Downstream synaptic/excitability	downstream_circuit_morphology	20	20	Kcnk1,Kcnj3,Kcnj6,Kcnd2,Gabra2,Gabrb3,Grin2b,Cacna2d1,Ppp3ca,Stxbp5l,Stxbp1,Synpr,Slc17a6,Slc17a7,Snap25,Syt1,Calm1,Calm2,Camk2a,Camk2b		3254	0.42783962297271994	0.4455077817137418	0.75
GSE122357	P8a	Purkinje cells	purkinje_comparator	downstream_synaptic_excitability	Downstream synaptic/excitability	downstream_circuit_morphology	20	20	Kcnk1,Kcnj3,Kcnj6,Kcnd2,Gabra2,Gabrb3,Grin2b,Cacna2d1,Ppp3ca,Stxbp5l,Stxbp1,Synpr,Slc17a6,Slc17a7,Snap25,Syt1,Calm1,Calm2,Camk2a,Camk2b		86	0.8195071498963291	0.8305116690099297	1.0
GSE122357	P8a	Microglia	other_local_cell_type	downstream_synaptic_excitability	Downstream synaptic/excitability	downstream_circuit_morphology	20	20	Kcnk1,Kcnj3,Kcnj6,Kcnd2,Gabra2,Gabrb3,Grin2b,Cacna2d1,Ppp3ca,Stxbp5l,Stxbp1,Synpr,Slc17a6,Slc17a7,Snap25,Syt1,Calm1,Calm2,Camk2a,Camk2b		102	0.31191012699117104	0.31744008351538083	0.375
GSE122357	P8a	Interneuron	other_local_cell_type	downstream_synaptic_excitability	Downstream synaptic/excitability	downstream_circuit_morphology	20	20	Kcnk1,Kcnj3,Kcnj6,Kcnd2,Gabra2,Gabrb3,Grin2b,Cacna2d1,Ppp3ca,Stxbp5l,Stxbp1,Synpr,Slc17a6,Slc17a7,Snap25,Syt1,Calm1,Calm2,Camk2a,Camk2b		570	0.3292388065051697	0.34799287735801104	0.5
GSE122357	P8a	Oligodendrocytes	other_local_cell_type	downstream_synaptic_excitability	Downstream synaptic/excitability	downstream_circuit_morphology	20	20	Kcnk1,Kcnj3,Kcnj6,Kcnd2,Gabra2,Gabrb3,Grin2b,Cacna2d1,Ppp3ca,Stxbp5l,Stxbp1,Synpr,Slc17a6,Slc17a7,Snap25,Syt1,Calm1,Calm2,Camk2a,Camk2b		173	0.33485171238332423	0.34669879067844916	0.625
GSE122357	P8a	Astrocytes	other_local_cell_type	downstream_synaptic_excitability	Downstream synaptic/excitability	downstream_circuit_morphology	20	20	Kcnk1,Kcnj3,Kcnj6,Kcnd2,Gabra2,Gabrb3,Grin2b,Cacna2d1,Ppp3ca,Stxbp5l,Stxbp1,Synpr,Slc17a6,Slc17a7,Snap25,Syt1,Calm1,Calm2,Camk2a,Camk2b		292	0.24708212113046518	0.25452952277964663	0.125
GSE122357	P8a	Endothelial cells	other_local_cell_type	downstream_synaptic_excitability	Downstream synaptic/excitability	downstream_circuit_morphology	20	20	Kcnk1,Kcnj3,Kcnj6,Kcnd2,Gabra2,Gabrb3,Grin2b,Cacna2d1,Ppp3ca,Stxbp5l,Stxbp1,Synpr,Slc17a6,Slc17a7,Snap25,Syt1,Calm1,Calm2,Camk2a,Camk2b		8	0.2831480240067973	0.2785691986058885	0.25
GSE122357	P8b	Granule precursor	cerebellar_granule	cerebellar_fate_rhombic_lip_shh	Cerebellar fate/rhombic-lip/SHH	upstream_region_fate	13	13	Atoh1,Barhl1,Pax6,Zic1,Zic2,Zic3,Mycn,Ptch1,Gli1,Gli2,En1,En2,Meis1		4309	0.6127342748561532	0.6213142257345653	1.0
GSE122357	P8b	Granule cells	cerebellar_granule	cerebellar_fate_rhombic_lip_shh	Cerebellar fate/rhombic-lip/SHH	upstream_region_fate	13	13	Atoh1,Barhl1,Pax6,Zic1,Zic2,Zic3,Mycn,Ptch1,Gli1,Gli2,En1,En2,Meis1		1883	0.45277723318847357	0.46936638009996107	0.875
GSE122357	P8b	Interneuron	other_local_cell_type	cerebellar_fate_rhombic_lip_shh	Cerebellar fate/rhombic-lip/SHH	upstream_region_fate	13	13	Atoh1,Barhl1,Pax6,Zic1,Zic2,Zic3,Mycn,Ptch1,Gli1,Gli2,En1,En2,Meis1		828	0.29778469314676087	0.3375083688620691	0.625
GSE122357	P8b	Astrocytes	other_local_cell_type	cerebellar_fate_rhombic_lip_shh	Cerebellar fate/rhombic-lip/SHH	upstream_region_fate	13	13	Atoh1,Barhl1,Pax6,Zic1,Zic2,Zic3,Mycn,Ptch1,Gli1,Gli2,En1,En2,Meis1		512	0.29935476985907833	0.32596460654936976	0.75
GSE122357	P8b	Purkinje cells	purkinje_comparator	cerebellar_fate_rhombic_lip_shh	Cerebellar fate/rhombic-lip/SHH	upstream_region_fate	13	13	Atoh1,Barhl1,Pax6,Zic1,Zic2,Zic3,Mycn,Ptch1,Gli1,Gli2,En1,En2,Meis1		78	0.10663802777845312	0.14513957992758603	0.375
GSE122357	P8b	Oligodendrocytes	other_local_cell_type	cerebellar_fate_rhombic_lip_shh	Cerebellar fate/rhombic-lip/SHH	upstream_region_fate	13	13	Atoh1,Barhl1,Pax6,Zic1,Zic2,Zic3,Mycn,Ptch1,Gli1,Gli2,En1,En2,Meis1		238	0.05331901388922656	0.11847878356261053	0.1875
GSE122357	P8b	Microglia	other_local_cell_type	cerebellar_fate_rhombic_lip_shh	Cerebellar fate/rhombic-lip/SHH	upstream_region_fate	13	13	Atoh1,Barhl1,Pax6,Zic1,Zic2,Zic3,Mycn,Ptch1,Gli1,Gli2,En1,En2,Meis1		123	0.05331901388922656	0.11063533534279434	0.1875
GSE122357	P8b	Endothelial cells	other_local_cell_type	cerebellar_fate_rhombic_lip_shh	Cerebellar fate/rhombic-lip/SHH	upstream_region_fate	13	13	Atoh1,Barhl1,Pax6,Zic1,Zic2,Zic3,Mycn,Ptch1,Gli1,Gli2,En1,En2,Meis1		18	0.16853948594899543	0.21657773865951593	0.5
GSE122357	P8b	Granule precursor	cerebellar_granule	dentate_fate_wnt_prox1	Dentate fate/WNT/PROX1	upstream_region_fate	17	15	Prox1,Neurod1,Neurod2,Eomes,Tbr1,Lef1,Lhx2,Zbtb20,Tcf7l2,Wnt7a,Dkk3,Bcl11b,Calb1,C1ql3,Glis3	EMX2,WNT3A	4309	0.19269145052641096	0.20069179531442852	0.625
GSE122357	P8b	Granule cells	cerebellar_granule	dentate_fate_wnt_prox1	Dentate fate/WNT/PROX1	upstream_region_fate	17	15	Prox1,Neurod1,Neurod2,Eomes,Tbr1,Lef1,Lhx2,Zbtb20,Tcf7l2,Wnt7a,Dkk3,Bcl11b,Calb1,C1ql3,Glis3	EMX2,WNT3A	1883	0.2608015336952097	0.26435568908991014	0.875
GSE122357	P8b	Interneuron	other_local_cell_type	dentate_fate_wnt_prox1	Dentate fate/WNT/PROX1	upstream_region_fate	17	15	Prox1,Neurod1,Neurod2,Eomes,Tbr1,Lef1,Lhx2,Zbtb20,Tcf7l2,Wnt7a,Dkk3,Bcl11b,Calb1,C1ql3,Glis3	EMX2,WNT3A	828	0.22674649211081033	0.23335614487806564	0.75
GSE122357	P8b	Astrocytes	other_local_cell_type	dentate_fate_wnt_prox1	Dentate fate/WNT/PROX1	upstream_region_fate	17	15	Prox1,Neurod1,Neurod2,Eomes,Tbr1,Lef1,Lhx2,Zbtb20,Tcf7l2,Wnt7a,Dkk3,Bcl11b,Calb1,C1ql3,Glis3	EMX2,WNT3A	512	0.16566044331920002	0.18729628207293494	0.5
GSE122357	P8b	Purkinje cells	purkinje_comparator	dentate_fate_wnt_prox1	Dentate fate/WNT/PROX1	upstream_region_fate	17	15	Prox1,Neurod1,Neurod2,Eomes,Tbr1,Lef1,Lhx2,Zbtb20,Tcf7l2,Wnt7a,Dkk3,Bcl11b,Calb1,C1ql3,Glis3	EMX2,WNT3A	78	0.27458264295378776	0.28186280081960124	1.0
GSE122357	P8b	Oligodendrocytes	other_local_cell_type	dentate_fate_wnt_prox1	Dentate fate/WNT/PROX1	upstream_region_fate	17	15	Prox1,Neurod1,Neurod2,Eomes,Tbr1,Lef1,Lhx2,Zbtb20,Tcf7l2,Wnt7a,Dkk3,Bcl11b,Calb1,C1ql3,Glis3	EMX2,WNT3A	238	0.13862943611198905	0.14675546296972605	0.375
GSE122357	P8b	Microglia	other_local_cell_type	dentate_fate_wnt_prox1	Dentate fate/WNT/PROX1	upstream_region_fate	17	15	Prox1,Neurod1,Neurod2,Eomes,Tbr1,Lef1,Lhx2,Zbtb20,Tcf7l2,Wnt7a,Dkk3,Bcl11b,Calb1,C1ql3,Glis3	EMX2,WNT3A	123	0.046209812037329684	0.0652671533927658	0.125
GSE122357	P8b	Endothelial cells	other_local_cell_type	dentate_fate_wnt_prox1	Dentate fate/WNT/PROX1	upstream_region_fate	17	15	Prox1,Neurod1,Neurod2,Eomes,Tbr1,Lef1,Lhx2,Zbtb20,Tcf7l2,Wnt7a,Dkk3,Bcl11b,Calb1,C1ql3,Glis3	EMX2,WNT3A	18	0.11945063128187033	0.11842781843639617	0.25
GSE122357	P8b	Granule precursor	cerebellar_granule	shared_neurogenic_niche_state	Shared neurogenic niche/progenitor state	shared_niche_state	21	21	Sox2,Hes1,Hes5,Notch1,Notch2,Dll1,Jag1,Ascl1,Dcx,Tubb3,Nes,Vim,Gfap,Bmp4,Bmpr1a,Id1,Id2,Ptch1,Gli1,Wnt5a,Wnt7a		4309	0.18434290528132813	0.19576408716153176	0.25
GSE122357	P8b	Granule cells	cerebellar_granule	shared_neurogenic_niche_state	Shared neurogenic niche/progenitor state	shared_niche_state	21	21	Sox2,Hes1,Hes5,Notch1,Notch2,Dll1,Jag1,Ascl1,Dcx,Tubb3,Nes,Vim,Gfap,Bmp4,Bmpr1a,Id1,Id2,Ptch1,Gli1,Wnt5a,Wnt7a		1883	0.2640560687847411	0.26783954862271625	0.75
GSE122357	P8b	Interneuron	other_local_cell_type	shared_neurogenic_niche_state	Shared neurogenic niche/progenitor state	shared_niche_state	21	21	Sox2,Hes1,Hes5,Notch1,Notch2,Dll1,Jag1,Ascl1,Dcx,Tubb3,Nes,Vim,Gfap,Bmp4,Bmpr1a,Id1,Id2,Ptch1,Gli1,Wnt5a,Wnt7a		828	0.2559656384611507	0.295935712158903	0.625
GSE122357	P8b	Astrocytes	other_local_cell_type	shared_neurogenic_niche_state	Shared neurogenic niche/progenitor state	shared_niche_state	21	21	Sox2,Hes1,Hes5,Notch1,Notch2,Dll1,Jag1,Ascl1,Dcx,Tubb3,Nes,Vim,Gfap,Bmp4,Bmpr1a,Id1,Id2,Ptch1,Gli1,Wnt5a,Wnt7a		512	0.48634396348192543	0.5106976317407365	1.0
GSE122357	P8b	Purkinje cells	purkinje_comparator	shared_neurogenic_niche_state	Shared neurogenic niche/progenitor state	shared_niche_state	21	21	Sox2,Hes1,Hes5,Notch1,Notch2,Dll1,Jag1,Ascl1,Dcx,Tubb3,Nes,Vim,Gfap,Bmp4,Bmpr1a,Id1,Id2,Ptch1,Gli1,Wnt5a,Wnt7a		78	0.3340372217361829	0.31324991226638094	0.875
GSE122357	P8b	Oligodendrocytes	other_local_cell_type	shared_neurogenic_niche_state	Shared neurogenic niche/progenitor state	shared_niche_state	21	21	Sox2,Hes1,Hes5,Notch1,Notch2,Dll1,Jag1,Ascl1,Dcx,Tubb3,Nes,Vim,Gfap,Bmp4,Bmpr1a,Id1,Id2,Ptch1,Gli1,Wnt5a,Wnt7a		238	0.2158132824237643	0.22924756808291483	0.375
GSE122357	P8b	Microglia	other_local_cell_type	shared_neurogenic_niche_state	Shared neurogenic niche/progenitor state	shared_niche_state	21	21	Sox2,Hes1,Hes5,Notch1,Notch2,Dll1,Jag1,Ascl1,Dcx,Tubb3,Nes,Vim,Gfap,Bmp4,Bmpr1a,Id1,Id2,Ptch1,Gli1,Wnt5a,Wnt7a		123	0.09902102579427789	0.1377228500377292	0.125
GSE122357	P8b	Endothelial cells	other_local_cell_type	shared_neurogenic_niche_state	Shared neurogenic niche/progenitor state	shared_niche_state	21	21	Sox2,Hes1,Hes5,Notch1,Notch2,Dll1,Jag1,Ascl1,Dcx,Tubb3,Nes,Vim,Gfap,Bmp4,Bmpr1a,Id1,Id2,Ptch1,Gli1,Wnt5a,Wnt7a		18	0.24510590415336692	0.29399484847079543	0.5
GSE122357	P8b	Granule precursor	cerebellar_granule	downstream_neurite_morphology	Downstream neurite/morphology	downstream_circuit_morphology	21	21	Gpm6a,Robo2,Dcc,Cadm3,Stmn2,Stmn3,Gap43,Dpysl2,Dpysl3,Map1b,Basp1,Ncam1,L1cam,Cfl1,Rtn1,Rtn3,Nrxn1,Cntn5,Plxna2,Plxna4,Nrp1		4309	0.7678887495517217	0.7953085231211537	0.75
GSE122357	P8b	Granule cells	cerebellar_granule	downstream_neurite_morphology	Downstream neurite/morphology	downstream_circuit_morphology	21	21	Gpm6a,Robo2,Dcc,Cadm3,Stmn2,Stmn3,Gap43,Dpysl2,Dpysl3,Map1b,Basp1,Ncam1,L1cam,Cfl1,Rtn1,Rtn3,Nrxn1,Cntn5,Plxna2,Plxna4,Nrp1		1883	1.08648288512888	1.0905840799838635	0.875
GSE122357	P8b	Interneuron	other_local_cell_type	downstream_neurite_morphology	Downstream neurite/morphology	downstream_circuit_morphology	21	21	Gpm6a,Robo2,Dcc,Cadm3,Stmn2,Stmn3,Gap43,Dpysl2,Dpysl3,Map1b,Basp1,Ncam1,L1cam,Cfl1,Rtn1,Rtn3,Nrxn1,Cntn5,Plxna2,Plxna4,Nrp1		828	0.7554440690451296	0.7660306571420629	0.625
GSE122357	P8b	Astrocytes	other_local_cell_type	downstream_neurite_morphology	Downstream neurite/morphology	downstream_circuit_morphology	21	21	Gpm6a,Robo2,Dcc,Cadm3,Stmn2,Stmn3,Gap43,Dpysl2,Dpysl3,Map1b,Basp1,Ncam1,L1cam,Cfl1,Rtn1,Rtn3,Nrxn1,Cntn5,Plxna2,Plxna4,Nrp1		512	0.5132340574660889	0.5529401334689588	0.375
GSE122357	P8b	Purkinje cells	purkinje_comparator	downstream_neurite_morphology	Downstream neurite/morphology	downstream_circuit_morphology	21	21	Gpm6a,Robo2,Dcc,Cadm3,Stmn2,Stmn3,Gap43,Dpysl2,Dpysl3,Map1b,Basp1,Ncam1,L1cam,Cfl1,Rtn1,Rtn3,Nrxn1,Cntn5,Plxna2,Plxna4,Nrp1		78	1.4017696141846243	1.3413921801077122	1.0
GSE122357	P8b	Oligodendrocytes	other_local_cell_type	downstream_neurite_morphology	Downstream neurite/morphology	downstream_circuit_morphology	21	21	Gpm6a,Robo2,Dcc,Cadm3,Stmn2,Stmn3,Gap43,Dpysl2,Dpysl3,Map1b,Basp1,Ncam1,L1cam,Cfl1,Rtn1,Rtn3,Nrxn1,Cntn5,Plxna2,Plxna4,Nrp1		238	0.7238077712046913	0.7418714506659424	0.5
GSE122357	P8b	Microglia	other_local_cell_type	downstream_neurite_morphology	Downstream neurite/morphology	downstream_circuit_morphology	21	21	Gpm6a,Robo2,Dcc,Cadm3,Stmn2,Stmn3,Gap43,Dpysl2,Dpysl3,Map1b,Basp1,Ncam1,L1cam,Cfl1,Rtn1,Rtn3,Nrxn1,Cntn5,Plxna2,Plxna4,Nrp1		123	0.48713854539542084	0.5423173736419455	0.25
GSE122357	P8b	Endothelial cells	other_local_cell_type	downstream_neurite_morphology	Downstream neurite/morphology	downstream_circuit_morphology	21	21	Gpm6a,Robo2,Dcc,Cadm3,Stmn2,Stmn3,Gap43,Dpysl2,Dpysl3,Map1b,Basp1,Ncam1,L1cam,Cfl1,Rtn1,Rtn3,Nrxn1,Cntn5,Plxna2,Plxna4,Nrp1		18	0.3552878813400372	0.4721039316338097	0.125
GSE122357	P8b	Granule precursor	cerebellar_granule	downstream_synaptic_excitability	Downstream synaptic/excitability	downstream_circuit_morphology	20	20	Kcnk1,Kcnj3,Kcnj6,Kcnd2,Gabra2,Gabrb3,Grin2b,Cacna2d1,Ppp3ca,Stxbp5l,Stxbp1,Synpr,Slc17a6,Slc17a7,Snap25,Syt1,Calm1,Calm2,Camk2a,Camk2b		4309	0.358351893845611	0.3770772470432957	0.75
GSE122357	P8b	Granule cells	cerebellar_granule	downstream_synaptic_excitability	Downstream synaptic/excitability	downstream_circuit_morphology	20	20	Kcnk1,Kcnj3,Kcnj6,Kcnd2,Gabra2,Gabrb3,Grin2b,Cacna2d1,Ppp3ca,Stxbp5l,Stxbp1,Synpr,Slc17a6,Slc17a7,Snap25,Syt1,Calm1,Calm2,Camk2a,Camk2b		1883	0.4763596410863872	0.4868489982421895	0.875
GSE122357	P8b	Interneuron	other_local_cell_type	downstream_synaptic_excitability	Downstream synaptic/excitability	downstream_circuit_morphology	20	20	Kcnk1,Kcnj3,Kcnj6,Kcnd2,Gabra2,Gabrb3,Grin2b,Cacna2d1,Ppp3ca,Stxbp5l,Stxbp1,Synpr,Slc17a6,Slc17a7,Snap25,Syt1,Calm1,Calm2,Camk2a,Camk2b		828	0.28738939566587784	0.2995237342647807	0.625
GSE122357	P8b	Astrocytes	other_local_cell_type	downstream_synaptic_excitability	Downstream synaptic/excitability	downstream_circuit_morphology	20	20	Kcnk1,Kcnj3,Kcnj6,Kcnd2,Gabra2,Gabrb3,Grin2b,Cacna2d1,Ppp3ca,Stxbp5l,Stxbp1,Synpr,Slc17a6,Slc17a7,Snap25,Syt1,Calm1,Calm2,Camk2a,Camk2b		512	0.1844439727056968	0.20707189582316832	0.125
GSE122357	P8b	Purkinje cells	purkinje_comparator	downstream_synaptic_excitability	Downstream synaptic/excitability	downstream_circuit_morphology	20	20	Kcnk1,Kcnj3,Kcnj6,Kcnd2,Gabra2,Gabrb3,Grin2b,Cacna2d1,Ppp3ca,Stxbp5l,Stxbp1,Synpr,Slc17a6,Slc17a7,Snap25,Syt1,Calm1,Calm2,Camk2a,Camk2b		78	0.7994648161091094	0.7429089189477384	1.0
GSE122357	P8b	Oligodendrocytes	other_local_cell_type	downstream_synaptic_excitability	Downstream synaptic/excitability	downstream_circuit_morphology	20	20	Kcnk1,Kcnj3,Kcnj6,Kcnd2,Gabra2,Gabrb3,Grin2b,Cacna2d1,Ppp3ca,Stxbp5l,Stxbp1,Synpr,Slc17a6,Slc17a7,Snap25,Syt1,Calm1,Calm2,Camk2a,Camk2b		238	0.2831480240067973	0.2928495485961595	0.5
GSE122357	P8b	Microglia	other_local_cell_type	downstream_synaptic_excitability	Downstream synaptic/excitability	downstream_circuit_morphology	20	20	Kcnk1,Kcnj3,Kcnj6,Kcnd2,Gabra2,Gabrb3,Grin2b,Cacna2d1,Ppp3ca,Stxbp5l,Stxbp1,Synpr,Slc17a6,Slc17a7,Snap25,Syt1,Calm1,Calm2,Camk2a,Camk2b		123	0.2764714543755712	0.2932507010504033	0.375
GSE122357	P8b	Endothelial cells	other_local_cell_type	downstream_synaptic_excitability	Downstream synaptic/excitability	downstream_circuit_morphology	20	20	Kcnk1,Kcnj3,Kcnj6,Kcnd2,Gabra2,Gabrb3,Grin2b,Cacna2d1,Ppp3ca,Stxbp5l,Stxbp1,Synpr,Slc17a6,Slc17a7,Snap25,Syt1,Calm1,Calm2,Camk2a,Camk2b		18	0.24939985608307189	0.29557471496356924	0.25
