dataset	sample	group	species	region	platform	panel	n_cells_or_spots	panel_gene_count	genes_found_in_matrix	mean_genes_detected_per_cell	mean_detection_fraction_panel	mean_sum_expression	mean_expression_panel	mean_log1p_expression_panel	mean_log1p_expression_found_genes	source_path
GSE104323	10X_all_cells	Astro-adult	mouse	dentate_gyrus	10x	axon_guidance_synapse	1232	15	15	0.548701	0.0365801	0.599026	0.0399351	0.026611	0.026611	External_Data/GEO/GSE104323/GSE104323_10X_expression_data_V2.tab.gz
GSE104323	10X_all_cells	Astro-adult	mouse	dentate_gyrus	10x	cerebellar_identity	1232	11	11	0.556006	0.050546	0.748377	0.0680342	0.0416289	0.0416289	External_Data/GEO/GSE104323/GSE104323_10X_expression_data_V2.tab.gz
GSE104323	10X_all_cells	Astro-adult	mouse	dentate_gyrus	10x	dentate_identity	1232	8	8	0.208604	0.0260755	0.234578	0.0293222	0.0192366	0.0192366	External_Data/GEO/GSE104323/GSE104323_10X_expression_data_V2.tab.gz
GSE104323	10X_all_cells	Astro-adult	mouse	dentate_gyrus	10x	metabolic_proteomic_validation	1232	8	7	2.84984	0.35623	4.21104	0.52638	0.307659	0.351611	External_Data/GEO/GSE104323/GSE104323_10X_expression_data_V2.tab.gz
GSE104323	10X_all_cells	Astro-adult	mouse	dentate_gyrus	10x	morphogenesis_cytoskeleton	1232	12	12	1.97159	0.164299	3.26867	0.272389	0.151325	0.151325	External_Data/GEO/GSE104323/GSE104323_10X_expression_data_V2.tab.gz
GSE104323	10X_all_cells	Astro-adult	mouse	dentate_gyrus	10x	shared_granule_neuronal	1232	13	13	1.02679	0.0789835	1.33523	0.10271	0.0635499	0.0635499	External_Data/GEO/GSE104323/GSE104323_10X_expression_data_V2.tab.gz
GSE104323	10X_all_cells	Astro-juv	mouse	dentate_gyrus	10x	axon_guidance_synapse	821	15	15	0.823386	0.0548924	0.922046	0.0614698	0.0406432	0.0406432	External_Data/GEO/GSE104323/GSE104323_10X_expression_data_V2.tab.gz
GSE104323	10X_all_cells	Astro-juv	mouse	dentate_gyrus	10x	cerebellar_identity	821	11	11	0.717418	0.0652198	1.21072	0.110065	0.0607198	0.0607198	External_Data/GEO/GSE104323/GSE104323_10X_expression_data_V2.tab.gz
GSE104323	10X_all_cells	Astro-juv	mouse	dentate_gyrus	10x	dentate_identity	821	8	8	0.287454	0.0359318	0.320341	0.0400426	0.0262881	0.0262881	External_Data/GEO/GSE104323/GSE104323_10X_expression_data_V2.tab.gz
GSE104323	10X_all_cells	Astro-juv	mouse	dentate_gyrus	10x	metabolic_proteomic_validation	821	8	7	4.23386	0.529233	10.4287	1.30359	0.598791	0.684333	External_Data/GEO/GSE104323/GSE104323_10X_expression_data_V2.tab.gz
GSE104323	10X_all_cells	Astro-juv	mouse	dentate_gyrus	10x	morphogenesis_cytoskeleton	821	12	12	2.21924	0.184937	3.6687	0.305725	0.169113	0.169113	External_Data/GEO/GSE104323/GSE104323_10X_expression_data_V2.tab.gz
GSE104323	10X_all_cells	Astro-juv	mouse	dentate_gyrus	10x	shared_granule_neuronal	821	13	13	1.2972	0.0997845	1.66504	0.12808	0.0796128	0.0796128	External_Data/GEO/GSE104323/GSE104323_10X_expression_data_V2.tab.gz
GSE104323	10X_all_cells	CA3-Pyr	mouse	dentate_gyrus	10x	axon_guidance_synapse	532	15	15	4.75376	0.316917	15.3534	1.02356	0.37461	0.37461	External_Data/GEO/GSE104323/GSE104323_10X_expression_data_V2.tab.gz
GSE104323	10X_all_cells	CA3-Pyr	mouse	dentate_gyrus	10x	cerebellar_identity	532	11	11	0.379699	0.0345181	0.667293	0.060663	0.0319053	0.0319053	External_Data/GEO/GSE104323/GSE104323_10X_expression_data_V2.tab.gz
GSE104323	10X_all_cells	CA3-Pyr	mouse	dentate_gyrus	10x	dentate_identity	532	8	8	1.16917	0.146147	3.43045	0.428806	0.162639	0.162639	External_Data/GEO/GSE104323/GSE104323_10X_expression_data_V2.tab.gz
GSE104323	10X_all_cells	CA3-Pyr	mouse	dentate_gyrus	10x	metabolic_proteomic_validation	532	8	7	5.28947	0.661184	23.7613	2.97016	0.962291	1.09976	External_Data/GEO/GSE104323/GSE104323_10X_expression_data_V2.tab.gz
GSE104323	10X_all_cells	CA3-Pyr	mouse	dentate_gyrus	10x	morphogenesis_cytoskeleton	532	12	12	7.68985	0.640821	37.6654	3.13878	0.952949	0.952949	External_Data/GEO/GSE104323/GSE104323_10X_expression_data_V2.tab.gz
GSE104323	10X_all_cells	CA3-Pyr	mouse	dentate_gyrus	10x	shared_granule_neuronal	532	13	13	6.56203	0.504772	60.9192	4.68609	0.893268	0.893268	External_Data/GEO/GSE104323/GSE104323_10X_expression_data_V2.tab.gz
GSE104323	10X_all_cells	Cajal-Retzius	mouse	dentate_gyrus	10x	axon_guidance_synapse	535	15	15	1.88037	0.125358	3.48785	0.232523	0.118926	0.118926	External_Data/GEO/GSE104323/GSE104323_10X_expression_data_V2.tab.gz
GSE104323	10X_all_cells	Cajal-Retzius	mouse	dentate_gyrus	10x	cerebellar_identity	535	11	11	0.91215	0.0829227	1.46168	0.13288	0.0746986	0.0746986	External_Data/GEO/GSE104323/GSE104323_10X_expression_data_V2.tab.gz
GSE104323	10X_all_cells	Cajal-Retzius	mouse	dentate_gyrus	10x	dentate_identity	535	8	8	1.16636	0.145794	4.11028	0.513785	0.182798	0.182798	External_Data/GEO/GSE104323/GSE104323_10X_expression_data_V2.tab.gz
GSE104323	10X_all_cells	Cajal-Retzius	mouse	dentate_gyrus	10x	metabolic_proteomic_validation	535	8	7	5.68598	0.710748	21.4897	2.68621	0.982232	1.12255	External_Data/GEO/GSE104323/GSE104323_10X_expression_data_V2.tab.gz
GSE104323	10X_all_cells	Cajal-Retzius	mouse	dentate_gyrus	10x	morphogenesis_cytoskeleton	535	12	12	8.54953	0.712461	47.8243	3.98536	1.10824	1.10824	External_Data/GEO/GSE104323/GSE104323_10X_expression_data_V2.tab.gz
GSE104323	10X_all_cells	Cajal-Retzius	mouse	dentate_gyrus	10x	shared_granule_neuronal	535	13	13	4.53458	0.348814	14.2075	1.09288	0.412484	0.412484	External_Data/GEO/GSE104323/GSE104323_10X_expression_data_V2.tab.gz
GSE104323	10X_all_cells	Endothelial	mouse	dentate_gyrus	10x	axon_guidance_synapse	543	15	15	1.27993	0.0853284	2.55617	0.170411	0.0844214	0.0844214	External_Data/GEO/GSE104323/GSE104323_10X_expression_data_V2.tab.gz
GSE104323	10X_all_cells	Endothelial	mouse	dentate_gyrus	10x	cerebellar_identity	543	11	11	0.471455	0.0428595	0.766114	0.0696467	0.0381857	0.0381857	External_Data/GEO/GSE104323/GSE104323_10X_expression_data_V2.tab.gz
GSE104323	10X_all_cells	Endothelial	mouse	dentate_gyrus	10x	dentate_identity	543	8	8	0.300184	0.037523	0.438306	0.0547882	0.0315974	0.0315974	External_Data/GEO/GSE104323/GSE104323_10X_expression_data_V2.tab.gz
GSE104323	10X_all_cells	Endothelial	mouse	dentate_gyrus	10x	metabolic_proteomic_validation	543	8	7	4.38306	0.547882	14.5746	1.82182	0.701826	0.802087	External_Data/GEO/GSE104323/GSE104323_10X_expression_data_V2.tab.gz
GSE104323	10X_all_cells	Endothelial	mouse	dentate_gyrus	10x	morphogenesis_cytoskeleton	543	12	12	2.0663	0.172192	6.41252	0.534377	0.199857	0.199857	External_Data/GEO/GSE104323/GSE104323_10X_expression_data_V2.tab.gz
GSE104323	10X_all_cells	Endothelial	mouse	dentate_gyrus	10x	shared_granule_neuronal	543	13	13	0.819521	0.0630401	1.19337	0.0917977	0.0523414	0.0523414	External_Data/GEO/GSE104323/GSE104323_10X_expression_data_V2.tab.gz
GSE104323	10X_all_cells	Ependymal	mouse	dentate_gyrus	10x	axon_guidance_synapse	182	15	15	1.40659	0.0937729	2.07692	0.138462	0.0804578	0.0804578	External_Data/GEO/GSE104323/GSE104323_10X_expression_data_V2.tab.gz
GSE104323	10X_all_cells	Ependymal	mouse	dentate_gyrus	10x	cerebellar_identity	182	11	11	0.489011	0.0444555	0.741758	0.0674326	0.0381365	0.0381365	External_Data/GEO/GSE104323/GSE104323_10X_expression_data_V2.tab.gz
GSE104323	10X_all_cells	Ependymal	mouse	dentate_gyrus	10x	dentate_identity	182	8	8	0.78022	0.0975275	0.972527	0.121566	0.0765838	0.0765838	External_Data/GEO/GSE104323/GSE104323_10X_expression_data_V2.tab.gz
GSE104323	10X_all_cells	Ependymal	mouse	dentate_gyrus	10x	metabolic_proteomic_validation	182	8	7	4.79121	0.598901	20.0165	2.50206	0.849199	0.970514	External_Data/GEO/GSE104323/GSE104323_10X_expression_data_V2.tab.gz
GSE104323	10X_all_cells	Ependymal	mouse	dentate_gyrus	10x	morphogenesis_cytoskeleton	182	12	12	3.46703	0.288919	10.1154	0.842949	0.323539	0.323539	External_Data/GEO/GSE104323/GSE104323_10X_expression_data_V2.tab.gz
GSE104323	10X_all_cells	Ependymal	mouse	dentate_gyrus	10x	shared_granule_neuronal	182	13	13	1.61538	0.12426	3.0989	0.238377	0.116297	0.116297	External_Data/GEO/GSE104323/GSE104323_10X_expression_data_V2.tab.gz
GSE104323	10X_all_cells	GABA	mouse	dentate_gyrus	10x	axon_guidance_synapse	209	15	15	2.44976	0.163317	3.82775	0.255183	0.144203	0.144203	External_Data/GEO/GSE104323/GSE104323_10X_expression_data_V2.tab.gz
GSE104323	10X_all_cells	GABA	mouse	dentate_gyrus	10x	cerebellar_identity	209	11	11	0.0813397	0.00739452	0.133971	0.0121792	0.00608122	0.00608122	External_Data/GEO/GSE104323/GSE104323_10X_expression_data_V2.tab.gz
GSE104323	10X_all_cells	GABA	mouse	dentate_gyrus	10x	dentate_identity	209	8	8	0.732057	0.0915072	1.99522	0.249402	0.0954205	0.0954205	External_Data/GEO/GSE104323/GSE104323_10X_expression_data_V2.tab.gz
GSE104323	10X_all_cells	GABA	mouse	dentate_gyrus	10x	metabolic_proteomic_validation	209	8	7	5.08612	0.635766	24.9809	3.12261	0.910432	1.04049	External_Data/GEO/GSE104323/GSE104323_10X_expression_data_V2.tab.gz
GSE104323	10X_all_cells	GABA	mouse	dentate_gyrus	10x	morphogenesis_cytoskeleton	209	12	12	7.30144	0.608453	28.9809	2.41507	0.827601	0.827601	External_Data/GEO/GSE104323/GSE104323_10X_expression_data_V2.tab.gz
GSE104323	10X_all_cells	GABA	mouse	dentate_gyrus	10x	shared_granule_neuronal	209	13	13	4.20574	0.323519	29.5837	2.27567	0.532917	0.532917	External_Data/GEO/GSE104323/GSE104323_10X_expression_data_V2.tab.gz
GSE104323	10X_all_cells	GC-adult	mouse	dentate_gyrus	10x	axon_guidance_synapse	2613	15	15	1.80138	0.120092	2.65786	0.177191	0.103228	0.103228	External_Data/GEO/GSE104323/GSE104323_10X_expression_data_V2.tab.gz
GSE104323	10X_all_cells	GC-adult	mouse	dentate_gyrus	10x	cerebellar_identity	2613	11	11	0.0528129	0.00480117	0.0558745	0.0050795	0.00344077	0.00344077	External_Data/GEO/GSE104323/GSE104323_10X_expression_data_V2.tab.gz
GSE104323	10X_all_cells	GC-adult	mouse	dentate_gyrus	10x	dentate_identity	2613	8	8	2.16035	0.270044	4.22044	0.527555	0.271295	0.271295	External_Data/GEO/GSE104323/GSE104323_10X_expression_data_V2.tab.gz
GSE104323	10X_all_cells	GC-adult	mouse	dentate_gyrus	10x	metabolic_proteomic_validation	2613	8	7	3.09376	0.38672	5.38423	0.673029	0.362972	0.414826	External_Data/GEO/GSE104323/GSE104323_10X_expression_data_V2.tab.gz
GSE104323	10X_all_cells	GC-adult	mouse	dentate_gyrus	10x	morphogenesis_cytoskeleton	2613	12	12	3.4114	0.284284	6.60773	0.550644	0.2825	0.2825	External_Data/GEO/GSE104323/GSE104323_10X_expression_data_V2.tab.gz
GSE104323	10X_all_cells	GC-adult	mouse	dentate_gyrus	10x	shared_granule_neuronal	2613	13	13	3.92423	0.301863	7.40911	0.569931	0.296177	0.296177	External_Data/GEO/GSE104323/GSE104323_10X_expression_data_V2.tab.gz
GSE104323	10X_all_cells	GC-juv	mouse	dentate_gyrus	10x	axon_guidance_synapse	3420	15	15	2.7462	0.18308	4.73772	0.315848	0.169671	0.169671	External_Data/GEO/GSE104323/GSE104323_10X_expression_data_V2.tab.gz
GSE104323	10X_all_cells	GC-juv	mouse	dentate_gyrus	10x	cerebellar_identity	3420	11	11	0.104678	0.00951621	0.113743	0.0103402	0.00692086	0.00692086	External_Data/GEO/GSE104323/GSE104323_10X_expression_data_V2.tab.gz
GSE104323	10X_all_cells	GC-juv	mouse	dentate_gyrus	10x	dentate_identity	3420	8	8	2.87164	0.358955	7.37222	0.921528	0.414111	0.414111	External_Data/GEO/GSE104323/GSE104323_10X_expression_data_V2.tab.gz
GSE104323	10X_all_cells	GC-juv	mouse	dentate_gyrus	10x	metabolic_proteomic_validation	3420	8	7	4.62427	0.578034	15.6544	1.9568	0.727505	0.831435	External_Data/GEO/GSE104323/GSE104323_10X_expression_data_V2.tab.gz
GSE104323	10X_all_cells	GC-juv	mouse	dentate_gyrus	10x	morphogenesis_cytoskeleton	3420	12	12	4.36345	0.363621	9.90409	0.825341	0.391478	0.391478	External_Data/GEO/GSE104323/GSE104323_10X_expression_data_V2.tab.gz
GSE104323	10X_all_cells	GC-juv	mouse	dentate_gyrus	10x	shared_granule_neuronal	3420	13	13	5.16287	0.397143	12.7567	0.981287	0.43787	0.43787	External_Data/GEO/GSE104323/GSE104323_10X_expression_data_V2.tab.gz
GSE104323	10X_all_cells	Immature-Astro	mouse	dentate_gyrus	10x	axon_guidance_synapse	651	15	15	1.56221	0.104147	2.02765	0.135177	0.0834644	0.0834644	External_Data/GEO/GSE104323/GSE104323_10X_expression_data_V2.tab.gz
GSE104323	10X_all_cells	Immature-Astro	mouse	dentate_gyrus	10x	cerebellar_identity	651	11	11	0.341014	0.0310013	0.447005	0.0406368	0.0244816	0.0244816	External_Data/GEO/GSE104323/GSE104323_10X_expression_data_V2.tab.gz
GSE104323	10X_all_cells	Immature-Astro	mouse	dentate_gyrus	10x	dentate_identity	651	8	8	0.471582	0.0589478	0.625192	0.078149	0.0472608	0.0472608	External_Data/GEO/GSE104323/GSE104323_10X_expression_data_V2.tab.gz
GSE104323	10X_all_cells	Immature-Astro	mouse	dentate_gyrus	10x	metabolic_proteomic_validation	651	8	7	5.02611	0.628264	18.7834	2.34793	0.883758	1.01001	External_Data/GEO/GSE104323/GSE104323_10X_expression_data_V2.tab.gz
GSE104323	10X_all_cells	Immature-Astro	mouse	dentate_gyrus	10x	morphogenesis_cytoskeleton	651	12	12	4.36252	0.363543	10.3487	0.862391	0.388935	0.388935	External_Data/GEO/GSE104323/GSE104323_10X_expression_data_V2.tab.gz
GSE104323	10X_all_cells	Immature-Astro	mouse	dentate_gyrus	10x	shared_granule_neuronal	651	13	13	1.74808	0.134468	2.6298	0.202292	0.116313	0.116313	External_Data/GEO/GSE104323/GSE104323_10X_expression_data_V2.tab.gz
GSE104323	10X_all_cells	Immature-GABA	mouse	dentate_gyrus	10x	axon_guidance_synapse	1024	15	15	2.90625	0.19375	4.80273	0.320182	0.175241	0.175241	External_Data/GEO/GSE104323/GSE104323_10X_expression_data_V2.tab.gz
GSE104323	10X_all_cells	Immature-GABA	mouse	dentate_gyrus	10x	cerebellar_identity	1024	11	11	0.148438	0.0134943	0.341797	0.0310724	0.0133036	0.0133036	External_Data/GEO/GSE104323/GSE104323_10X_expression_data_V2.tab.gz
GSE104323	10X_all_cells	Immature-GABA	mouse	dentate_gyrus	10x	dentate_identity	1024	8	8	1.0293	0.128662	2.51367	0.314209	0.136021	0.136021	External_Data/GEO/GSE104323/GSE104323_10X_expression_data_V2.tab.gz
GSE104323	10X_all_cells	Immature-GABA	mouse	dentate_gyrus	10x	metabolic_proteomic_validation	1024	8	7	5.92383	0.740479	37.8633	4.73291	1.25758	1.43724	External_Data/GEO/GSE104323/GSE104323_10X_expression_data_V2.tab.gz
GSE104323	10X_all_cells	Immature-GABA	mouse	dentate_gyrus	10x	morphogenesis_cytoskeleton	1024	12	12	9.51953	0.793294	85.9727	7.16439	1.51093	1.51093	External_Data/GEO/GSE104323/GSE104323_10X_expression_data_V2.tab.gz
GSE104323	10X_all_cells	Immature-GABA	mouse	dentate_gyrus	10x	shared_granule_neuronal	1024	13	13	4.97168	0.382437	23.3164	1.79357	0.55382	0.55382	External_Data/GEO/GSE104323/GSE104323_10X_expression_data_V2.tab.gz
GSE104323	10X_all_cells	Immature-GC	mouse	dentate_gyrus	10x	axon_guidance_synapse	2419	15	15	3.90161	0.260107	9.31087	0.620725	0.281727	0.281727	External_Data/GEO/GSE104323/GSE104323_10X_expression_data_V2.tab.gz
GSE104323	10X_all_cells	Immature-GC	mouse	dentate_gyrus	10x	cerebellar_identity	2419	11	11	0.0500207	0.00454733	0.0529144	0.0048104	0.00325864	0.00325864	External_Data/GEO/GSE104323/GSE104323_10X_expression_data_V2.tab.gz
GSE104323	10X_all_cells	Immature-GC	mouse	dentate_gyrus	10x	dentate_identity	2419	8	8	2.34022	0.292528	6.94212	0.867766	0.356724	0.356724	External_Data/GEO/GSE104323/GSE104323_10X_expression_data_V2.tab.gz
GSE104323	10X_all_cells	Immature-GC	mouse	dentate_gyrus	10x	metabolic_proteomic_validation	2419	8	7	5.48491	0.685614	21.2183	2.65228	0.950052	1.08577	External_Data/GEO/GSE104323/GSE104323_10X_expression_data_V2.tab.gz
GSE104323	10X_all_cells	Immature-GC	mouse	dentate_gyrus	10x	morphogenesis_cytoskeleton	2419	12	12	7.73584	0.644653	31.4167	2.61806	0.907314	0.907314	External_Data/GEO/GSE104323/GSE104323_10X_expression_data_V2.tab.gz
GSE104323	10X_all_cells	Immature-GC	mouse	dentate_gyrus	10x	shared_granule_neuronal	2419	13	13	5.79206	0.445543	15.2774	1.17518	0.511198	0.511198	External_Data/GEO/GSE104323/GSE104323_10X_expression_data_V2.tab.gz
GSE104323	10X_all_cells	Immature-Pyr	mouse	dentate_gyrus	10x	axon_guidance_synapse	4520	15	15	4.51018	0.300678	15.0872	1.00581	0.375411	0.375411	External_Data/GEO/GSE104323/GSE104323_10X_expression_data_V2.tab.gz
GSE104323	10X_all_cells	Immature-Pyr	mouse	dentate_gyrus	10x	cerebellar_identity	4520	11	11	0.174779	0.015889	0.29115	0.0264682	0.0144516	0.0144516	External_Data/GEO/GSE104323/GSE104323_10X_expression_data_V2.tab.gz
GSE104323	10X_all_cells	Immature-Pyr	mouse	dentate_gyrus	10x	dentate_identity	4520	8	8	1.04071	0.130088	2.14823	0.268529	0.13047	0.13047	External_Data/GEO/GSE104323/GSE104323_10X_expression_data_V2.tab.gz
GSE104323	10X_all_cells	Immature-Pyr	mouse	dentate_gyrus	10x	metabolic_proteomic_validation	4520	8	7	6.14358	0.767948	37.5628	4.69535	1.29732	1.48265	External_Data/GEO/GSE104323/GSE104323_10X_expression_data_V2.tab.gz
GSE104323	10X_all_cells	Immature-Pyr	mouse	dentate_gyrus	10x	morphogenesis_cytoskeleton	4520	12	12	10.1529	0.846073	109.736	9.14469	1.7106	1.7106	External_Data/GEO/GSE104323/GSE104323_10X_expression_data_V2.tab.gz
GSE104323	10X_all_cells	Immature-Pyr	mouse	dentate_gyrus	10x	shared_granule_neuronal	4520	13	13	6.43783	0.495218	35.7491	2.74993	0.731066	0.731066	External_Data/GEO/GSE104323/GSE104323_10X_expression_data_V2.tab.gz
GSE104323	10X_all_cells	MOL	mouse	dentate_gyrus	10x	axon_guidance_synapse	704	15	15	1.01847	0.0678977	1.57386	0.104924	0.0594221	0.0594221	External_Data/GEO/GSE104323/GSE104323_10X_expression_data_V2.tab.gz
GSE104323	10X_all_cells	MOL	mouse	dentate_gyrus	10x	cerebellar_identity	704	11	11	0.674716	0.0613378	1.68892	0.153538	0.0700802	0.0700802	External_Data/GEO/GSE104323/GSE104323_10X_expression_data_V2.tab.gz
GSE104323	10X_all_cells	MOL	mouse	dentate_gyrus	10x	dentate_identity	704	8	8	0.723011	0.0903764	1.18466	0.148082	0.0820216	0.0820216	External_Data/GEO/GSE104323/GSE104323_10X_expression_data_V2.tab.gz
GSE104323	10X_all_cells	MOL	mouse	dentate_gyrus	10x	metabolic_proteomic_validation	704	8	7	4.58239	0.572798	23.5298	2.94123	0.866912	0.990757	External_Data/GEO/GSE104323/GSE104323_10X_expression_data_V2.tab.gz
GSE104323	10X_all_cells	MOL	mouse	dentate_gyrus	10x	morphogenesis_cytoskeleton	704	12	12	4.22869	0.352391	14.6009	1.21674	0.458131	0.458131	External_Data/GEO/GSE104323/GSE104323_10X_expression_data_V2.tab.gz
GSE104323	10X_all_cells	MOL	mouse	dentate_gyrus	10x	shared_granule_neuronal	704	13	13	1.26278	0.0971372	1.80398	0.138767	0.0805022	0.0805022	External_Data/GEO/GSE104323/GSE104323_10X_expression_data_V2.tab.gz
GSE104323	10X_all_cells	MiCajal-Retziusoglia	mouse	dentate_gyrus	10x	axon_guidance_synapse	428	15	15	0.649533	0.0433022	0.86215	0.0574766	0.0349633	0.0349633	External_Data/GEO/GSE104323/GSE104323_10X_expression_data_V2.tab.gz
GSE104323	10X_all_cells	MiCajal-Retziusoglia	mouse	dentate_gyrus	10x	cerebellar_identity	428	11	11	0.156542	0.0142311	0.17757	0.0161427	0.0106143	0.0106143	External_Data/GEO/GSE104323/GSE104323_10X_expression_data_V2.tab.gz
GSE104323	10X_all_cells	MiCajal-Retziusoglia	mouse	dentate_gyrus	10x	dentate_identity	428	8	8	0.271028	0.0338785	0.317757	0.0397196	0.0255727	0.0255727	External_Data/GEO/GSE104323/GSE104323_10X_expression_data_V2.tab.gz
GSE104323	10X_all_cells	MiCajal-Retziusoglia	mouse	dentate_gyrus	10x	metabolic_proteomic_validation	428	8	7	3.34579	0.418224	7.90654	0.988318	0.448477	0.512545	External_Data/GEO/GSE104323/GSE104323_10X_expression_data_V2.tab.gz
GSE104323	10X_all_cells	MiCajal-Retziusoglia	mouse	dentate_gyrus	10x	morphogenesis_cytoskeleton	428	12	12	2.31542	0.192952	6.25	0.520833	0.210984	0.210984	External_Data/GEO/GSE104323/GSE104323_10X_expression_data_V2.tab.gz
GSE104323	10X_all_cells	MiCajal-Retziusoglia	mouse	dentate_gyrus	10x	shared_granule_neuronal	428	13	13	0.752336	0.057872	0.997664	0.0767434	0.046442	0.046442	External_Data/GEO/GSE104323/GSE104323_10X_expression_data_V2.tab.gz
GSE104323	10X_all_cells	NFOL	mouse	dentate_gyrus	10x	axon_guidance_synapse	232	15	15	0.875	0.0583333	1.23276	0.0821839	0.04886	0.04886	External_Data/GEO/GSE104323/GSE104323_10X_expression_data_V2.tab.gz
GSE104323	10X_all_cells	NFOL	mouse	dentate_gyrus	10x	cerebellar_identity	232	11	11	0.0344828	0.0031348	0.0344828	0.0031348	0.00217288	0.00217288	External_Data/GEO/GSE104323/GSE104323_10X_expression_data_V2.tab.gz
GSE104323	10X_all_cells	NFOL	mouse	dentate_gyrus	10x	dentate_identity	232	8	8	0.452586	0.0565733	0.568966	0.0711207	0.0443427	0.0443427	External_Data/GEO/GSE104323/GSE104323_10X_expression_data_V2.tab.gz
GSE104323	10X_all_cells	NFOL	mouse	dentate_gyrus	10x	metabolic_proteomic_validation	232	8	7	5.24569	0.655711	22.7069	2.83836	0.960854	1.09812	External_Data/GEO/GSE104323/GSE104323_10X_expression_data_V2.tab.gz
GSE104323	10X_all_cells	NFOL	mouse	dentate_gyrus	10x	morphogenesis_cytoskeleton	232	12	12	3.86638	0.322198	15.1595	1.26329	0.441117	0.441117	External_Data/GEO/GSE104323/GSE104323_10X_expression_data_V2.tab.gz
GSE104323	10X_all_cells	NFOL	mouse	dentate_gyrus	10x	shared_granule_neuronal	232	13	13	1.25862	0.096817	1.74138	0.133952	0.0801798	0.0801798	External_Data/GEO/GSE104323/GSE104323_10X_expression_data_V2.tab.gz
GSE104323	10X_all_cells	Neuroblast	mouse	dentate_gyrus	10x	axon_guidance_synapse	1381	15	15	2.40261	0.160174	4.16437	0.277625	0.148473	0.148473	External_Data/GEO/GSE104323/GSE104323_10X_expression_data_V2.tab.gz
GSE104323	10X_all_cells	Neuroblast	mouse	dentate_gyrus	10x	cerebellar_identity	1381	11	11	0.186821	0.0169837	0.259232	0.0235666	0.014018	0.014018	External_Data/GEO/GSE104323/GSE104323_10X_expression_data_V2.tab.gz
GSE104323	10X_all_cells	Neuroblast	mouse	dentate_gyrus	10x	dentate_identity	1381	8	8	1.70746	0.213432	4.29616	0.53702	0.239885	0.239885	External_Data/GEO/GSE104323/GSE104323_10X_expression_data_V2.tab.gz
GSE104323	10X_all_cells	Neuroblast	mouse	dentate_gyrus	10x	metabolic_proteomic_validation	1381	8	7	4.8139	0.601738	16.0333	2.00416	0.785004	0.897147	External_Data/GEO/GSE104323/GSE104323_10X_expression_data_V2.tab.gz
GSE104323	10X_all_cells	Neuroblast	mouse	dentate_gyrus	10x	morphogenesis_cytoskeleton	1381	12	12	6.29399	0.524499	15.8986	1.32489	0.592818	0.592818	External_Data/GEO/GSE104323/GSE104323_10X_expression_data_V2.tab.gz
GSE104323	10X_all_cells	Neuroblast	mouse	dentate_gyrus	10x	shared_granule_neuronal	1381	13	13	4.88125	0.37548	13.1868	1.01437	0.434255	0.434255	External_Data/GEO/GSE104323/GSE104323_10X_expression_data_V2.tab.gz
GSE104323	10X_all_cells	OPC	mouse	dentate_gyrus	10x	axon_guidance_synapse	794	15	15	0.939547	0.0626364	1.25063	0.0833753	0.0496206	0.0496206	External_Data/GEO/GSE104323/GSE104323_10X_expression_data_V2.tab.gz
GSE104323	10X_all_cells	OPC	mouse	dentate_gyrus	10x	cerebellar_identity	794	11	11	0.287154	0.0261049	0.350126	0.0318296	0.0202587	0.0202587	External_Data/GEO/GSE104323/GSE104323_10X_expression_data_V2.tab.gz
GSE104323	10X_all_cells	OPC	mouse	dentate_gyrus	10x	dentate_identity	794	8	8	0.619647	0.0774559	0.858942	0.107368	0.063304	0.063304	External_Data/GEO/GSE104323/GSE104323_10X_expression_data_V2.tab.gz
GSE104323	10X_all_cells	OPC	mouse	dentate_gyrus	10x	metabolic_proteomic_validation	794	8	7	3.77204	0.471505	9.60453	1.20057	0.53705	0.613772	External_Data/GEO/GSE104323/GSE104323_10X_expression_data_V2.tab.gz
GSE104323	10X_all_cells	OPC	mouse	dentate_gyrus	10x	morphogenesis_cytoskeleton	794	12	12	4.5869	0.382242	10.5176	0.876469	0.407203	0.407203	External_Data/GEO/GSE104323/GSE104323_10X_expression_data_V2.tab.gz
GSE104323	10X_all_cells	OPC	mouse	dentate_gyrus	10x	shared_granule_neuronal	794	13	13	1.46851	0.112963	2.31612	0.178163	0.0992123	0.0992123	External_Data/GEO/GSE104323/GSE104323_10X_expression_data_V2.tab.gz
GSE104323	10X_all_cells	PVM	mouse	dentate_gyrus	10x	axon_guidance_synapse	79	15	15	1.34177	0.0894515	2.3038	0.153586	0.0831869	0.0831869	External_Data/GEO/GSE104323/GSE104323_10X_expression_data_V2.tab.gz
GSE104323	10X_all_cells	PVM	mouse	dentate_gyrus	10x	cerebellar_identity	79	11	11	0.379747	0.0345224	0.43038	0.0391254	0.0256599	0.0256599	External_Data/GEO/GSE104323/GSE104323_10X_expression_data_V2.tab.gz
GSE104323	10X_all_cells	PVM	mouse	dentate_gyrus	10x	dentate_identity	79	8	8	0.151899	0.0189873	0.240506	0.0300633	0.0166376	0.0166376	External_Data/GEO/GSE104323/GSE104323_10X_expression_data_V2.tab.gz
GSE104323	10X_all_cells	PVM	mouse	dentate_gyrus	10x	metabolic_proteomic_validation	79	8	7	3.96203	0.495253	10.3671	1.29589	0.565461	0.646241	External_Data/GEO/GSE104323/GSE104323_10X_expression_data_V2.tab.gz
GSE104323	10X_all_cells	PVM	mouse	dentate_gyrus	10x	morphogenesis_cytoskeleton	79	12	12	2.01266	0.167722	4.60759	0.383966	0.17373	0.17373	External_Data/GEO/GSE104323/GSE104323_10X_expression_data_V2.tab.gz
GSE104323	10X_all_cells	PVM	mouse	dentate_gyrus	10x	shared_granule_neuronal	79	13	13	0.64557	0.0496592	1.13924	0.0876339	0.0426989	0.0426989	External_Data/GEO/GSE104323/GSE104323_10X_expression_data_V2.tab.gz
GSE104323	10X_all_cells	RGL	mouse	dentate_gyrus	10x	axon_guidance_synapse	199	15	15	0.894472	0.0596315	0.994975	0.0663317	0.0439712	0.0439712	External_Data/GEO/GSE104323/GSE104323_10X_expression_data_V2.tab.gz
GSE104323	10X_all_cells	RGL	mouse	dentate_gyrus	10x	cerebellar_identity	199	11	11	0.150754	0.0137049	0.175879	0.015989	0.0104256	0.0104256	External_Data/GEO/GSE104323/GSE104323_10X_expression_data_V2.tab.gz
GSE104323	10X_all_cells	RGL	mouse	dentate_gyrus	10x	dentate_identity	199	8	8	0.477387	0.0596734	0.577889	0.0722362	0.0460052	0.0460052	External_Data/GEO/GSE104323/GSE104323_10X_expression_data_V2.tab.gz
GSE104323	10X_all_cells	RGL	mouse	dentate_gyrus	10x	metabolic_proteomic_validation	199	8	7	2.69347	0.336683	5.19095	0.648869	0.333144	0.380736	External_Data/GEO/GSE104323/GSE104323_10X_expression_data_V2.tab.gz
GSE104323	10X_all_cells	RGL	mouse	dentate_gyrus	10x	morphogenesis_cytoskeleton	199	12	12	2.60804	0.217337	5.13568	0.427973	0.21813	0.21813	External_Data/GEO/GSE104323/GSE104323_10X_expression_data_V2.tab.gz
GSE104323	10X_all_cells	RGL	mouse	dentate_gyrus	10x	shared_granule_neuronal	199	13	13	1.24121	0.0954774	1.75377	0.134905	0.0806812	0.0806812	External_Data/GEO/GSE104323/GSE104323_10X_expression_data_V2.tab.gz
GSE104323	10X_all_cells	RGL_young	mouse	dentate_gyrus	10x	axon_guidance_synapse	686	15	15	1.75073	0.116715	2.50729	0.167153	0.0977644	0.0977644	External_Data/GEO/GSE104323/GSE104323_10X_expression_data_V2.tab.gz
GSE104323	10X_all_cells	RGL_young	mouse	dentate_gyrus	10x	cerebellar_identity	686	11	11	0.344023	0.0312748	0.502915	0.0457196	0.0259986	0.0259986	External_Data/GEO/GSE104323/GSE104323_10X_expression_data_V2.tab.gz
GSE104323	10X_all_cells	RGL_young	mouse	dentate_gyrus	10x	dentate_identity	686	8	8	0.71137	0.0889213	0.965015	0.120627	0.0728941	0.0728941	External_Data/GEO/GSE104323/GSE104323_10X_expression_data_V2.tab.gz
GSE104323	10X_all_cells	RGL_young	mouse	dentate_gyrus	10x	metabolic_proteomic_validation	686	8	7	5.12099	0.640124	18.8761	2.35951	0.898611	1.02698	External_Data/GEO/GSE104323/GSE104323_10X_expression_data_V2.tab.gz
GSE104323	10X_all_cells	RGL_young	mouse	dentate_gyrus	10x	morphogenesis_cytoskeleton	686	12	12	3.94752	0.32896	9.32362	0.776968	0.350967	0.350967	External_Data/GEO/GSE104323/GSE104323_10X_expression_data_V2.tab.gz
GSE104323	10X_all_cells	RGL_young	mouse	dentate_gyrus	10x	shared_granule_neuronal	686	13	13	1.78717	0.137475	3.05831	0.235255	0.126405	0.126405	External_Data/GEO/GSE104323/GSE104323_10X_expression_data_V2.tab.gz
GSE104323	10X_all_cells	VLMC	mouse	dentate_gyrus	10x	axon_guidance_synapse	160	15	15	1.68125	0.112083	2.5875	0.1725	0.0969648	0.0969648	External_Data/GEO/GSE104323/GSE104323_10X_expression_data_V2.tab.gz
GSE104323	10X_all_cells	VLMC	mouse	dentate_gyrus	10x	cerebellar_identity	160	11	11	1.15625	0.105114	3.6625	0.332955	0.132859	0.132859	External_Data/GEO/GSE104323/GSE104323_10X_expression_data_V2.tab.gz
GSE104323	10X_all_cells	VLMC	mouse	dentate_gyrus	10x	dentate_identity	160	8	8	0.44375	0.0554687	0.69375	0.0867187	0.0473992	0.0473992	External_Data/GEO/GSE104323/GSE104323_10X_expression_data_V2.tab.gz
GSE104323	10X_all_cells	VLMC	mouse	dentate_gyrus	10x	metabolic_proteomic_validation	160	8	7	5.35	0.66875	31.9375	3.99219	1.13681	1.29921	External_Data/GEO/GSE104323/GSE104323_10X_expression_data_V2.tab.gz
GSE104323	10X_all_cells	VLMC	mouse	dentate_gyrus	10x	morphogenesis_cytoskeleton	160	12	12	3.03125	0.252604	8.1875	0.682292	0.286917	0.286917	External_Data/GEO/GSE104323/GSE104323_10X_expression_data_V2.tab.gz
GSE104323	10X_all_cells	VLMC	mouse	dentate_gyrus	10x	shared_granule_neuronal	160	13	13	1.0875	0.0836538	1.94375	0.149519	0.0773388	0.0773388	External_Data/GEO/GSE104323/GSE104323_10X_expression_data_V2.tab.gz
GSE104323	10X_all_cells	nIPC	mouse	dentate_gyrus	10x	axon_guidance_synapse	353	15	15	2.45042	0.163362	4.34278	0.289518	0.150824	0.150824	External_Data/GEO/GSE104323/GSE104323_10X_expression_data_V2.tab.gz
GSE104323	10X_all_cells	nIPC	mouse	dentate_gyrus	10x	cerebellar_identity	353	11	11	0.487252	0.0442956	0.8017	0.0728818	0.0400688	0.0400688	External_Data/GEO/GSE104323/GSE104323_10X_expression_data_V2.tab.gz
GSE104323	10X_all_cells	nIPC	mouse	dentate_gyrus	10x	dentate_identity	353	8	8	1.31161	0.163952	2.65439	0.331799	0.167328	0.167328	External_Data/GEO/GSE104323/GSE104323_10X_expression_data_V2.tab.gz
GSE104323	10X_all_cells	nIPC	mouse	dentate_gyrus	10x	metabolic_proteomic_validation	353	8	7	5.11615	0.639518	22.6346	2.82932	0.962551	1.10006	External_Data/GEO/GSE104323/GSE104323_10X_expression_data_V2.tab.gz
GSE104323	10X_all_cells	nIPC	mouse	dentate_gyrus	10x	morphogenesis_cytoskeleton	353	12	12	5.74221	0.478517	17.5921	1.46601	0.577069	0.577069	External_Data/GEO/GSE104323/GSE104323_10X_expression_data_V2.tab.gz
GSE104323	10X_all_cells	nIPC	mouse	dentate_gyrus	10x	shared_granule_neuronal	353	13	13	4.18697	0.322075	9.6204	0.740031	0.345126	0.345126	External_Data/GEO/GSE104323/GSE104323_10X_expression_data_V2.tab.gz
GSE104323	10X_all_cells	nIPC-perin	mouse	dentate_gyrus	10x	axon_guidance_synapse	468	15	15	1.96368	0.130912	2.97863	0.198575	0.112879	0.112879	External_Data/GEO/GSE104323/GSE104323_10X_expression_data_V2.tab.gz
GSE104323	10X_all_cells	nIPC-perin	mouse	dentate_gyrus	10x	cerebellar_identity	468	11	11	0.42735	0.03885	0.649573	0.0590521	0.0340269	0.0340269	External_Data/GEO/GSE104323/GSE104323_10X_expression_data_V2.tab.gz
GSE104323	10X_all_cells	nIPC-perin	mouse	dentate_gyrus	10x	dentate_identity	468	8	8	0.811966	0.101496	1.14103	0.142628	0.0842742	0.0842742	External_Data/GEO/GSE104323/GSE104323_10X_expression_data_V2.tab.gz
GSE104323	10X_all_cells	nIPC-perin	mouse	dentate_gyrus	10x	metabolic_proteomic_validation	468	8	7	5.51068	0.688835	28.7393	3.59241	1.14517	1.30877	External_Data/GEO/GSE104323/GSE104323_10X_expression_data_V2.tab.gz
GSE104323	10X_all_cells	nIPC-perin	mouse	dentate_gyrus	10x	morphogenesis_cytoskeleton	468	12	12	4.74145	0.395121	14.312	1.19266	0.460798	0.460798	External_Data/GEO/GSE104323/GSE104323_10X_expression_data_V2.tab.gz
GSE104323	10X_all_cells	nIPC-perin	mouse	dentate_gyrus	10x	shared_granule_neuronal	468	13	13	2.14103	0.164694	4.17308	0.321006	0.161212	0.161212	External_Data/GEO/GSE104323/GSE104323_10X_expression_data_V2.tab.gz
GSE122357	GSM3464549_P0	all	mouse	cerebellum	single_cell_RNA_seq	axon_guidance_synapse	7468	15	15	1.23125	0.0820836	1.81789	0.121193	0.0705281	0.0705281	External_Data/GEO/GSE122357/GSE122357_RAW.tar:GSM3464549_P0.csv.gz
GSE122357	GSM3464549_P0	all	mouse	cerebellum	single_cell_RNA_seq	cerebellar_identity	7468	11	10	2.65279	0.241162	9.32606	0.847823	0.314886	0.346375	External_Data/GEO/GSE122357/GSE122357_RAW.tar:GSM3464549_P0.csv.gz
GSE122357	GSM3464549_P0	all	mouse	cerebellum	single_cell_RNA_seq	dentate_identity	7468	8	7	0.752544	0.094068	1.39622	0.174528	0.0905783	0.103518	External_Data/GEO/GSE122357/GSE122357_RAW.tar:GSM3464549_P0.csv.gz
GSE122357	GSM3464549_P0	all	mouse	cerebellum	single_cell_RNA_seq	metabolic_proteomic_validation	7468	8	7	5.15533	0.644416	22.0964	2.76205	0.948978	1.08455	External_Data/GEO/GSE122357/GSE122357_RAW.tar:GSM3464549_P0.csv.gz
GSE122357	GSM3464549_P0	all	mouse	cerebellum	single_cell_RNA_seq	morphogenesis_cytoskeleton	7468	12	12	7.17381	0.597817	43.3084	3.60903	0.94059	0.94059	External_Data/GEO/GSE122357/GSE122357_RAW.tar:GSM3464549_P0.csv.gz
GSE122357	GSM3464549_P0	all	mouse	cerebellum	single_cell_RNA_seq	shared_granule_neuronal	7468	13	13	5.38631	0.414332	24.8006	1.90774	0.561411	0.561411	External_Data/GEO/GSE122357/GSE122357_RAW.tar:GSM3464549_P0.csv.gz
GSE122357	GSM3464550_P8a	all	mouse	cerebellum	single_cell_RNA_seq	axon_guidance_synapse	6088	15	15	1.11235	0.0741568	1.72865	0.115243	0.0635463	0.0635463	External_Data/GEO/GSE122357/GSE122357_RAW.tar:GSM3464550_P8a.csv.gz
GSE122357	GSM3464550_P8a	all	mouse	cerebellum	single_cell_RNA_seq	cerebellar_identity	6088	11	10	2.89143	0.262857	10.0669	0.915168	0.340679	0.374747	External_Data/GEO/GSE122357/GSE122357_RAW.tar:GSM3464550_P8a.csv.gz
GSE122357	GSM3464550_P8a	all	mouse	cerebellum	single_cell_RNA_seq	dentate_identity	6088	8	7	0.857096	0.107137	2.17806	0.272257	0.104857	0.119837	External_Data/GEO/GSE122357/GSE122357_RAW.tar:GSM3464550_P8a.csv.gz
GSE122357	GSM3464550_P8a	all	mouse	cerebellum	single_cell_RNA_seq	metabolic_proteomic_validation	6088	8	7	5.58689	0.698362	37.2132	4.65165	1.23744	1.41422	External_Data/GEO/GSE122357/GSE122357_RAW.tar:GSM3464550_P8a.csv.gz
GSE122357	GSM3464550_P8a	all	mouse	cerebellum	single_cell_RNA_seq	morphogenesis_cytoskeleton	6088	12	12	7.32408	0.61034	49.2406	4.10339	0.9949	0.9949	External_Data/GEO/GSE122357/GSE122357_RAW.tar:GSM3464550_P8a.csv.gz
GSE122357	GSM3464550_P8a	all	mouse	cerebellum	single_cell_RNA_seq	shared_granule_neuronal	6088	13	13	5.5202	0.424631	24.7999	1.90769	0.581704	0.581704	External_Data/GEO/GSE122357/GSE122357_RAW.tar:GSM3464550_P8a.csv.gz
GSE122357	GSM3464551_P8b	all	mouse	cerebellum	single_cell_RNA_seq	axon_guidance_synapse	8168	15	15	1.00135	0.0667564	1.39471	0.0929807	0.0548291	0.0548291	External_Data/GEO/GSE122357/GSE122357_RAW.tar:GSM3464551_P8b.csv.gz
GSE122357	GSM3464551_P8b	all	mouse	cerebellum	single_cell_RNA_seq	cerebellar_identity	8168	11	10	2.78428	0.253116	8.82064	0.801877	0.316084	0.347693	External_Data/GEO/GSE122357/GSE122357_RAW.tar:GSM3464551_P8b.csv.gz
GSE122357	GSM3464551_P8b	all	mouse	cerebellum	single_cell_RNA_seq	dentate_identity	8168	8	7	0.803501	0.100438	1.67618	0.209522	0.0955257	0.109172	External_Data/GEO/GSE122357/GSE122357_RAW.tar:GSM3464551_P8b.csv.gz
GSE122357	GSM3464551_P8b	all	mouse	cerebellum	single_cell_RNA_seq	metabolic_proteomic_validation	8168	8	7	5.49021	0.686276	30.1731	3.77164	1.13461	1.2967	External_Data/GEO/GSE122357/GSE122357_RAW.tar:GSM3464551_P8b.csv.gz
GSE122357	GSM3464551_P8b	all	mouse	cerebellum	single_cell_RNA_seq	morphogenesis_cytoskeleton	8168	12	12	6.94074	0.578395	36.727	3.06058	0.872119	0.872119	External_Data/GEO/GSE122357/GSE122357_RAW.tar:GSM3464551_P8b.csv.gz
GSE122357	GSM3464551_P8b	all	mouse	cerebellum	single_cell_RNA_seq	shared_granule_neuronal	8168	13	13	4.98347	0.383344	18.9289	1.45607	0.494432	0.494432	External_Data/GEO/GSE122357/GSE122357_RAW.tar:GSM3464551_P8b.csv.gz
GSE150153	NAY6153A1_125	metadata_unmatched	human	organoid	10x	axon_guidance_synapse	1189	15	15	2.47351	0.1649	4.10093	0.273395	0.149884	0.149884	External_Data/GEO/GSE150153/GSM4524697_NAY6153A1_125_matrix.mtx.gz
GSE150153	NAY6153A1_125	metadata_unmatched	human	organoid	10x	cerebellar_identity	1189	11	11	1.80572	0.164156	6.53574	0.594159	0.212095	0.212095	External_Data/GEO/GSE150153/GSM4524697_NAY6153A1_125_matrix.mtx.gz
GSE150153	NAY6153A1_125	metadata_unmatched	human	organoid	10x	dentate_identity	1189	8	8	1.15055	0.143818	2.96552	0.37069	0.157945	0.157945	External_Data/GEO/GSE150153/GSM4524697_NAY6153A1_125_matrix.mtx.gz
GSE150153	NAY6153A1_125	metadata_unmatched	human	organoid	10x	metabolic_proteomic_validation	1189	8	7	6.0984	0.7623	72.9235	9.11543	1.65648	1.89312	External_Data/GEO/GSE150153/GSM4524697_NAY6153A1_125_matrix.mtx.gz
GSE150153	NAY6153A1_125	metadata_unmatched	human	organoid	10x	morphogenesis_cytoskeleton	1189	12	12	7.7561	0.646341	93.5837	7.79864	1.21053	1.21053	External_Data/GEO/GSE150153/GSM4524697_NAY6153A1_125_matrix.mtx.gz
GSE150153	NAY6153A1_125	metadata_unmatched	human	organoid	10x	shared_granule_neuronal	1189	13	13	4.74685	0.365142	20.3524	1.56557	0.490162	0.490162	External_Data/GEO/GSE150153/GSM4524697_NAY6153A1_125_matrix.mtx.gz
GSE150153	NAY6153A2_678	metadata_unmatched	human	organoid	10x	axon_guidance_synapse	1323	15	15	1.68632	0.112421	2.45503	0.163668	0.0951615	0.0951615	External_Data/GEO/GSE150153/GSM4524699_NAY6153A2_678_matrix.mtx.gz
GSE150153	NAY6153A2_678	metadata_unmatched	human	organoid	10x	cerebellar_identity	1323	11	11	1.30915	0.119013	3.13605	0.285096	0.126878	0.126878	External_Data/GEO/GSE150153/GSM4524699_NAY6153A2_678_matrix.mtx.gz
GSE150153	NAY6153A2_678	metadata_unmatched	human	organoid	10x	dentate_identity	1323	8	8	1.01436	0.126795	2.04989	0.256236	0.125137	0.125137	External_Data/GEO/GSE150153/GSM4524699_NAY6153A2_678_matrix.mtx.gz
GSE150153	NAY6153A2_678	metadata_unmatched	human	organoid	10x	metabolic_proteomic_validation	1323	8	7	6.05593	0.756992	72.4565	9.05707	1.65986	1.89698	External_Data/GEO/GSE150153/GSM4524699_NAY6153A2_678_matrix.mtx.gz
GSE150153	NAY6153A2_678	metadata_unmatched	human	organoid	10x	morphogenesis_cytoskeleton	1323	12	12	6.05745	0.504787	49.2615	4.10513	0.818491	0.818491	External_Data/GEO/GSE150153/GSM4524699_NAY6153A2_678_matrix.mtx.gz
GSE150153	NAY6153A2_678	metadata_unmatched	human	organoid	10x	shared_granule_neuronal	1323	13	13	3.51927	0.270713	11.4346	0.879586	0.328285	0.328285	External_Data/GEO/GSE150153/GSM4524699_NAY6153A2_678_matrix.mtx.gz
GSE165657	Cerebellum_aggr	all	human	cerebellum	10x	axon_guidance_synapse	73550	15	15	0.918763	0.0612508	1.13982	0.0759882	0.0478689	0.0478689	External_Data/GEO/GSE165657/GSE165657_Cerebellum_aggr_matrix.mtx.gz
GSE165657	Cerebellum_aggr	all	human	cerebellum	10x	cerebellar_identity	73550	11	11	1.50774	0.137067	2.84109	0.258281	0.133566	0.133566	External_Data/GEO/GSE165657/GSE165657_Cerebellum_aggr_matrix.mtx.gz
GSE165657	Cerebellum_aggr	all	human	cerebellum	10x	dentate_identity	73550	8	8	0.474684	0.0593355	0.685846	0.0857308	0.05005	0.05005	External_Data/GEO/GSE165657/GSE165657_Cerebellum_aggr_matrix.mtx.gz
GSE165657	Cerebellum_aggr	all	human	cerebellum	10x	metabolic_proteomic_validation	73550	8	7	4.51158	0.563948	12.7159	1.58949	0.677788	0.774615	External_Data/GEO/GSE165657/GSE165657_Cerebellum_aggr_matrix.mtx.gz
GSE165657	Cerebellum_aggr	all	human	cerebellum	10x	morphogenesis_cytoskeleton	73550	12	12	4.78411	0.398676	20.2236	1.6853	0.526926	0.526926	External_Data/GEO/GSE165657/GSE165657_Cerebellum_aggr_matrix.mtx.gz
GSE165657	Cerebellum_aggr	all	human	cerebellum	10x	shared_granule_neuronal	73550	13	13	3.58564	0.275819	9.56231	0.735562	0.307236	0.307236	External_Data/GEO/GSE165657/GSE165657_Cerebellum_aggr_matrix.mtx.gz
GSE214309	snRNA_counts	immature_1hr	mouse	dentate_gyrus	snRNA_seq	axon_guidance_synapse	63	15	15	4.53968	0.302646	1420.98	94.7321	0.963912	0.963912	External_Data/GEO/GSE214309/GSE214309_counts.txt.gz
GSE214309	snRNA_counts	immature_1hr	mouse	dentate_gyrus	snRNA_seq	cerebellar_identity	63	11	11	0.984127	0.0894661	14.0552	1.27775	0.146824	0.146824	External_Data/GEO/GSE214309/GSE214309_counts.txt.gz
GSE214309	snRNA_counts	immature_1hr	mouse	dentate_gyrus	snRNA_seq	dentate_identity	63	8	8	2.38095	0.297619	1023.03	127.879	1.00502	1.00502	External_Data/GEO/GSE214309/GSE214309_counts.txt.gz
GSE214309	snRNA_counts	immature_1hr	mouse	dentate_gyrus	snRNA_seq	metabolic_proteomic_validation	63	8	6	3.01587	0.376984	616.158	77.0197	1.28311	1.71081	External_Data/GEO/GSE214309/GSE214309_counts.txt.gz
GSE214309	snRNA_counts	immature_1hr	mouse	dentate_gyrus	snRNA_seq	morphogenesis_cytoskeleton	63	12	12	4.28571	0.357143	2081.65	173.471	1.47949	1.47949	External_Data/GEO/GSE214309/GSE214309_counts.txt.gz
GSE214309	snRNA_counts	immature_1hr	mouse	dentate_gyrus	snRNA_seq	shared_granule_neuronal	63	13	12	4.07937	0.313797	869.742	66.9032	1.05973	1.14804	External_Data/GEO/GSE214309/GSE214309_counts.txt.gz
GSE214309	snRNA_counts	immature_4hr	mouse	dentate_gyrus	snRNA_seq	axon_guidance_synapse	61	15	15	6.14754	0.409836	2000.34	133.356	1.46282	1.46282	External_Data/GEO/GSE214309/GSE214309_counts.txt.gz
GSE214309	snRNA_counts	immature_4hr	mouse	dentate_gyrus	snRNA_seq	cerebellar_identity	61	11	11	1.40984	0.128167	78.12	7.10182	0.188666	0.188666	External_Data/GEO/GSE214309/GSE214309_counts.txt.gz
GSE214309	snRNA_counts	immature_4hr	mouse	dentate_gyrus	snRNA_seq	dentate_identity	61	8	8	2.90164	0.362705	893.479	111.685	1.37943	1.37943	External_Data/GEO/GSE214309/GSE214309_counts.txt.gz
GSE214309	snRNA_counts	immature_4hr	mouse	dentate_gyrus	snRNA_seq	metabolic_proteomic_validation	61	8	6	4.03279	0.504098	1460.1	182.512	2.06095	2.74794	External_Data/GEO/GSE214309/GSE214309_counts.txt.gz
GSE214309	snRNA_counts	immature_4hr	mouse	dentate_gyrus	snRNA_seq	morphogenesis_cytoskeleton	61	12	12	5.54098	0.461749	5090.08	424.173	2.244	2.244	External_Data/GEO/GSE214309/GSE214309_counts.txt.gz
GSE214309	snRNA_counts	immature_4hr	mouse	dentate_gyrus	snRNA_seq	shared_granule_neuronal	61	13	12	5.29508	0.407314	2126.52	163.578	1.62492	1.76033	External_Data/GEO/GSE214309/GSE214309_counts.txt.gz
GSE214309	snRNA_counts	immatureactive_1hr	mouse	dentate_gyrus	snRNA_seq	axon_guidance_synapse	42	15	15	4.2381	0.28254	917.725	61.1817	0.871787	0.871787	External_Data/GEO/GSE214309/GSE214309_counts.txt.gz
GSE214309	snRNA_counts	immatureactive_1hr	mouse	dentate_gyrus	snRNA_seq	cerebellar_identity	42	11	11	0.880952	0.0800866	15.224	1.384	0.144356	0.144356	External_Data/GEO/GSE214309/GSE214309_counts.txt.gz
GSE214309	snRNA_counts	immatureactive_1hr	mouse	dentate_gyrus	snRNA_seq	dentate_identity	42	8	8	2.78571	0.348214	930.354	116.294	1.14157	1.14157	External_Data/GEO/GSE214309/GSE214309_counts.txt.gz
GSE214309	snRNA_counts	immatureactive_1hr	mouse	dentate_gyrus	snRNA_seq	metabolic_proteomic_validation	42	8	6	2.7381	0.342262	613.837	76.7296	1.22289	1.63052	External_Data/GEO/GSE214309/GSE214309_counts.txt.gz
GSE214309	snRNA_counts	immatureactive_1hr	mouse	dentate_gyrus	snRNA_seq	morphogenesis_cytoskeleton	42	12	12	3.80952	0.31746	2268.16	189.013	1.30941	1.30941	External_Data/GEO/GSE214309/GSE214309_counts.txt.gz
GSE214309	snRNA_counts	immatureactive_1hr	mouse	dentate_gyrus	snRNA_seq	shared_granule_neuronal	42	13	12	3.95238	0.304029	1167.2	89.7844	1.09938	1.191	External_Data/GEO/GSE214309/GSE214309_counts.txt.gz
GSE214309	snRNA_counts	immatureactive_4hr	mouse	dentate_gyrus	snRNA_seq	axon_guidance_synapse	32	15	15	5.75	0.383333	2465.74	164.383	1.49553	1.49553	External_Data/GEO/GSE214309/GSE214309_counts.txt.gz
GSE214309	snRNA_counts	immatureactive_4hr	mouse	dentate_gyrus	snRNA_seq	cerebellar_identity	32	11	11	0.96875	0.0880682	3.83188	0.348352	0.115023	0.115023	External_Data/GEO/GSE214309/GSE214309_counts.txt.gz
GSE214309	snRNA_counts	immatureactive_4hr	mouse	dentate_gyrus	snRNA_seq	dentate_identity	32	8	8	2.90625	0.363281	1038.1	129.762	1.48587	1.48587	External_Data/GEO/GSE214309/GSE214309_counts.txt.gz
GSE214309	snRNA_counts	immatureactive_4hr	mouse	dentate_gyrus	snRNA_seq	metabolic_proteomic_validation	32	8	6	4.0625	0.507812	2001.51	250.189	2.21381	2.95175	External_Data/GEO/GSE214309/GSE214309_counts.txt.gz
GSE214309	snRNA_counts	immatureactive_4hr	mouse	dentate_gyrus	snRNA_seq	morphogenesis_cytoskeleton	32	12	12	5.03125	0.419271	3090.37	257.531	1.77174	1.77174	External_Data/GEO/GSE214309/GSE214309_counts.txt.gz
GSE214309	snRNA_counts	immatureactive_4hr	mouse	dentate_gyrus	snRNA_seq	shared_granule_neuronal	32	13	12	5.6875	0.4375	2686.16	206.628	1.68087	1.82095	External_Data/GEO/GSE214309/GSE214309_counts.txt.gz
GSE214309	snRNA_counts	mature_1hr	mouse	dentate_gyrus	snRNA_seq	axon_guidance_synapse	44	15	15	5.20455	0.34697	914.191	60.9461	1.08706	1.08706	External_Data/GEO/GSE214309/GSE214309_counts.txt.gz
GSE214309	snRNA_counts	mature_1hr	mouse	dentate_gyrus	snRNA_seq	cerebellar_identity	44	11	11	1.11364	0.10124	25.8625	2.35114	0.16687	0.16687	External_Data/GEO/GSE214309/GSE214309_counts.txt.gz
GSE214309	snRNA_counts	mature_1hr	mouse	dentate_gyrus	snRNA_seq	dentate_identity	44	8	8	2.81818	0.352273	480.291	60.0363	1.17693	1.17693	External_Data/GEO/GSE214309/GSE214309_counts.txt.gz
GSE214309	snRNA_counts	mature_1hr	mouse	dentate_gyrus	snRNA_seq	metabolic_proteomic_validation	44	8	6	3.43182	0.428977	840.866	105.108	1.53686	2.04915	External_Data/GEO/GSE214309/GSE214309_counts.txt.gz
GSE214309	snRNA_counts	mature_1hr	mouse	dentate_gyrus	snRNA_seq	morphogenesis_cytoskeleton	44	12	12	4.54545	0.378788	2381.59	198.466	1.56722	1.56722	External_Data/GEO/GSE214309/GSE214309_counts.txt.gz
GSE214309	snRNA_counts	mature_1hr	mouse	dentate_gyrus	snRNA_seq	shared_granule_neuronal	44	13	12	4.52273	0.347902	1137.28	87.4833	1.22481	1.32688	External_Data/GEO/GSE214309/GSE214309_counts.txt.gz
GSE214309	snRNA_counts	mature_4hr	mouse	dentate_gyrus	snRNA_seq	axon_guidance_synapse	44	15	15	6.13636	0.409091	1659.98	110.665	1.30544	1.30544	External_Data/GEO/GSE214309/GSE214309_counts.txt.gz
GSE214309	snRNA_counts	mature_4hr	mouse	dentate_gyrus	snRNA_seq	cerebellar_identity	44	11	11	1.40909	0.128099	40.8552	3.71411	0.215591	0.215591	External_Data/GEO/GSE214309/GSE214309_counts.txt.gz
GSE214309	snRNA_counts	mature_4hr	mouse	dentate_gyrus	snRNA_seq	dentate_identity	44	8	8	3.04545	0.380682	642.391	80.2989	1.42835	1.42835	External_Data/GEO/GSE214309/GSE214309_counts.txt.gz
GSE214309	snRNA_counts	mature_4hr	mouse	dentate_gyrus	snRNA_seq	metabolic_proteomic_validation	44	8	6	4	0.5	1357.18	169.647	1.93032	2.57377	External_Data/GEO/GSE214309/GSE214309_counts.txt.gz
GSE214309	snRNA_counts	mature_4hr	mouse	dentate_gyrus	snRNA_seq	morphogenesis_cytoskeleton	44	12	12	5.68182	0.473485	3680.52	306.71	2.06567	2.06567	External_Data/GEO/GSE214309/GSE214309_counts.txt.gz
GSE214309	snRNA_counts	mature_4hr	mouse	dentate_gyrus	snRNA_seq	shared_granule_neuronal	44	13	12	5.86364	0.451049	2975.26	228.866	1.82258	1.97446	External_Data/GEO/GSE214309/GSE214309_counts.txt.gz
GSE214309	snRNA_counts	matureactive_1hr	mouse	dentate_gyrus	snRNA_seq	axon_guidance_synapse	61	15	15	4.45902	0.297268	766.522	51.1015	0.832666	0.832666	External_Data/GEO/GSE214309/GSE214309_counts.txt.gz
GSE214309	snRNA_counts	matureactive_1hr	mouse	dentate_gyrus	snRNA_seq	cerebellar_identity	61	11	11	0.934426	0.0849478	6.35197	0.577452	0.102322	0.102322	External_Data/GEO/GSE214309/GSE214309_counts.txt.gz
GSE214309	snRNA_counts	matureactive_1hr	mouse	dentate_gyrus	snRNA_seq	dentate_identity	61	8	8	2.47541	0.309426	216.475	27.0593	0.771902	0.771902	External_Data/GEO/GSE214309/GSE214309_counts.txt.gz
GSE214309	snRNA_counts	matureactive_1hr	mouse	dentate_gyrus	snRNA_seq	metabolic_proteomic_validation	61	8	6	2.39344	0.29918	410.966	51.3707	0.90072	1.20096	External_Data/GEO/GSE214309/GSE214309_counts.txt.gz
GSE214309	snRNA_counts	matureactive_1hr	mouse	dentate_gyrus	snRNA_seq	morphogenesis_cytoskeleton	61	12	12	3.39344	0.282787	1414.32	117.86	1.07948	1.07948	External_Data/GEO/GSE214309/GSE214309_counts.txt.gz
GSE214309	snRNA_counts	matureactive_1hr	mouse	dentate_gyrus	snRNA_seq	shared_granule_neuronal	61	13	12	3.88525	0.298865	1057.35	81.3344	0.951885	1.03121	External_Data/GEO/GSE214309/GSE214309_counts.txt.gz
GSE214309	snRNA_counts	matureactive_4hr	mouse	dentate_gyrus	snRNA_seq	axon_guidance_synapse	54	15	15	6.59259	0.439506	2503.92	166.928	1.77107	1.77107	External_Data/GEO/GSE214309/GSE214309_counts.txt.gz
GSE214309	snRNA_counts	matureactive_4hr	mouse	dentate_gyrus	snRNA_seq	cerebellar_identity	54	11	11	0.925926	0.0841751	70.1004	6.37276	0.134518	0.134518	External_Data/GEO/GSE214309/GSE214309_counts.txt.gz
GSE214309	snRNA_counts	matureactive_4hr	mouse	dentate_gyrus	snRNA_seq	dentate_identity	54	8	8	2.7037	0.337963	460.06	57.5075	1.03933	1.03933	External_Data/GEO/GSE214309/GSE214309_counts.txt.gz
GSE214309	snRNA_counts	matureactive_4hr	mouse	dentate_gyrus	snRNA_seq	metabolic_proteomic_validation	54	8	6	3.44444	0.430556	574.347	71.7934	1.59005	2.12006	External_Data/GEO/GSE214309/GSE214309_counts.txt.gz
GSE214309	snRNA_counts	matureactive_4hr	mouse	dentate_gyrus	snRNA_seq	morphogenesis_cytoskeleton	54	12	12	4.66667	0.388889	1164.42	97.035	1.42485	1.42485	External_Data/GEO/GSE214309/GSE214309_counts.txt.gz
GSE214309	snRNA_counts	matureactive_4hr	mouse	dentate_gyrus	snRNA_seq	shared_granule_neuronal	54	13	12	5.57407	0.428775	1206.17	92.7825	1.51673	1.64313	External_Data/GEO/GSE214309/GSE214309_counts.txt.gz
GSE214905	patch_RNA_QC_counts	all	mouse	dentate_gyrus	patch_seq	axon_guidance_synapse	95	15	15	5.8	0.386667	6176.34	411.756	2.13684	2.13684	External_Data/GEO/GSE214905/GSE214905_Data-counts.tsv.gz
GSE214905	patch_RNA_QC_counts	all	mouse	dentate_gyrus	patch_seq	cerebellar_identity	95	11	11	0.6	0.0545455	166.611	15.1464	0.201096	0.201096	External_Data/GEO/GSE214905/GSE214905_Data-counts.tsv.gz
GSE214905	patch_RNA_QC_counts	all	mouse	dentate_gyrus	patch_seq	dentate_identity	95	8	8	4.25263	0.531579	7471.61	933.951	3.07466	3.07466	External_Data/GEO/GSE214905/GSE214905_Data-counts.tsv.gz
GSE214905	patch_RNA_QC_counts	all	mouse	dentate_gyrus	patch_seq	metabolic_proteomic_validation	95	8	7	5.95789	0.744737	13319.8	1664.97	5.0926	5.82011	External_Data/GEO/GSE214905/GSE214905_Data-counts.tsv.gz
GSE214905	patch_RNA_QC_counts	all	mouse	dentate_gyrus	patch_seq	morphogenesis_cytoskeleton	95	12	12	7.44211	0.620175	15135.5	1261.29	3.78949	3.78949	External_Data/GEO/GSE214905/GSE214905_Data-counts.tsv.gz
GSE214905	patch_RNA_QC_counts	all	mouse	dentate_gyrus	patch_seq	shared_granule_neuronal	95	13	13	7.67368	0.590283	27942.3	2149.41	3.91603	3.91603	External_Data/GEO/GSE214905/GSE214905_Data-counts.tsv.gz
GSE242688	WT_ZT12_rep1	all	mouse	cerebellum_spatial	visium_spatial	axon_guidance_synapse	3167	15	15	4.1784	0.27856	6.74392	0.449595	0.248889	0.248889	External_Data/Proteomics/GSE242688/GSE242688_RAW.tar:GSM7767079_WT_ZT12_rep1_matrix.mtx.gz
GSE242688	WT_ZT12_rep1	all	mouse	cerebellum_spatial	visium_spatial	cerebellar_identity	3167	11	11	2.70635	0.246032	5.68488	0.516807	0.249366	0.249366	External_Data/Proteomics/GSE242688/GSE242688_RAW.tar:GSM7767079_WT_ZT12_rep1_matrix.mtx.gz
GSE242688	WT_ZT12_rep1	all	mouse	cerebellum_spatial	visium_spatial	dentate_identity	3167	8	8	3.16167	0.395208	9.88254	1.23532	0.472435	0.472435	External_Data/Proteomics/GSE242688/GSE242688_RAW.tar:GSM7767079_WT_ZT12_rep1_matrix.mtx.gz
GSE242688	WT_ZT12_rep1	all	mouse	cerebellum_spatial	visium_spatial	metabolic_proteomic_validation	3167	8	7	6.56773	0.820966	92.3893	11.5487	1.98781	2.27178	External_Data/Proteomics/GSE242688/GSE242688_RAW.tar:GSM7767079_WT_ZT12_rep1_matrix.mtx.gz
GSE242688	WT_ZT12_rep1	all	mouse	cerebellum_spatial	visium_spatial	morphogenesis_cytoskeleton	3167	12	12	9.58446	0.798705	79.4878	6.62399	1.47696	1.47696	External_Data/Proteomics/GSE242688/GSE242688_RAW.tar:GSM7767079_WT_ZT12_rep1_matrix.mtx.gz
GSE242688	WT_ZT12_rep1	all	mouse	cerebellum_spatial	visium_spatial	shared_granule_neuronal	3167	13	13	7.20556	0.554274	90.1964	6.93818	1.12871	1.12871	External_Data/Proteomics/GSE242688/GSE242688_RAW.tar:GSM7767079_WT_ZT12_rep1_matrix.mtx.gz
GSE242688	WT_ZT12_rep2	all	mouse	cerebellum_spatial	visium_spatial	axon_guidance_synapse	2533	15	15	5.02566	0.335044	7.82235	0.52149	0.296273	0.296273	External_Data/Proteomics/GSE242688/GSE242688_RAW.tar:GSM7767080_WT_ZT12_rep2_matrix.mtx.gz
GSE242688	WT_ZT12_rep2	all	mouse	cerebellum_spatial	visium_spatial	cerebellar_identity	2533	11	11	2.10699	0.191544	4.1966	0.38151	0.193748	0.193748	External_Data/Proteomics/GSE242688/GSE242688_RAW.tar:GSM7767080_WT_ZT12_rep2_matrix.mtx.gz
GSE242688	WT_ZT12_rep2	all	mouse	cerebellum_spatial	visium_spatial	dentate_identity	2533	8	8	3.70667	0.463334	11.2081	1.40101	0.557576	0.557576	External_Data/Proteomics/GSE242688/GSE242688_RAW.tar:GSM7767080_WT_ZT12_rep2_matrix.mtx.gz
GSE242688	WT_ZT12_rep2	all	mouse	cerebellum_spatial	visium_spatial	metabolic_proteomic_validation	2533	8	7	6.94907	0.868634	110.624	13.828	2.23968	2.55964	External_Data/Proteomics/GSE242688/GSE242688_RAW.tar:GSM7767080_WT_ZT12_rep2_matrix.mtx.gz
GSE242688	WT_ZT12_rep2	all	mouse	cerebellum_spatial	visium_spatial	morphogenesis_cytoskeleton	2533	12	12	10.4295	0.869128	105.061	8.75507	1.74581	1.74581	External_Data/Proteomics/GSE242688/GSE242688_RAW.tar:GSM7767080_WT_ZT12_rep2_matrix.mtx.gz
GSE242688	WT_ZT12_rep2	all	mouse	cerebellum_spatial	visium_spatial	shared_granule_neuronal	2533	13	13	7.62574	0.586595	98.5468	7.58052	1.28724	1.28724	External_Data/Proteomics/GSE242688/GSE242688_RAW.tar:GSM7767080_WT_ZT12_rep2_matrix.mtx.gz
GSE292261	SS2_filtered_counts	DG_P10	mouse	dentate_gyrus	Smart_seq2	axon_guidance_synapse	91	15	15	7.08791	0.472527	1078.58	71.9055	1.97687	1.97687	External_Data/GEO/GSE292261/GSE292261_counts_SS2_filtered_raw.csv.gz
GSE292261	SS2_filtered_counts	DG_P10	mouse	dentate_gyrus	Smart_seq2	cerebellar_identity	91	11	3	0.395604	0.035964	7.43956	0.676324	0.0924769	0.339082	External_Data/GEO/GSE292261/GSE292261_counts_SS2_filtered_raw.csv.gz
GSE292261	SS2_filtered_counts	DG_P10	mouse	dentate_gyrus	Smart_seq2	dentate_identity	91	8	8	4.30769	0.538462	1130.29	141.286	2.44547	2.44547	External_Data/GEO/GSE292261/GSE292261_counts_SS2_filtered_raw.csv.gz
GSE292261	SS2_filtered_counts	DG_P10	mouse	dentate_gyrus	Smart_seq2	metabolic_proteomic_validation	91	8	7	6.74725	0.843407	1467.16	183.396	3.97993	4.5485	External_Data/GEO/GSE292261/GSE292261_counts_SS2_filtered_raw.csv.gz
GSE292261	SS2_filtered_counts	DG_P10	mouse	dentate_gyrus	Smart_seq2	morphogenesis_cytoskeleton	91	12	12	8.84615	0.737179	1996.57	166.381	3.56907	3.56907	External_Data/GEO/GSE292261/GSE292261_counts_SS2_filtered_raw.csv.gz
GSE292261	SS2_filtered_counts	DG_P10	mouse	dentate_gyrus	Smart_seq2	shared_granule_neuronal	91	13	11	9.35165	0.719358	2341.09	180.084	3.35347	3.96319	External_Data/GEO/GSE292261/GSE292261_counts_SS2_filtered_raw.csv.gz
GSE292261	SS2_filtered_counts	DG_P15	mouse	dentate_gyrus	Smart_seq2	axon_guidance_synapse	93	15	15	5.77419	0.384946	942.441	62.8294	1.64378	1.64378	External_Data/GEO/GSE292261/GSE292261_counts_SS2_filtered_raw.csv.gz
GSE292261	SS2_filtered_counts	DG_P15	mouse	dentate_gyrus	Smart_seq2	cerebellar_identity	93	11	3	0.462366	0.0420332	13.2366	1.20332	0.116172	0.425965	External_Data/GEO/GSE292261/GSE292261_counts_SS2_filtered_raw.csv.gz
GSE292261	SS2_filtered_counts	DG_P15	mouse	dentate_gyrus	Smart_seq2	dentate_identity	93	8	8	4.19355	0.524194	1319.16	164.895	2.42232	2.42232	External_Data/GEO/GSE292261/GSE292261_counts_SS2_filtered_raw.csv.gz
GSE292261	SS2_filtered_counts	DG_P15	mouse	dentate_gyrus	Smart_seq2	metabolic_proteomic_validation	93	8	7	6.87097	0.858871	1714.18	214.273	4.45357	5.08979	External_Data/GEO/GSE292261/GSE292261_counts_SS2_filtered_raw.csv.gz
GSE292261	SS2_filtered_counts	DG_P15	mouse	dentate_gyrus	Smart_seq2	morphogenesis_cytoskeleton	93	12	12	7.12903	0.594086	1885.97	157.164	2.88791	2.88791	External_Data/GEO/GSE292261/GSE292261_counts_SS2_filtered_raw.csv.gz
GSE292261	SS2_filtered_counts	DG_P15	mouse	dentate_gyrus	Smart_seq2	shared_granule_neuronal	93	13	11	8.70968	0.669975	3151.45	242.419	3.23305	3.82088	External_Data/GEO/GSE292261/GSE292261_counts_SS2_filtered_raw.csv.gz
GSE292261	SS2_filtered_counts	DG_P28	mouse	dentate_gyrus	Smart_seq2	axon_guidance_synapse	155	15	15	2.15484	0.143656	776.987	51.7991	0.665495	0.665495	External_Data/GEO/GSE292261/GSE292261_counts_SS2_filtered_raw.csv.gz
GSE292261	SS2_filtered_counts	DG_P28	mouse	dentate_gyrus	Smart_seq2	cerebellar_identity	155	11	3	0.206452	0.0187683	22.329	2.02991	0.0711735	0.26097	External_Data/GEO/GSE292261/GSE292261_counts_SS2_filtered_raw.csv.gz
GSE292261	SS2_filtered_counts	DG_P28	mouse	dentate_gyrus	Smart_seq2	dentate_identity	155	8	8	2.25161	0.281452	758.806	94.8508	1.27874	1.27874	External_Data/GEO/GSE292261/GSE292261_counts_SS2_filtered_raw.csv.gz
GSE292261	SS2_filtered_counts	DG_P28	mouse	dentate_gyrus	Smart_seq2	metabolic_proteomic_validation	155	8	7	4.88387	0.610484	2158.44	269.805	3.25145	3.71594	External_Data/GEO/GSE292261/GSE292261_counts_SS2_filtered_raw.csv.gz
GSE292261	SS2_filtered_counts	DG_P28	mouse	dentate_gyrus	Smart_seq2	morphogenesis_cytoskeleton	155	12	12	4.00645	0.333871	1668.03	139.002	1.71169	1.71169	External_Data/GEO/GSE292261/GSE292261_counts_SS2_filtered_raw.csv.gz
GSE292261	SS2_filtered_counts	DG_P28	mouse	dentate_gyrus	Smart_seq2	shared_granule_neuronal	155	13	11	5.68387	0.437221	4121.26	317.02	2.40063	2.8371	External_Data/GEO/GSE292261/GSE292261_counts_SS2_filtered_raw.csv.gz
GSE292261	SS2_filtered_counts	DG_P5	mouse	dentate_gyrus	Smart_seq2	axon_guidance_synapse	94	15	15	6.21277	0.414184	1912.1	127.473	1.95377	1.95377	External_Data/GEO/GSE292261/GSE292261_counts_SS2_filtered_raw.csv.gz
GSE292261	SS2_filtered_counts	DG_P5	mouse	dentate_gyrus	Smart_seq2	cerebellar_identity	94	11	3	0.106383	0.00967118	2.5	0.227273	0.0227065	0.0832571	External_Data/GEO/GSE292261/GSE292261_counts_SS2_filtered_raw.csv.gz
GSE292261	SS2_filtered_counts	DG_P5	mouse	dentate_gyrus	Smart_seq2	dentate_identity	94	8	8	3.48936	0.43617	3106.84	388.355	2.34156	2.34156	External_Data/GEO/GSE292261/GSE292261_counts_SS2_filtered_raw.csv.gz
GSE292261	SS2_filtered_counts	DG_P5	mouse	dentate_gyrus	Smart_seq2	metabolic_proteomic_validation	94	8	7	6.87234	0.859043	3454.98	431.872	5.06029	5.78319	External_Data/GEO/GSE292261/GSE292261_counts_SS2_filtered_raw.csv.gz
GSE292261	SS2_filtered_counts	DG_P5	mouse	dentate_gyrus	Smart_seq2	morphogenesis_cytoskeleton	94	12	12	9.81915	0.818262	9115.1	759.591	5.09928	5.09928	External_Data/GEO/GSE292261/GSE292261_counts_SS2_filtered_raw.csv.gz
GSE292261	SS2_filtered_counts	DG_P5	mouse	dentate_gyrus	Smart_seq2	shared_granule_neuronal	94	13	11	8.96809	0.689853	4554.3	350.331	3.63386	4.29456	External_Data/GEO/GSE292261/GSE292261_counts_SS2_filtered_raw.csv.gz
GSE292261	SS2_filtered_counts	DG_P7	mouse	dentate_gyrus	Smart_seq2	axon_guidance_synapse	76	15	15	4.68421	0.312281	1210.51	80.7009	1.49358	1.49358	External_Data/GEO/GSE292261/GSE292261_counts_SS2_filtered_raw.csv.gz
GSE292261	SS2_filtered_counts	DG_P7	mouse	dentate_gyrus	Smart_seq2	cerebellar_identity	76	11	3	0.197368	0.0179426	11.3421	1.0311	0.0560657	0.205574	External_Data/GEO/GSE292261/GSE292261_counts_SS2_filtered_raw.csv.gz
GSE292261	SS2_filtered_counts	DG_P7	mouse	dentate_gyrus	Smart_seq2	dentate_identity	76	8	8	3.42105	0.427632	2239.54	279.942	2.25893	2.25893	External_Data/GEO/GSE292261/GSE292261_counts_SS2_filtered_raw.csv.gz
GSE292261	SS2_filtered_counts	DG_P7	mouse	dentate_gyrus	Smart_seq2	metabolic_proteomic_validation	76	8	7	6.88158	0.860197	2711.29	338.911	4.78556	5.46921	External_Data/GEO/GSE292261/GSE292261_counts_SS2_filtered_raw.csv.gz
GSE292261	SS2_filtered_counts	DG_P7	mouse	dentate_gyrus	Smart_seq2	morphogenesis_cytoskeleton	76	12	12	8.75	0.729167	4117.57	343.13	4.01075	4.01075	External_Data/GEO/GSE292261/GSE292261_counts_SS2_filtered_raw.csv.gz
GSE292261	SS2_filtered_counts	DG_P7	mouse	dentate_gyrus	Smart_seq2	shared_granule_neuronal	76	13	11	8.51316	0.654858	4292.49	330.191	3.43993	4.06537	External_Data/GEO/GSE292261/GSE292261_counts_SS2_filtered_raw.csv.gz
GSE312658	Ctrl	all	mouse	cerebellum	10x	axon_guidance_synapse	4857	15	15	4.43998	0.295999	23.839	1.58927	0.413831	0.413831	External_Data/GEO/GSE312658/GSM9350909_Ctrl_matrix.mtx.gz
GSE312658	Ctrl	all	mouse	cerebellum	10x	cerebellar_identity	4857	11	11	1.74985	0.159077	4.32119	0.392835	0.174103	0.174103	External_Data/GEO/GSE312658/GSM9350909_Ctrl_matrix.mtx.gz
GSE312658	Ctrl	all	mouse	cerebellum	10x	dentate_identity	4857	8	8	0.554869	0.0693587	1.07165	0.133956	0.0637805	0.0637805	External_Data/GEO/GSE312658/GSM9350909_Ctrl_matrix.mtx.gz
GSE312658	Ctrl	all	mouse	cerebellum	10x	metabolic_proteomic_validation	4857	8	7	1.54663	0.193329	2.0245	0.253063	0.155953	0.178232	External_Data/GEO/GSE312658/GSM9350909_Ctrl_matrix.mtx.gz
GSE312658	Ctrl	all	mouse	cerebellum	10x	morphogenesis_cytoskeleton	4857	12	12	5.28639	0.440533	13.8054	1.15045	0.492502	0.492502	External_Data/GEO/GSE312658/GSM9350909_Ctrl_matrix.mtx.gz
GSE312658	Ctrl	all	mouse	cerebellum	10x	shared_granule_neuronal	4857	13	13	4.72782	0.363678	18.8719	1.45169	0.466632	0.466632	External_Data/GEO/GSE312658/GSM9350909_Ctrl_matrix.mtx.gz
GSE312658	cKO	all	mouse	cerebellum	10x	axon_guidance_synapse	6946	15	15	5.21768	0.347845	27.3372	1.82248	0.483538	0.483538	External_Data/GEO/GSE312658/GSM9350910_cKO_matrix.mtx.gz
GSE312658	cKO	all	mouse	cerebellum	10x	cerebellar_identity	6946	11	11	1.49914	0.136285	3.59761	0.327055	0.148062	0.148062	External_Data/GEO/GSE312658/GSM9350910_cKO_matrix.mtx.gz
GSE312658	cKO	all	mouse	cerebellum	10x	dentate_identity	6946	8	8	0.715232	0.089404	1.59919	0.199899	0.088025	0.088025	External_Data/GEO/GSE312658/GSM9350910_cKO_matrix.mtx.gz
GSE312658	cKO	all	mouse	cerebellum	10x	metabolic_proteomic_validation	6946	8	7	1.44356	0.180446	1.84739	0.230924	0.143752	0.164288	External_Data/GEO/GSE312658/GSM9350910_cKO_matrix.mtx.gz
GSE312658	cKO	all	mouse	cerebellum	10x	morphogenesis_cytoskeleton	6946	12	12	5.44227	0.453522	14.6684	1.22237	0.517219	0.517219	External_Data/GEO/GSE312658/GSM9350910_cKO_matrix.mtx.gz
GSE312658	cKO	all	mouse	cerebellum	10x	shared_granule_neuronal	6946	13	13	4.49669	0.345899	17.4682	1.34371	0.442981	0.442981	External_Data/GEO/GSE312658/GSM9350910_cKO_matrix.mtx.gz
GSE95752	C1_all_cells	DC12	mouse	dentate_gyrus	C1	axon_guidance_synapse	40	15	15	4.05	0.27	14.45	0.963333	0.341426	0.341426	External_Data/GEO/GSE95752/GSE95752_C1_expression_data.tab.gz
GSE95752	C1_all_cells	DC12	mouse	dentate_gyrus	C1	cerebellar_identity	40	11	6	0.175	0.0159091	0.325	0.0295455	0.0153672	0.0281732	External_Data/GEO/GSE95752/GSE95752_C1_expression_data.tab.gz
GSE95752	C1_all_cells	DC12	mouse	dentate_gyrus	C1	dentate_identity	40	8	8	2.125	0.265625	6.65	0.83125	0.330061	0.330061	External_Data/GEO/GSE95752/GSE95752_C1_expression_data.tab.gz
GSE95752	C1_all_cells	DC12	mouse	dentate_gyrus	C1	metabolic_proteomic_validation	40	8	7	5.35	0.66875	30.7	3.8375	1.08842	1.24391	External_Data/GEO/GSE95752/GSE95752_C1_expression_data.tab.gz
GSE95752	C1_all_cells	DC12	mouse	dentate_gyrus	C1	morphogenesis_cytoskeleton	40	12	12	5.575	0.464583	30.95	2.57917	0.678482	0.678482	External_Data/GEO/GSE95752/GSE95752_C1_expression_data.tab.gz
GSE95752	C1_all_cells	DC12	mouse	dentate_gyrus	C1	shared_granule_neuronal	40	13	13	5.05	0.388462	41.05	3.15769	0.576336	0.576336	External_Data/GEO/GSE95752/GSE95752_C1_expression_data.tab.gz
GSE95752	C1_all_cells	DG03	mouse	dentate_gyrus	C1	axon_guidance_synapse	39	15	15	4.07692	0.271795	16.6667	1.11111	0.370787	0.370787	External_Data/GEO/GSE95752/GSE95752_C1_expression_data.tab.gz
GSE95752	C1_all_cells	DG03	mouse	dentate_gyrus	C1	cerebellar_identity	39	11	6	0.307692	0.027972	0.692308	0.0629371	0.0292362	0.0535996	External_Data/GEO/GSE95752/GSE95752_C1_expression_data.tab.gz
GSE95752	C1_all_cells	DG03	mouse	dentate_gyrus	C1	dentate_identity	39	8	8	2.15385	0.269231	8.05128	1.00641	0.364596	0.364596	External_Data/GEO/GSE95752/GSE95752_C1_expression_data.tab.gz
GSE95752	C1_all_cells	DG03	mouse	dentate_gyrus	C1	metabolic_proteomic_validation	39	8	7	4.41026	0.551282	25.7179	3.21474	0.8995	1.028	External_Data/GEO/GSE95752/GSE95752_C1_expression_data.tab.gz
GSE95752	C1_all_cells	DG03	mouse	dentate_gyrus	C1	morphogenesis_cytoskeleton	39	12	12	5.23077	0.435897	21.3077	1.77564	0.606942	0.606942	External_Data/GEO/GSE95752/GSE95752_C1_expression_data.tab.gz
GSE95752	C1_all_cells	DG03	mouse	dentate_gyrus	C1	shared_granule_neuronal	39	13	13	5.76923	0.443787	29.359	2.25838	0.641622	0.641622	External_Data/GEO/GSE95752/GSE95752_C1_expression_data.tab.gz
GSE95752	C1_all_cells	DG04	mouse	dentate_gyrus	C1	axon_guidance_synapse	58	15	15	4.7069	0.313793	16.2414	1.08276	0.388985	0.388985	External_Data/GEO/GSE95752/GSE95752_C1_expression_data.tab.gz
GSE95752	C1_all_cells	DG04	mouse	dentate_gyrus	C1	cerebellar_identity	58	11	6	0.172414	0.015674	0.275862	0.0250784	0.0142071	0.0260464	External_Data/GEO/GSE95752/GSE95752_C1_expression_data.tab.gz
GSE95752	C1_all_cells	DG04	mouse	dentate_gyrus	C1	dentate_identity	58	8	8	2.7931	0.349138	12.3793	1.54741	0.502856	0.502856	External_Data/GEO/GSE95752/GSE95752_C1_expression_data.tab.gz
GSE95752	C1_all_cells	DG04	mouse	dentate_gyrus	C1	metabolic_proteomic_validation	58	8	7	5.17241	0.646552	34.8448	4.3556	1.12963	1.291	External_Data/GEO/GSE95752/GSE95752_C1_expression_data.tab.gz
GSE95752	C1_all_cells	DG04	mouse	dentate_gyrus	C1	morphogenesis_cytoskeleton	58	12	12	6.15517	0.512931	27.2069	2.26724	0.739466	0.739466	External_Data/GEO/GSE95752/GSE95752_C1_expression_data.tab.gz
GSE95752	C1_all_cells	DG04	mouse	dentate_gyrus	C1	shared_granule_neuronal	58	13	13	6.12069	0.470822	33.7759	2.59814	0.70178	0.70178	External_Data/GEO/GSE95752/GSE95752_C1_expression_data.tab.gz
GSE95752	C1_all_cells	DG05	mouse	dentate_gyrus	C1	axon_guidance_synapse	126	15	15	4.71429	0.314286	19.8016	1.32011	0.426322	0.426322	External_Data/GEO/GSE95752/GSE95752_C1_expression_data.tab.gz
GSE95752	C1_all_cells	DG05	mouse	dentate_gyrus	C1	cerebellar_identity	126	11	6	0.285714	0.025974	0.460317	0.041847	0.0233072	0.0427299	External_Data/GEO/GSE95752/GSE95752_C1_expression_data.tab.gz
GSE95752	C1_all_cells	DG05	mouse	dentate_gyrus	C1	dentate_identity	126	8	8	2.65079	0.331349	12.4762	1.55952	0.493638	0.493638	External_Data/GEO/GSE95752/GSE95752_C1_expression_data.tab.gz
GSE95752	C1_all_cells	DG05	mouse	dentate_gyrus	C1	metabolic_proteomic_validation	126	8	7	5.29365	0.661706	36.7143	4.58929	1.17588	1.34386	External_Data/GEO/GSE95752/GSE95752_C1_expression_data.tab.gz
GSE95752	C1_all_cells	DG05	mouse	dentate_gyrus	C1	morphogenesis_cytoskeleton	126	12	12	6.0873	0.507275	28.754	2.39616	0.750997	0.750997	External_Data/GEO/GSE95752/GSE95752_C1_expression_data.tab.gz
GSE95752	C1_all_cells	DG05	mouse	dentate_gyrus	C1	shared_granule_neuronal	126	13	13	6.20635	0.477411	31.8889	2.45299	0.704759	0.704759	External_Data/GEO/GSE95752/GSE95752_C1_expression_data.tab.gz
GSE95752	C1_all_cells	DG06	mouse	dentate_gyrus	C1	axon_guidance_synapse	42	15	15	4.7619	0.31746	13.6667	0.911111	0.372654	0.372654	External_Data/GEO/GSE95752/GSE95752_C1_expression_data.tab.gz
GSE95752	C1_all_cells	DG06	mouse	dentate_gyrus	C1	cerebellar_identity	42	11	6	0.357143	0.0324675	0.904762	0.0822511	0.0358948	0.0658072	External_Data/GEO/GSE95752/GSE95752_C1_expression_data.tab.gz
GSE95752	C1_all_cells	DG06	mouse	dentate_gyrus	C1	dentate_identity	42	8	8	2.19048	0.27381	9.11905	1.13988	0.378529	0.378529	External_Data/GEO/GSE95752/GSE95752_C1_expression_data.tab.gz
GSE95752	C1_all_cells	DG06	mouse	dentate_gyrus	C1	metabolic_proteomic_validation	42	8	7	5.16667	0.645833	29.5238	3.69048	1.06413	1.21614	External_Data/GEO/GSE95752/GSE95752_C1_expression_data.tab.gz
GSE95752	C1_all_cells	DG06	mouse	dentate_gyrus	C1	morphogenesis_cytoskeleton	42	12	12	5.83333	0.486111	23.5	1.95833	0.688819	0.688819	External_Data/GEO/GSE95752/GSE95752_C1_expression_data.tab.gz
GSE95752	C1_all_cells	DG06	mouse	dentate_gyrus	C1	shared_granule_neuronal	42	13	13	5.42857	0.417582	26.2143	2.01648	0.593009	0.593009	External_Data/GEO/GSE95752/GSE95752_C1_expression_data.tab.gz
GSE95752	C1_all_cells	DG07	mouse	dentate_gyrus	C1	axon_guidance_synapse	118	15	15	4.48305	0.29887	18.8814	1.25876	0.401364	0.401364	External_Data/GEO/GSE95752/GSE95752_C1_expression_data.tab.gz
GSE95752	C1_all_cells	DG07	mouse	dentate_gyrus	C1	cerebellar_identity	118	11	6	0.271186	0.0246533	0.618644	0.0562404	0.0248193	0.045502	External_Data/GEO/GSE95752/GSE95752_C1_expression_data.tab.gz
GSE95752	C1_all_cells	DG07	mouse	dentate_gyrus	C1	dentate_identity	118	8	8	2.38136	0.297669	8.84746	1.10593	0.397075	0.397075	External_Data/GEO/GSE95752/GSE95752_C1_expression_data.tab.gz
GSE95752	C1_all_cells	DG07	mouse	dentate_gyrus	C1	metabolic_proteomic_validation	118	8	7	5.07627	0.634534	31.5932	3.94915	1.07518	1.22878	External_Data/GEO/GSE95752/GSE95752_C1_expression_data.tab.gz
GSE95752	C1_all_cells	DG07	mouse	dentate_gyrus	C1	morphogenesis_cytoskeleton	118	12	12	6.16102	0.513418	29.3305	2.44421	0.767822	0.767822	External_Data/GEO/GSE95752/GSE95752_C1_expression_data.tab.gz
GSE95752	C1_all_cells	DG07	mouse	dentate_gyrus	C1	shared_granule_neuronal	118	13	13	5.69492	0.43807	29.7712	2.29009	0.650694	0.650694	External_Data/GEO/GSE95752/GSE95752_C1_expression_data.tab.gz
GSE95752	C1_all_cells	DG08	mouse	dentate_gyrus	C1	axon_guidance_synapse	118	15	15	3.83051	0.255367	14.9068	0.993785	0.332384	0.332384	External_Data/GEO/GSE95752/GSE95752_C1_expression_data.tab.gz
GSE95752	C1_all_cells	DG08	mouse	dentate_gyrus	C1	cerebellar_identity	118	11	6	0.254237	0.0231125	0.432203	0.0392912	0.0203335	0.037278	External_Data/GEO/GSE95752/GSE95752_C1_expression_data.tab.gz
GSE95752	C1_all_cells	DG08	mouse	dentate_gyrus	C1	dentate_identity	118	8	8	2.24576	0.28072	9.60169	1.20021	0.400339	0.400339	External_Data/GEO/GSE95752/GSE95752_C1_expression_data.tab.gz
GSE95752	C1_all_cells	DG08	mouse	dentate_gyrus	C1	metabolic_proteomic_validation	118	8	7	5.27966	0.659958	35.4322	4.42903	1.1551	1.32012	External_Data/GEO/GSE95752/GSE95752_C1_expression_data.tab.gz
GSE95752	C1_all_cells	DG08	mouse	dentate_gyrus	C1	morphogenesis_cytoskeleton	118	12	12	5.48305	0.456921	23.8644	1.9887	0.662611	0.662611	External_Data/GEO/GSE95752/GSE95752_C1_expression_data.tab.gz
GSE95752	C1_all_cells	DG08	mouse	dentate_gyrus	C1	shared_granule_neuronal	118	13	13	5.47458	0.421121	26.1864	2.01434	0.606791	0.606791	External_Data/GEO/GSE95752/GSE95752_C1_expression_data.tab.gz
GSE95752	C1_all_cells	DG09	mouse	dentate_gyrus	C1	axon_guidance_synapse	110	15	15	3.58182	0.238788	11.5455	0.769697	0.295554	0.295554	External_Data/GEO/GSE95752/GSE95752_C1_expression_data.tab.gz
GSE95752	C1_all_cells	DG09	mouse	dentate_gyrus	C1	cerebellar_identity	110	11	6	0.236364	0.0214876	0.345455	0.031405	0.0182348	0.0334304	External_Data/GEO/GSE95752/GSE95752_C1_expression_data.tab.gz
GSE95752	C1_all_cells	DG09	mouse	dentate_gyrus	C1	dentate_identity	110	8	8	1.89091	0.236364	6.29091	0.786364	0.296669	0.296669	External_Data/GEO/GSE95752/GSE95752_C1_expression_data.tab.gz
GSE95752	C1_all_cells	DG09	mouse	dentate_gyrus	C1	metabolic_proteomic_validation	110	8	7	5.31818	0.664773	28.8909	3.61136	1.05725	1.20828	External_Data/GEO/GSE95752/GSE95752_C1_expression_data.tab.gz
GSE95752	C1_all_cells	DG09	mouse	dentate_gyrus	C1	morphogenesis_cytoskeleton	110	12	12	5.31818	0.443182	19.2455	1.60379	0.571576	0.571576	External_Data/GEO/GSE95752/GSE95752_C1_expression_data.tab.gz
GSE95752	C1_all_cells	DG09	mouse	dentate_gyrus	C1	shared_granule_neuronal	110	13	13	5.31818	0.409091	21.6273	1.66364	0.513583	0.513583	External_Data/GEO/GSE95752/GSE95752_C1_expression_data.tab.gz
GSE95752	C1_all_cells	DG10	mouse	dentate_gyrus	C1	axon_guidance_synapse	75	15	15	2.94667	0.196444	7.10667	0.473778	0.210827	0.210827	External_Data/GEO/GSE95752/GSE95752_C1_expression_data.tab.gz
GSE95752	C1_all_cells	DG10	mouse	dentate_gyrus	C1	cerebellar_identity	75	11	6	0.293333	0.0266667	0.453333	0.0412121	0.0237323	0.0435092	External_Data/GEO/GSE95752/GSE95752_C1_expression_data.tab.gz
GSE95752	C1_all_cells	DG10	mouse	dentate_gyrus	C1	dentate_identity	75	8	8	1.33333	0.166667	4.86667	0.608333	0.216808	0.216808	External_Data/GEO/GSE95752/GSE95752_C1_expression_data.tab.gz
GSE95752	C1_all_cells	DG10	mouse	dentate_gyrus	C1	metabolic_proteomic_validation	75	8	7	4.72	0.59	24.16	3.02	0.926547	1.05891	External_Data/GEO/GSE95752/GSE95752_C1_expression_data.tab.gz
GSE95752	C1_all_cells	DG10	mouse	dentate_gyrus	C1	morphogenesis_cytoskeleton	75	12	12	3.97333	0.331111	11.5067	0.958889	0.396259	0.396259	External_Data/GEO/GSE95752/GSE95752_C1_expression_data.tab.gz
GSE95752	C1_all_cells	DG10	mouse	dentate_gyrus	C1	shared_granule_neuronal	75	13	13	3.58667	0.275897	12.9467	0.995897	0.342173	0.342173	External_Data/GEO/GSE95752/GSE95752_C1_expression_data.tab.gz
GSE95752	C1_all_cells	DG11	mouse	dentate_gyrus	C1	axon_guidance_synapse	121	15	15	3.41322	0.227548	9.76033	0.650689	0.262855	0.262855	External_Data/GEO/GSE95752/GSE95752_C1_expression_data.tab.gz
GSE95752	C1_all_cells	DG11	mouse	dentate_gyrus	C1	cerebellar_identity	121	11	6	0.322314	0.0293013	0.545455	0.0495868	0.0263807	0.0483647	External_Data/GEO/GSE95752/GSE95752_C1_expression_data.tab.gz
GSE95752	C1_all_cells	DG11	mouse	dentate_gyrus	C1	dentate_identity	121	8	8	1.66116	0.207645	5.03306	0.629132	0.255587	0.255587	External_Data/GEO/GSE95752/GSE95752_C1_expression_data.tab.gz
GSE95752	C1_all_cells	DG11	mouse	dentate_gyrus	C1	metabolic_proteomic_validation	121	8	7	4.67769	0.584711	20.7521	2.59401	0.847436	0.968498	External_Data/GEO/GSE95752/GSE95752_C1_expression_data.tab.gz
GSE95752	C1_all_cells	DG11	mouse	dentate_gyrus	C1	morphogenesis_cytoskeleton	121	12	12	4.81818	0.401515	17.1488	1.42906	0.507078	0.507078	External_Data/GEO/GSE95752/GSE95752_C1_expression_data.tab.gz
GSE95752	C1_all_cells	DG11	mouse	dentate_gyrus	C1	shared_granule_neuronal	121	13	13	4.18182	0.321678	20.4132	1.57025	0.425621	0.425621	External_Data/GEO/GSE95752/GSE95752_C1_expression_data.tab.gz
GSE95752	C1_all_cells	DG12	mouse	dentate_gyrus	C1	axon_guidance_synapse	85	15	15	3.28235	0.218824	10.0941	0.672941	0.265139	0.265139	External_Data/GEO/GSE95752/GSE95752_C1_expression_data.tab.gz
GSE95752	C1_all_cells	DG12	mouse	dentate_gyrus	C1	cerebellar_identity	85	11	6	0.188235	0.0171123	0.270588	0.0245989	0.0148969	0.027311	External_Data/GEO/GSE95752/GSE95752_C1_expression_data.tab.gz
GSE95752	C1_all_cells	DG12	mouse	dentate_gyrus	C1	dentate_identity	85	8	8	1.91765	0.239706	6.45882	0.807353	0.306783	0.306783	External_Data/GEO/GSE95752/GSE95752_C1_expression_data.tab.gz
GSE95752	C1_all_cells	DG12	mouse	dentate_gyrus	C1	metabolic_proteomic_validation	85	8	7	4.70588	0.588235	21.4	2.675	0.875209	1.00024	External_Data/GEO/GSE95752/GSE95752_C1_expression_data.tab.gz
GSE95752	C1_all_cells	DG12	mouse	dentate_gyrus	C1	morphogenesis_cytoskeleton	85	12	12	4.8	0.4	18.4824	1.5402	0.538581	0.538581	External_Data/GEO/GSE95752/GSE95752_C1_expression_data.tab.gz
GSE95752	C1_all_cells	DG12	mouse	dentate_gyrus	C1	shared_granule_neuronal	85	13	13	4.67059	0.359276	21.5294	1.65611	0.487458	0.487458	External_Data/GEO/GSE95752/GSE95752_C1_expression_data.tab.gz
GSE95752	C1_all_cells	DG13	mouse	dentate_gyrus	C1	axon_guidance_synapse	79	15	15	3.40506	0.227004	10.2405	0.6827	0.265404	0.265404	External_Data/GEO/GSE95752/GSE95752_C1_expression_data.tab.gz
GSE95752	C1_all_cells	DG13	mouse	dentate_gyrus	C1	cerebellar_identity	79	11	6	0.303797	0.027618	0.594937	0.0540852	0.0272371	0.0499347	External_Data/GEO/GSE95752/GSE95752_C1_expression_data.tab.gz
GSE95752	C1_all_cells	DG13	mouse	dentate_gyrus	C1	dentate_identity	79	8	8	1.89873	0.237342	5.82278	0.727848	0.292349	0.292349	External_Data/GEO/GSE95752/GSE95752_C1_expression_data.tab.gz
GSE95752	C1_all_cells	DG13	mouse	dentate_gyrus	C1	metabolic_proteomic_validation	79	8	7	4.8481	0.606013	22.6456	2.8307	0.910031	1.04004	External_Data/GEO/GSE95752/GSE95752_C1_expression_data.tab.gz
GSE95752	C1_all_cells	DG13	mouse	dentate_gyrus	C1	morphogenesis_cytoskeleton	79	12	12	4.64557	0.387131	15.2785	1.27321	0.49415	0.49415	External_Data/GEO/GSE95752/GSE95752_C1_expression_data.tab.gz
GSE95752	C1_all_cells	DG13	mouse	dentate_gyrus	C1	shared_granule_neuronal	79	13	13	4.55696	0.350536	16.1392	1.24148	0.452168	0.452168	External_Data/GEO/GSE95752/GSE95752_C1_expression_data.tab.gz
GSE95752	C1_all_cells	DG14	mouse	dentate_gyrus	C1	axon_guidance_synapse	59	15	15	3.79661	0.253107	11.4237	0.761582	0.29789	0.29789	External_Data/GEO/GSE95752/GSE95752_C1_expression_data.tab.gz
GSE95752	C1_all_cells	DG14	mouse	dentate_gyrus	C1	cerebellar_identity	59	11	6	0.20339	0.01849	0.389831	0.0354391	0.0185194	0.0339522	External_Data/GEO/GSE95752/GSE95752_C1_expression_data.tab.gz
GSE95752	C1_all_cells	DG14	mouse	dentate_gyrus	C1	dentate_identity	59	8	8	2.22034	0.277542	8.69492	1.08686	0.384495	0.384495	External_Data/GEO/GSE95752/GSE95752_C1_expression_data.tab.gz
GSE95752	C1_all_cells	DG14	mouse	dentate_gyrus	C1	metabolic_proteomic_validation	59	8	7	5.08475	0.635593	26.2203	3.27754	1.01233	1.15695	External_Data/GEO/GSE95752/GSE95752_C1_expression_data.tab.gz
GSE95752	C1_all_cells	DG14	mouse	dentate_gyrus	C1	morphogenesis_cytoskeleton	59	12	12	4.9322	0.411017	17.5424	1.46186	0.540637	0.540637	External_Data/GEO/GSE95752/GSE95752_C1_expression_data.tab.gz
GSE95752	C1_all_cells	DG14	mouse	dentate_gyrus	C1	shared_granule_neuronal	59	13	13	5.22034	0.401565	18.9661	1.45893	0.52246	0.52246	External_Data/GEO/GSE95752/GSE95752_C1_expression_data.tab.gz
GSE95752	C1_all_cells	DG15	mouse	dentate_gyrus	C1	axon_guidance_synapse	132	15	15	3.94697	0.263131	11.7955	0.786364	0.309173	0.309173	External_Data/GEO/GSE95752/GSE95752_C1_expression_data.tab.gz
GSE95752	C1_all_cells	DG15	mouse	dentate_gyrus	C1	cerebellar_identity	132	11	6	0.219697	0.0199725	0.272727	0.0247934	0.0157986	0.028964	External_Data/GEO/GSE95752/GSE95752_C1_expression_data.tab.gz
GSE95752	C1_all_cells	DG15	mouse	dentate_gyrus	C1	dentate_identity	132	8	8	2.04545	0.255682	6.53788	0.817235	0.320451	0.320451	External_Data/GEO/GSE95752/GSE95752_C1_expression_data.tab.gz
GSE95752	C1_all_cells	DG15	mouse	dentate_gyrus	C1	metabolic_proteomic_validation	132	8	7	4.89394	0.611742	20.6591	2.58239	0.882241	1.00827	External_Data/GEO/GSE95752/GSE95752_C1_expression_data.tab.gz
GSE95752	C1_all_cells	DG15	mouse	dentate_gyrus	C1	morphogenesis_cytoskeleton	132	12	12	4.74242	0.395202	14.9242	1.24369	0.494542	0.494542	External_Data/GEO/GSE95752/GSE95752_C1_expression_data.tab.gz
GSE95752	C1_all_cells	DG15	mouse	dentate_gyrus	C1	shared_granule_neuronal	132	13	13	5	0.384615	18.5606	1.42774	0.494296	0.494296	External_Data/GEO/GSE95752/GSE95752_C1_expression_data.tab.gz
GSE95752	C1_all_cells	DG16	mouse	dentate_gyrus	C1	axon_guidance_synapse	53	15	15	3.35849	0.223899	9.67925	0.645283	0.268119	0.268119	External_Data/GEO/GSE95752/GSE95752_C1_expression_data.tab.gz
GSE95752	C1_all_cells	DG16	mouse	dentate_gyrus	C1	cerebellar_identity	53	11	6	0.0943396	0.00857633	0.207547	0.0188679	0.00940075	0.0172347	External_Data/GEO/GSE95752/GSE95752_C1_expression_data.tab.gz
GSE95752	C1_all_cells	DG16	mouse	dentate_gyrus	C1	dentate_identity	53	8	8	1.83019	0.228774	4.39623	0.549528	0.253609	0.253609	External_Data/GEO/GSE95752/GSE95752_C1_expression_data.tab.gz
GSE95752	C1_all_cells	DG16	mouse	dentate_gyrus	C1	metabolic_proteomic_validation	53	8	7	2.98113	0.372642	9.92453	1.24057	0.462115	0.528131	External_Data/GEO/GSE95752/GSE95752_C1_expression_data.tab.gz
GSE95752	C1_all_cells	DG16	mouse	dentate_gyrus	C1	morphogenesis_cytoskeleton	53	12	12	4.13208	0.34434	13.434	1.1195	0.442999	0.442999	External_Data/GEO/GSE95752/GSE95752_C1_expression_data.tab.gz
GSE95752	C1_all_cells	DG16	mouse	dentate_gyrus	C1	shared_granule_neuronal	53	13	13	4.73585	0.364296	18.2264	1.40203	0.482557	0.482557	External_Data/GEO/GSE95752/GSE95752_C1_expression_data.tab.gz
GSE95752	C1_all_cells	DG17	mouse	dentate_gyrus	C1	axon_guidance_synapse	155	15	15	2.12903	0.141935	6.34194	0.422796	0.170594	0.170594	External_Data/GEO/GSE95752/GSE95752_C1_expression_data.tab.gz
GSE95752	C1_all_cells	DG17	mouse	dentate_gyrus	C1	cerebellar_identity	155	11	6	0.283871	0.0258065	0.606452	0.055132	0.0263334	0.0482779	External_Data/GEO/GSE95752/GSE95752_C1_expression_data.tab.gz
GSE95752	C1_all_cells	DG17	mouse	dentate_gyrus	C1	dentate_identity	155	8	8	1.4129	0.176613	4.47742	0.559677	0.217226	0.217226	External_Data/GEO/GSE95752/GSE95752_C1_expression_data.tab.gz
GSE95752	C1_all_cells	DG17	mouse	dentate_gyrus	C1	metabolic_proteomic_validation	155	8	7	4.94194	0.617742	23.8839	2.98548	0.921557	1.05321	External_Data/GEO/GSE95752/GSE95752_C1_expression_data.tab.gz
GSE95752	C1_all_cells	DG17	mouse	dentate_gyrus	C1	morphogenesis_cytoskeleton	155	12	12	4.25161	0.354301	16.1097	1.34247	0.484447	0.484447	External_Data/GEO/GSE95752/GSE95752_C1_expression_data.tab.gz
GSE95752	C1_all_cells	DG17	mouse	dentate_gyrus	C1	shared_granule_neuronal	155	13	13	3.92903	0.302233	15.2452	1.1727	0.398929	0.398929	External_Data/GEO/GSE95752/GSE95752_C1_expression_data.tab.gz
GSE95752	C1_all_cells	DG18	mouse	dentate_gyrus	C1	axon_guidance_synapse	76	15	15	1.23684	0.0824561	2	0.133333	0.0744441	0.0744441	External_Data/GEO/GSE95752/GSE95752_C1_expression_data.tab.gz
GSE95752	C1_all_cells	DG18	mouse	dentate_gyrus	C1	cerebellar_identity	76	11	6	0.552632	0.0502392	0.697368	0.0633971	0.0400174	0.0733652	External_Data/GEO/GSE95752/GSE95752_C1_expression_data.tab.gz
GSE95752	C1_all_cells	DG18	mouse	dentate_gyrus	C1	dentate_identity	76	8	8	0.434211	0.0542763	0.684211	0.0855263	0.0483569	0.0483569	External_Data/GEO/GSE95752/GSE95752_C1_expression_data.tab.gz
GSE95752	C1_all_cells	DG18	mouse	dentate_gyrus	C1	metabolic_proteomic_validation	76	8	7	3.82895	0.478618	11.3553	1.41941	0.579843	0.662678	External_Data/GEO/GSE95752/GSE95752_C1_expression_data.tab.gz
GSE95752	C1_all_cells	DG18	mouse	dentate_gyrus	C1	morphogenesis_cytoskeleton	76	12	12	3.07895	0.256579	7.36842	0.614035	0.278298	0.278298	External_Data/GEO/GSE95752/GSE95752_C1_expression_data.tab.gz
GSE95752	C1_all_cells	DG18	mouse	dentate_gyrus	C1	shared_granule_neuronal	76	13	13	1.5	0.115385	2.40789	0.185223	0.104099	0.104099	External_Data/GEO/GSE95752/GSE95752_C1_expression_data.tab.gz
GSE95752	C1_all_cells	DG19	mouse	dentate_gyrus	C1	axon_guidance_synapse	87	15	15	1.94253	0.129502	4.36782	0.291188	0.137433	0.137433	External_Data/GEO/GSE95752/GSE95752_C1_expression_data.tab.gz
GSE95752	C1_all_cells	DG19	mouse	dentate_gyrus	C1	cerebellar_identity	87	11	6	0.505747	0.045977	1	0.0909091	0.045762	0.083897	External_Data/GEO/GSE95752/GSE95752_C1_expression_data.tab.gz
GSE95752	C1_all_cells	DG19	mouse	dentate_gyrus	C1	dentate_identity	87	8	8	0.528736	0.066092	1.14943	0.143678	0.069186	0.069186	External_Data/GEO/GSE95752/GSE95752_C1_expression_data.tab.gz
GSE95752	C1_all_cells	DG19	mouse	dentate_gyrus	C1	metabolic_proteomic_validation	87	8	7	3.7931	0.474138	16.3103	2.03879	0.693661	0.792755	External_Data/GEO/GSE95752/GSE95752_C1_expression_data.tab.gz
GSE95752	C1_all_cells	DG19	mouse	dentate_gyrus	C1	morphogenesis_cytoskeleton	87	12	12	4.05747	0.338123	15.6207	1.30172	0.466272	0.466272	External_Data/GEO/GSE95752/GSE95752_C1_expression_data.tab.gz
GSE95752	C1_all_cells	DG19	mouse	dentate_gyrus	C1	shared_granule_neuronal	87	13	13	2.12644	0.163572	5.54023	0.426172	0.182889	0.182889	External_Data/GEO/GSE95752/GSE95752_C1_expression_data.tab.gz
GSE95752	C1_all_cells	DG20	mouse	dentate_gyrus	C1	axon_guidance_synapse	129	15	15	5.78295	0.38553	21.031	1.40207	0.496195	0.496195	External_Data/GEO/GSE95752/GSE95752_C1_expression_data.tab.gz
GSE95752	C1_all_cells	DG20	mouse	dentate_gyrus	C1	cerebellar_identity	129	11	6	0.20155	0.0183228	0.294574	0.0267794	0.0154948	0.0284071	External_Data/GEO/GSE95752/GSE95752_C1_expression_data.tab.gz
GSE95752	C1_all_cells	DG20	mouse	dentate_gyrus	C1	dentate_identity	129	8	8	2.34109	0.292636	8.30233	1.03779	0.361511	0.361511	External_Data/GEO/GSE95752/GSE95752_C1_expression_data.tab.gz
GSE95752	C1_all_cells	DG20	mouse	dentate_gyrus	C1	metabolic_proteomic_validation	129	8	7	5.97674	0.747093	42.1163	5.26453	1.34243	1.53421	External_Data/GEO/GSE95752/GSE95752_C1_expression_data.tab.gz
GSE95752	C1_all_cells	DG20	mouse	dentate_gyrus	C1	morphogenesis_cytoskeleton	129	12	12	9.68217	0.806848	124.302	10.3585	1.67009	1.67009	External_Data/GEO/GSE95752/GSE95752_C1_expression_data.tab.gz
GSE95752	C1_all_cells	DG20	mouse	dentate_gyrus	C1	shared_granule_neuronal	129	13	13	7.20155	0.553965	46.9147	3.60883	0.87852	0.87852	External_Data/GEO/GSE95752/GSE95752_C1_expression_data.tab.gz
GSE95752	C1_all_cells	DG21	mouse	dentate_gyrus	C1	axon_guidance_synapse	136	15	15	4.55882	0.303922	13.6103	0.907353	0.36031	0.36031	External_Data/GEO/GSE95752/GSE95752_C1_expression_data.tab.gz
GSE95752	C1_all_cells	DG21	mouse	dentate_gyrus	C1	cerebellar_identity	136	11	6	0.257353	0.0233957	0.308824	0.0280749	0.0179564	0.0329201	External_Data/GEO/GSE95752/GSE95752_C1_expression_data.tab.gz
GSE95752	C1_all_cells	DG21	mouse	dentate_gyrus	C1	dentate_identity	136	8	8	2.17647	0.272059	9.73529	1.21691	0.384512	0.384512	External_Data/GEO/GSE95752/GSE95752_C1_expression_data.tab.gz
GSE95752	C1_all_cells	DG21	mouse	dentate_gyrus	C1	metabolic_proteomic_validation	136	8	7	5.83824	0.729779	39.2279	4.90349	1.2906	1.47497	External_Data/GEO/GSE95752/GSE95752_C1_expression_data.tab.gz
GSE95752	C1_all_cells	DG21	mouse	dentate_gyrus	C1	morphogenesis_cytoskeleton	136	12	12	7.41176	0.617647	57.6324	4.8027	1.11291	1.11291	External_Data/GEO/GSE95752/GSE95752_C1_expression_data.tab.gz
GSE95752	C1_all_cells	DG21	mouse	dentate_gyrus	C1	shared_granule_neuronal	136	13	13	5.80147	0.446267	25	1.92308	0.625415	0.625415	External_Data/GEO/GSE95752/GSE95752_C1_expression_data.tab.gz
GSE95752	C1_all_cells	DG22	mouse	dentate_gyrus	C1	axon_guidance_synapse	119	15	15	5.69748	0.379832	19.4118	1.29412	0.482085	0.482085	External_Data/GEO/GSE95752/GSE95752_C1_expression_data.tab.gz
GSE95752	C1_all_cells	DG22	mouse	dentate_gyrus	C1	cerebellar_identity	119	11	6	0.285714	0.025974	0.529412	0.0481283	0.024373	0.0446838	External_Data/GEO/GSE95752/GSE95752_C1_expression_data.tab.gz
GSE95752	C1_all_cells	DG22	mouse	dentate_gyrus	C1	dentate_identity	119	8	8	3.01681	0.377101	16.2857	2.03571	0.571073	0.571073	External_Data/GEO/GSE95752/GSE95752_C1_expression_data.tab.gz
GSE95752	C1_all_cells	DG22	mouse	dentate_gyrus	C1	metabolic_proteomic_validation	119	8	7	6.15966	0.769958	46.0168	5.7521	1.44009	1.64582	External_Data/GEO/GSE95752/GSE95752_C1_expression_data.tab.gz
GSE95752	C1_all_cells	DG22	mouse	dentate_gyrus	C1	morphogenesis_cytoskeleton	119	12	12	8.7563	0.729692	80.7311	6.72759	1.43267	1.43267	External_Data/GEO/GSE95752/GSE95752_C1_expression_data.tab.gz
GSE95752	C1_all_cells	DG22	mouse	dentate_gyrus	C1	shared_granule_neuronal	119	13	13	7.30252	0.561732	36.0924	2.77634	0.84546	0.84546	External_Data/GEO/GSE95752/GSE95752_C1_expression_data.tab.gz
GSE95752	C1_all_cells	DG23	mouse	dentate_gyrus	C1	axon_guidance_synapse	120	15	15	4.33333	0.288889	13.0833	0.872222	0.344284	0.344284	External_Data/GEO/GSE95752/GSE95752_C1_expression_data.tab.gz
GSE95752	C1_all_cells	DG23	mouse	dentate_gyrus	C1	cerebellar_identity	120	11	6	0.258333	0.0234848	0.433333	0.0393939	0.0223721	0.0410156	External_Data/GEO/GSE95752/GSE95752_C1_expression_data.tab.gz
GSE95752	C1_all_cells	DG23	mouse	dentate_gyrus	C1	dentate_identity	120	8	8	2	0.25	9.48333	1.18542	0.357117	0.357117	External_Data/GEO/GSE95752/GSE95752_C1_expression_data.tab.gz
GSE95752	C1_all_cells	DG23	mouse	dentate_gyrus	C1	metabolic_proteomic_validation	120	8	7	5.78333	0.722917	38.3083	4.78854	1.26258	1.44295	External_Data/GEO/GSE95752/GSE95752_C1_expression_data.tab.gz
GSE95752	C1_all_cells	DG23	mouse	dentate_gyrus	C1	morphogenesis_cytoskeleton	120	12	12	6.725	0.560417	45.2083	3.76736	0.966375	0.966375	External_Data/GEO/GSE95752/GSE95752_C1_expression_data.tab.gz
GSE95752	C1_all_cells	DG23	mouse	dentate_gyrus	C1	shared_granule_neuronal	120	13	13	5.65	0.434615	23.1667	1.78205	0.602459	0.602459	External_Data/GEO/GSE95752/GSE95752_C1_expression_data.tab.gz
GSE95752	C1_all_cells	DG24	mouse	dentate_gyrus	C1	axon_guidance_synapse	132	15	15	5.43939	0.362626	19.197	1.2798	0.467137	0.467137	External_Data/GEO/GSE95752/GSE95752_C1_expression_data.tab.gz
GSE95752	C1_all_cells	DG24	mouse	dentate_gyrus	C1	cerebellar_identity	132	11	6	0.159091	0.0144628	0.287879	0.0261708	0.0138697	0.0254277	External_Data/GEO/GSE95752/GSE95752_C1_expression_data.tab.gz
GSE95752	C1_all_cells	DG24	mouse	dentate_gyrus	C1	dentate_identity	132	8	8	2.74242	0.342803	12.3409	1.54261	0.490927	0.490927	External_Data/GEO/GSE95752/GSE95752_C1_expression_data.tab.gz
GSE95752	C1_all_cells	DG24	mouse	dentate_gyrus	C1	metabolic_proteomic_validation	132	8	7	5.87121	0.733902	37.9545	4.74432	1.28749	1.47142	External_Data/GEO/GSE95752/GSE95752_C1_expression_data.tab.gz
GSE95752	C1_all_cells	DG24	mouse	dentate_gyrus	C1	morphogenesis_cytoskeleton	132	12	12	8.03788	0.669823	57.053	4.75442	1.16503	1.16503	External_Data/GEO/GSE95752/GSE95752_C1_expression_data.tab.gz
GSE95752	C1_all_cells	DG24	mouse	dentate_gyrus	C1	shared_granule_neuronal	132	13	13	7.15152	0.550117	36.0152	2.7704	0.810674	0.810674	External_Data/GEO/GSE95752/GSE95752_C1_expression_data.tab.gz
GSE95752	C1_all_cells	DG25	mouse	dentate_gyrus	C1	axon_guidance_synapse	94	15	15	5.38298	0.358865	20.5745	1.37163	0.475762	0.475762	External_Data/GEO/GSE95752/GSE95752_C1_expression_data.tab.gz
GSE95752	C1_all_cells	DG25	mouse	dentate_gyrus	C1	cerebellar_identity	94	11	6	0.244681	0.0222437	0.37234	0.0338491	0.0194294	0.0356205	External_Data/GEO/GSE95752/GSE95752_C1_expression_data.tab.gz
GSE95752	C1_all_cells	DG25	mouse	dentate_gyrus	C1	dentate_identity	94	8	8	3.10638	0.388298	15.3191	1.91489	0.582682	0.582682	External_Data/GEO/GSE95752/GSE95752_C1_expression_data.tab.gz
GSE95752	C1_all_cells	DG25	mouse	dentate_gyrus	C1	metabolic_proteomic_validation	94	8	7	6.14894	0.768617	47.117	5.88963	1.45315	1.66075	External_Data/GEO/GSE95752/GSE95752_C1_expression_data.tab.gz
GSE95752	C1_all_cells	DG25	mouse	dentate_gyrus	C1	morphogenesis_cytoskeleton	94	12	12	7.47872	0.623227	56.5	4.70833	1.1336	1.1336	External_Data/GEO/GSE95752/GSE95752_C1_expression_data.tab.gz
GSE95752	C1_all_cells	DG25	mouse	dentate_gyrus	C1	shared_granule_neuronal	94	13	13	7.2234	0.555646	38.4149	2.95499	0.851482	0.851482	External_Data/GEO/GSE95752/GSE95752_C1_expression_data.tab.gz
