dataset	sample	group	region	platform	species	analysis_class	n_cells_or_spots	n_high_confidence	n_medium_confidence	n_reference_confidence	dentate_identity_mean	dentate_identity_median	dentate_identity_q25	dentate_identity_q75	cerebellar_identity_mean	cerebellar_identity_median	cerebellar_identity_q25	cerebellar_identity_q75	identity_contrast_mean	identity_contrast_median	identity_contrast_q25	identity_contrast_q75	shared_granule_neuronal_mean	shared_granule_neuronal_median	shared_granule_neuronal_q25	shared_granule_neuronal_q75	morphogenesis_cytoskeleton_mean	morphogenesis_cytoskeleton_median	morphogenesis_cytoskeleton_q25	morphogenesis_cytoskeleton_q75	axon_guidance_synapse_mean	axon_guidance_synapse_median	axon_guidance_synapse_q25	axon_guidance_synapse_q75	structural_program_mean_mean	structural_program_mean_median	structural_program_mean_q25	structural_program_mean_q75	dentate_rank_mean	dentate_rank_median	dentate_rank_q25	dentate_rank_q75	cerebellar_rank_mean	cerebellar_rank_median	cerebellar_rank_q25	cerebellar_rank_q75	shared_rank_mean	shared_rank_median	shared_rank_q25	shared_rank_q75	structural_rank_mean	structural_rank_median	structural_rank_q25	structural_rank_q75	unit_id
GSE104323	10X_all_cells	Astro-adult	dentate_gyrus	10x	mouse	known_non_dentate_reference	1232	0	0	1232	0.0192366	0	0	0	0.0416289	0.0630134	0	0.0630134	-0.0223923	0	-0.0630134	0	0.06355	0.053319	0	0.106638	0.151325	0.149313	0.091551	0.207076	0.026611	0	0	0.0462098	0.0804954	0.0741846	0.0524304	0.103683	0.193947	0.144449	0.144449	0.144449	0.640193	0.844676	0.387761	0.844676	0.1448	0.131776	0.0438081	0.221274	0.0868261	0.0705396	0.0334505	0.122369	GSE104323|10X_all_cells|Astro-adult|known_non_dentate_reference
GSE104323	10X_all_cells	Astro-juv	dentate_gyrus	10x	mouse	known_non_dentate_reference	821	0	0	821	0.0262881	0	0	0.0866434	0.0607198	0.0630134	0	0.0998738	-0.0344317	-0.0393836	-0.0762436	0	0.0796128	0.053319	0.053319	0.106638	0.169113	0.149313	0.091551	0.231049	0.0406432	0.0462098	0	0.0462098	0.0964564	0.0894576	0.0613235	0.123825	0.212265	0.144449	0.144449	0.376949	0.7086	0.844676	0.387761	0.931755	0.168725	0.131776	0.131776	0.221274	0.114666	0.0962373	0.0471367	0.159851	GSE104323|10X_all_cells|Astro-juv|known_non_dentate_reference
GSE104323	10X_all_cells	CA3-Pyr	dentate_gyrus	10x	mouse	known_non_dentate_reference	532	0	0	532	0.16264	0.0866434	0	0.22397	0.0319054	0	0	0.0630134	0.130734	0.0866434	0	0.187669	0.893268	0.847612	0.531979	1.22751	0.952948	0.907034	0.563464	1.3221	0.37461	0.323469	0.16566	0.543704	0.740276	0.694126	0.437227	1.01838	0.448855	0.376949	0.144449	0.645338	0.566518	0.387761	0.387761	0.844676	0.830199	0.915578	0.69907	0.982055	0.746871	0.783853	0.602656	0.914958	GSE104323|10X_all_cells|CA3-Pyr|known_non_dentate_reference
GSE104323	10X_all_cells	Cajal-Retzius	dentate_gyrus	10x	mouse	known_non_dentate_reference	535	0	0	535	0.182798	0.173287	0.0866434	0.274653	0.0746986	0.0630134	0	0.126027	0.108099	0.0866434	0	0.207297	0.412484	0.394151	0.244466	0.537286	1.10824	1.15771	0.721372	1.42119	0.118926	0.0924196	0.0462098	0.16566	0.54655	0.550316	0.368257	0.691558	0.514011	0.563386	0.376949	0.723051	0.746742	0.844676	0.387761	0.962125	0.540046	0.545876	0.379078	0.703349	0.638395	0.69233	0.547343	0.782034	GSE104323|10X_all_cells|Cajal-Retzius|known_non_dentate_reference
GSE104323	10X_all_cells	Endothelial	dentate_gyrus	10x	mouse	known_non_dentate_reference	543	0	0	543	0.0315974	0	0	0	0.0381857	0	0	0.0630134	-0.00658829	0	-0.0630134	0	0.0523414	0	0	0.053319	0.199857	0.173287	0.115525	0.264838	0.0844214	0.0732408	0.0462098	0.124589	0.112207	0.0885689	0.0539116	0.142989	0.212633	0.144449	0.144449	0.144449	0.593091	0.387761	0.387761	0.844676	0.12142	0.0438081	0.0438081	0.131776	0.143088	0.0951623	0.0362208	0.199235	GSE104323|10X_all_cells|Endothelial|known_non_dentate_reference
GSE104323	10X_all_cells	Ependymal	dentate_gyrus	10x	mouse	known_non_dentate_reference	182	0	0	182	0.0765838	0.0866434	0	0.0866434	0.0381366	0	0	0.0630134	0.0384473	0	0	0.0866434	0.116297	0.0845086	0.053319	0.159957	0.323539	0.264838	0.149313	0.380362	0.0804577	0.0462098	0	0.119451	0.173431	0.136859	0.0812537	0.195405	0.326202	0.376949	0.144449	0.376949	0.581665	0.387761	0.387761	0.844676	0.211171	0.185921	0.131776	0.289229	0.228059	0.185818	0.0817087	0.305164	GSE104323|10X_all_cells|Ependymal|known_non_dentate_reference
GSE104323	10X_all_cells	GABA	dentate_gyrus	10x	mouse	known_non_dentate_reference	209	0	0	209	0.0954205	0.0866434	0	0.137327	0.00608122	0	0	0	0.0893393	0.0866434	0	0.137327	0.532917	0.512253	0.351104	0.700383	0.827601	0.783386	0.505702	1.08673	0.144203	0.119451	0.0462098	0.21187	0.501574	0.46136	0.319938	0.678804	0.352778	0.376949	0.144449	0.493488	0.423897	0.387761	0.387761	0.387761	0.653541	0.677445	0.496299	0.843891	0.610723	0.621997	0.502088	0.775233	GSE104323|10X_all_cells|GABA|known_non_dentate_reference
GSE104323	10X_all_cells	GC-adult	dentate_gyrus	10x	mouse	dentate_candidate	2613	0	0	2613	0.271295	0.25993	0.173287	0.361296	0.00344077	0	0	0	0.267854	0.25993	0.173287	0.361296	0.296177	0.28376	0.213276	0.382293	0.2825	0.264838	0.191882	0.356389	0.103228	0.0924196	0.0462098	0.138629	0.227302	0.217169	0.167891	0.272775	0.667992	0.697209	0.563386	0.815919	0.411899	0.387761	0.387761	0.387761	0.435144	0.423982	0.346682	0.531197	0.34802	0.348894	0.249576	0.443002	GSE104323|10X_all_cells|GC-adult|dentate_candidate
GSE104323	10X_all_cells	GC-juv	dentate_gyrus	10x	mouse	dentate_candidate	3420	0	0	3420	0.414111	0.397257	0.25993	0.547753	0.00692086	0	0	0	0.40719	0.397257	0.25993	0.534583	0.43787	0.413483	0.297785	0.56438	0.391478	0.371173	0.240864	0.51986	0.16967	0.16566	0.0924196	0.231049	0.333006	0.306486	0.224888	0.430909	0.797866	0.845421	0.697209	0.932975	0.435039	0.387761	0.387761	0.387761	0.579989	0.566508	0.436944	0.731466	0.477046	0.486355	0.363412	0.597581	GSE104323|10X_all_cells|GC-juv|dentate_candidate
GSE104323	10X_all_cells	Immature-Astro	dentate_gyrus	10x	mouse	known_non_dentate_reference	651	0	0	651	0.0472608	0	0	0.0866434	0.0244817	0	0	0.0630134	0.0227792	0	0	0.0866434	0.116313	0.106638	0.053319	0.159957	0.388935	0.365169	0.283433	0.46805	0.0834644	0.0732408	0.0462098	0.119451	0.196237	0.178625	0.139229	0.226505	0.255358	0.144449	0.144449	0.376949	0.527076	0.387761	0.387761	0.844676	0.216815	0.221274	0.131776	0.289229	0.289333	0.270395	0.191172	0.366674	GSE104323|10X_all_cells|Immature-Astro|known_non_dentate_reference
GSE104323	10X_all_cells	Immature-GABA	dentate_gyrus	10x	mouse	known_non_dentate_reference	1024	0	0	1024	0.136021	0.0866434	0	0.22397	0.0133036	0	0	0	0.122718	0.0866434	0	0.20118	0.55382	0.52162	0.372022	0.702084	1.51093	1.46823	1.1413	1.8516	0.175241	0.138629	0.0924196	0.238901	0.746663	0.708471	0.546886	0.913431	0.43442	0.376949	0.144449	0.645338	0.458057	0.387761	0.387761	0.387761	0.677739	0.688402	0.51809	0.845028	0.780868	0.791917	0.69019	0.883668	GSE104323|10X_all_cells|Immature-GABA|known_non_dentate_reference
GSE104323	10X_all_cells	Immature-GC	dentate_gyrus	10x	mouse	dentate_candidate	2419	0	0	2419	0.356724	0.310613	0.187233	0.4839	0.00325864	0	0	0	0.353465	0.310613	0.173287	0.4839	0.511198	0.500789	0.362961	0.640358	0.907314	0.896563	0.621227	1.16768	0.281727	0.272956	0.16566	0.377531	0.566746	0.556597	0.413438	0.715866	0.72652	0.761732	0.587089	0.904631	0.410167	0.387761	0.387761	0.387761	0.643535	0.66504	0.510172	0.801954	0.667199	0.697333	0.584639	0.795886	GSE104323|10X_all_cells|Immature-GC|dentate_candidate
GSE104323	10X_all_cells	Immature-Pyr	dentate_gyrus	10x	mouse	known_non_dentate_reference	4520	0	0	4520	0.13047	0.0866434	0	0.173287	0.0144516	0	0	0	0.116018	0.0866434	0	0.173287	0.731066	0.684174	0.537286	0.883425	1.7106	1.66221	1.31881	2.10764	0.375411	0.346197	0.238901	0.484827	0.939026	0.891676	0.705414	1.14337	0.432459	0.376949	0.144449	0.563386	0.47209	0.387761	0.387761	0.387761	0.801202	0.833223	0.703349	0.927248	0.858938	0.87546	0.790097	0.943322	GSE104323|10X_all_cells|Immature-Pyr|known_non_dentate_reference
GSE104323	10X_all_cells	MOL	dentate_gyrus	10x	mouse	known_non_dentate_reference	704	0	0	704	0.0820217	0.0866434	0	0.137327	0.0700803	0.0630134	0	0.126027	0.0119414	0	-0.0630134	0.0866434	0.0805022	0.053319	0	0.106638	0.458131	0.441526	0.3226	0.58509	0.0594221	0.0462098	0	0.0924196	0.199352	0.185345	0.131914	0.257222	0.334714	0.376949	0.144449	0.493488	0.73415	0.844676	0.387761	0.962125	0.162314	0.131776	0.0438081	0.221274	0.297401	0.284887	0.176809	0.41916	GSE104323|10X_all_cells|MOL|known_non_dentate_reference
GSE104323	10X_all_cells	MiCajal-Retziusoglia	dentate_gyrus	10x	mouse	known_non_dentate_reference	428	0	0	428	0.0255727	0	0	0	0.0106143	0	0	0	0.0149583	0	0	0	0.046442	0	0	0.053319	0.210984	0.183102	0.115525	0.288811	0.0349633	0	0	0.0462098	0.0974632	0.0862024	0.0562813	0.125515	0.208842	0.144449	0.144449	0.144449	0.459248	0.387761	0.387761	0.387761	0.115875	0.0438081	0.0438081	0.131776	0.117758	0.0899008	0.0411619	0.16306	GSE104323|10X_all_cells|MiCajal-Retziusoglia|known_non_dentate_reference
GSE104323	10X_all_cells	NFOL	dentate_gyrus	10x	mouse	known_non_dentate_reference	232	0	0	232	0.0443427	0	0	0.0866434	0.00217288	0	0	0	0.0421698	0	0	0.0866434	0.0801798	0.053319	0	0.106638	0.441117	0.421876	0.305212	0.546692	0.04886	0.0462098	0	0.0732408	0.190052	0.175795	0.131522	0.230758	0.25355	0.144449	0.144449	0.376949	0.403517	0.387761	0.387761	0.387761	0.167766	0.131776	0.0438081	0.221274	0.281253	0.265236	0.175382	0.374333	GSE104323|10X_all_cells|NFOL|known_non_dentate_reference
GSE104323	10X_all_cells	Neuroblast	dentate_gyrus	10x	mouse	dentate_candidate	1381	0	0	1381	0.239885	0.22397	0.0866434	0.346574	0.014018	0	0	0	0.225867	0.22397	0.0866434	0.338506	0.434255	0.435612	0.297785	0.557248	0.592818	0.563464	0.432746	0.736751	0.148473	0.138629	0.0924196	0.199715	0.391848	0.385823	0.296418	0.477211	0.608865	0.645338	0.376949	0.800579	0.474061	0.387761	0.387761	0.387761	0.578179	0.590076	0.436944	0.723837	0.542954	0.562001	0.473661	0.635022	GSE104323|10X_all_cells|Neuroblast|dentate_candidate
GSE104323	10X_all_cells	OPC	dentate_gyrus	10x	mouse	known_non_dentate_reference	794	0	0	794	0.0633041	0	0	0.0866434	0.0202587	0	0	0.0630134	0.0430454	0	0	0.0866434	0.0992124	0.053319	0	0.137828	0.407203	0.356389	0.240864	0.505702	0.0496206	0.0462098	0	0.0462098	0.185345	0.157153	0.107533	0.223801	0.292901	0.144449	0.144449	0.376949	0.520906	0.387761	0.387761	0.844676	0.189419	0.131776	0.0438081	0.261216	0.259566	0.227207	0.129357	0.36164	GSE104323|10X_all_cells|OPC|known_non_dentate_reference
GSE104323	10X_all_cells	PVM	dentate_gyrus	10x	mouse	known_non_dentate_reference	79	0	0	79	0.0166376	0	0	0	0.02566	0	0	0.0630134	-0.00902231	0	-0.0630134	0	0.0426989	0	0	0.053319	0.17373	0.149313	0.091551	0.235957	0.0831869	0.0924196	0.0462098	0.107296	0.0998719	0.080472	0.0629219	0.126105	0.181013	0.144449	0.144449	0.144449	0.564964	0.387761	0.387761	0.844676	0.108104	0.0438081	0.0438081	0.131776	0.119501	0.0798429	0.0485838	0.16503	GSE104323|10X_all_cells|PVM|known_non_dentate_reference
GSE104323	10X_all_cells	RGL	dentate_gyrus	10x	mouse	known_non_dentate_reference	199	0	0	199	0.0460052	0	0	0.0866434	0.0104256	0	0	0	0.0355796	0	0	0.0866434	0.0806812	0.053319	0	0.106638	0.21813	0.207076	0.149313	0.286122	0.0439712	0.0462098	0	0.0462098	0.114261	0.104571	0.07486	0.144936	0.259323	0.144449	0.144449	0.376949	0.457125	0.387761	0.387761	0.387761	0.16941	0.131776	0.0438081	0.221274	0.145788	0.12423	0.0715009	0.202709	GSE104323|10X_all_cells|RGL|known_non_dentate_reference
GSE104323	10X_all_cells	RGL_young	dentate_gyrus	10x	mouse	known_non_dentate_reference	686	0	0	686	0.0728941	0.0866434	0	0.0866434	0.0259987	0	0	0.0630134	0.0468954	0	0	0.0866434	0.126406	0.106638	0.053319	0.159957	0.350967	0.3226	0.231049	0.414151	0.0977644	0.0924196	0.0462098	0.138629	0.191712	0.163035	0.126787	0.21655	0.317465	0.376949	0.144449	0.376949	0.535341	0.387761	0.387761	0.844676	0.228927	0.221274	0.131776	0.289229	0.272616	0.24021	0.166632	0.347783	GSE104323|10X_all_cells|RGL_young|known_non_dentate_reference
GSE104323	10X_all_cells	VLMC	dentate_gyrus	10x	mouse	known_non_dentate_reference	160	0	0	160	0.0473992	0	0	0.0866434	0.132859	0.126027	0.0630134	0.18904	-0.0854599	-0.0998738	-0.155675	-0.0579057	0.0773389	0.053319	0	0.053319	0.286917	0.22836	0.149313	0.336883	0.0969647	0.0732408	0.0462098	0.138629	0.15374	0.107533	0.0690253	0.166413	0.253189	0.144449	0.144449	0.376949	0.906842	0.962125	0.844676	0.992061	0.150636	0.131776	0.0438081	0.131776	0.196128	0.129357	0.0600786	0.246827	GSE104323|10X_all_cells|VLMC|known_non_dentate_reference
GSE104323	10X_all_cells	nIPC	dentate_gyrus	10x	mouse	known_non_dentate_reference	353	0	0	353	0.167328	0.173287	0.0866434	0.22397	0.0400688	0	0	0.0630134	0.127259	0.110274	0.02363	0.184586	0.345126	0.297785	0.191147	0.452777	0.577069	0.51986	0.365169	0.738469	0.150824	0.119451	0.0462098	0.21187	0.357673	0.322437	0.231033	0.441921	0.503101	0.563386	0.376949	0.645338	0.602869	0.387761	0.387761	0.844676	0.472914	0.436944	0.323279	0.608848	0.487327	0.504321	0.37422	0.60674	GSE104323|10X_all_cells|nIPC|known_non_dentate_reference
GSE104323	10X_all_cells	nIPC-perin	dentate_gyrus	10x	mouse	known_non_dentate_reference	468	0	0	468	0.0842742	0.0866434	0	0.137327	0.0340269	0	0	0.0630134	0.0502473	0.02363	0	0.0866434	0.161212	0.137828	0.0845086	0.209553	0.460798	0.424964	0.3226	0.563464	0.112879	0.0924196	0.0462098	0.156545	0.244963	0.225125	0.172455	0.289519	0.343982	0.376949	0.144449	0.493488	0.569949	0.387761	0.387761	0.844676	0.274922	0.261216	0.185921	0.339286	0.365738	0.363696	0.258998	0.46474	GSE104323|10X_all_cells|nIPC-perin|known_non_dentate_reference
GSE122357	GSM3464549_P0	all	cerebellum	single_cell_RNA_seq	mouse	cerebellar_candidate	2678	1814	864	0	0.116435	0.0866434	0.0866434	0.173287	0.464339	0.443891	0.388788	0.518526	-0.347904	-0.346282	-0.417979	-0.265284	0.808778	0.821046	0.595569	0.991754	1.24855	1.26526	0.918995	1.56237	0.079572	0.0732408	0.0462098	0.119451	0.712299	0.725125	0.533088	0.875352	0.58946	0.502009	0.502009	0.837373	0.773491	0.773969	0.671465	0.884708	0.711299	0.734668	0.545327	0.881427	0.700863	0.734132	0.530329	0.880926	GSE122357|GSM3464549_P0|all|cerebellar_candidate
GSE122357	GSM3464549_P0	all	cerebellum	single_cell_RNA_seq	mouse	cerebellum_warning	353	0	0	0	0.230138	0.20118	0.173287	0.25993	0.129404	0.126027	0.0630134	0.18904	0.100733	0.0734132	0.034029	0.137327	0.468082	0.444673	0.222336	0.666053	0.924961	0.873902	0.526129	1.24889	0.107172	0.0732408	0.0462098	0.138629	0.500072	0.484627	0.279114	0.666333	0.878502	0.90004	0.837373	0.962306	0.172864	0.134373	0.0636717	0.248728	0.423678	0.422938	0.206213	0.605383	0.474828	0.482726	0.240627	0.673005	GSE122357|GSM3464549_P0|all|cerebellum_warning
GSE122357	GSM3464549_P0	all	cerebellum	single_cell_RNA_seq	mouse	other_or_ambiguous	4437	0	0	0	0.0638695	0.0866434	0	0.0866434	0.23944	0.225901	0.162887	0.3092	-0.17557	-0.162887	-0.239914	-0.0762436	0.419535	0.326807	0.191147	0.643924	0.755963	0.648602	0.423966	1.04672	0.0621542	0.0462098	0	0.0924196	0.412551	0.34069	0.227661	0.58392	0.416006	0.502009	0.175951	0.502009	0.36107	0.321706	0.197442	0.497456	0.378653	0.315613	0.166176	0.585699	0.380882	0.326593	0.157271	0.585163	GSE122357|GSM3464549_P0|all|other_or_ambiguous
GSE122357	GSM3464550_P8a	all	cerebellum	single_cell_RNA_seq	mouse	cerebellar_candidate	2082	1323	759	0	0.1225	0.137327	0.0866434	0.173287	0.504959	0.477954	0.414941	0.571961	-0.382458	-0.373256	-0.46396	-0.288321	0.802982	0.77408	0.595569	0.979113	1.22005	1.1912	0.940406	1.47805	0.0638577	0.0462098	0	0.0924196	0.695629	0.679104	0.530395	0.839188	0.576924	0.680273	0.466163	0.802234	0.776357	0.778006	0.662533	0.891672	0.702926	0.720475	0.529977	0.880872	0.684967	0.70951	0.508007	0.878737	GSE122357|GSM3464550_P8a|all|cerebellar_candidate
GSE122357	GSM3464550_P8a	all	cerebellum	single_cell_RNA_seq	mouse	cerebellum_warning	319	0	0	0	0.359079	0.25993	0.20118	0.426794	0.123237	0.126027	0.0630134	0.18904	0.235842	0.110274	0.04726	0.32456	0.541131	0.537286	0.297785	0.728433	1.12635	1.04416	0.736486	1.37375	0.176086	0.0924196	0.0462098	0.277259	0.614522	0.566509	0.397539	0.739293	0.918605	0.943331	0.871797	0.98649	0.147188	0.120072	0.0665243	0.210825	0.464747	0.465999	0.209593	0.675756	0.545481	0.558804	0.297799	0.78047	GSE122357|GSM3464550_P8a|all|cerebellum_warning
GSE122357	GSM3464550_P8a	all	cerebellum	single_cell_RNA_seq	mouse	other_or_ambiguous	3687	0	0	0	0.0728994	0.0866434	0	0.137327	0.266725	0.262761	0.176901	0.335353	-0.193826	-0.176118	-0.273305	-0.088574	0.460262	0.404423	0.244466	0.671614	0.856388	0.807731	0.581711	1.11704	0.0536334	0.0462098	0	0.0924196	0.456761	0.423007	0.301065	0.608768	0.42048	0.466163	0.158344	0.680273	0.374606	0.350197	0.190375	0.499671	0.388596	0.320795	0.157769	0.614693	0.391752	0.338863	0.157441	0.616705	GSE122357|GSM3464550_P8a|all|other_or_ambiguous
GSE122357	GSM3464551_P8b	all	cerebellum	single_cell_RNA_seq	mouse	cerebellar_candidate	2697	1679	1018	0	0.113986	0.0866434	0.0866434	0.173287	0.459636	0.435227	0.37808	0.514815	-0.345651	-0.342311	-0.418652	-0.265284	0.679739	0.642195	0.482238	0.842532	1.07022	1.03116	0.784915	1.31156	0.0578806	0.0462098	0	0.0924196	0.602612	0.579724	0.44272	0.734959	0.573342	0.494491	0.494491	0.829089	0.772352	0.770874	0.657689	0.885529	0.69462	0.702253	0.516283	0.878061	0.67772	0.700784	0.499143	0.874388	GSE122357|GSM3464551_P8b|all|cerebellar_candidate
GSE122357	GSM3464551_P8b	all	cerebellum	single_cell_RNA_seq	mouse	cerebellum_warning	499	0	0	0	0.276162	0.22397	0.173287	0.287823	0.128025	0.126027	0.0630134	0.162887	0.148137	0.0734132	0.034029	0.160957	0.452308	0.464635	0.217806	0.642841	0.919643	0.862348	0.615848	1.16617	0.109197	0.0462098	0	0.138629	0.493716	0.465847	0.315736	0.613221	0.886777	0.923727	0.829089	0.972331	0.14904	0.120593	0.0581538	0.179114	0.46192	0.493022	0.176787	0.702987	0.514407	0.535994	0.259182	0.741308	GSE122357|GSM3464551_P8b|all|cerebellum_warning
GSE122357	GSM3464551_P8b	all	cerebellum	single_cell_RNA_seq	mouse	other_or_ambiguous	4972	0	0	0	0.0673835	0.0866434	0	0.0866434	0.25709	0.252054	0.162887	0.315067	-0.189707	-0.176118	-0.272339	-0.088574	0.398142	0.328974	0.213276	0.581545	0.759894	0.712778	0.508733	0.977616	0.0477173	0.0462098	0	0.0732408	0.401918	0.364107	0.260591	0.528933	0.4215	0.494491	0.168646	0.494491	0.38759	0.362635	0.179114	0.509182	0.398353	0.319723	0.169564	0.631611	0.402253	0.352228	0.163657	0.634091	GSE122357|GSM3464551_P8b|all|other_or_ambiguous
GSE150153	NAY6153A1_125	metadata_unmatched	organoid	10x	human	organoid_granule_like	402	0	0	0	0.285121	0.25993	0.20118	0.361296	0.358245	0.33757	0.276775	0.445927	-0.0731242	-0.0860345	-0.201718	0.048287	0.823354	0.747899	0.590817	1.02128	1.79613	1.78059	1.41681	2.14687	0.267538	0.238901	0.138629	0.382799	0.96234	0.900707	0.726765	1.16103	0.753718	0.801514	0.689235	0.912952	0.773935	0.818334	0.719933	0.912426	0.776477	0.803196	0.670206	0.914845	0.779312	0.812868	0.679773	0.914845	GSE150153|NAY6153A1_125|metadata_unmatched|organoid_granule_like
GSE150153	NAY6153A1_125	metadata_unmatched	organoid	10x	human	other_or_ambiguous	787	0	0	0	0.092984	0.0866434	0	0.137327	0.137442	0.126027	0.0630134	0.18904	-0.0444579	-0.051713	-0.126027	0.02363	0.319968	0.28376	0.159957	0.457742	0.911413	0.892497	0.526417	1.24899	0.0897857	0.0732408	0.0462098	0.138629	0.440389	0.439078	0.257643	0.594677	0.371036	0.343987	0.1127	0.517662	0.360709	0.317914	0.152229	0.509251	0.359411	0.329268	0.173675	0.530698	0.357963	0.335576	0.166947	0.529016	GSE150153|NAY6153A1_125|metadata_unmatched|other_or_ambiguous
GSE150153	NAY6153A2_678	metadata_unmatched	organoid	10x	human	organoid_granule_like	490	0	0	0	0.233006	0.22397	0.173287	0.287823	0.220196	0.209326	0.126027	0.292625	0.0128099	0.024222	-0.122683	0.160957	0.542834	0.492072	0.319006	0.704418	1.201	1.1379	0.856848	1.51052	0.159535	0.138629	0.0462098	0.231049	0.634456	0.586491	0.434978	0.790103	0.738323	0.814815	0.712396	0.897203	0.69787	0.787226	0.59486	0.902872	0.738342	0.755102	0.590797	0.890118	0.736794	0.758881	0.604119	0.900794	GSE150153|NAY6153A2_678|metadata_unmatched|organoid_granule_like
GSE150153	NAY6153A2_678	metadata_unmatched	organoid	10x	human	other_or_ambiguous	833	0	0	0	0.061685	0.0866434	0	0.0866434	0.0719844	0.0630134	0	0.126027	-0.0102995	0	-0.0630134	0.04726	0.20208	0.137828	0.053319	0.275655	0.593487	0.484759	0.32927	0.780012	0.057295	0.0462098	0	0.0924196	0.284287	0.221922	0.152146	0.367523	0.36041	0.455782	0.165155	0.455782	0.384206	0.369615	0.133409	0.59486	0.360399	0.300076	0.108844	0.537793	0.36131	0.322751	0.15873	0.529101	GSE150153|NAY6153A2_678|metadata_unmatched|other_or_ambiguous
GSE165657	Cerebellum_aggr	all	cerebellum	10x	human	cerebellar_candidate	25064	17653	7411	0	0.0644114	0.0866434	0	0.0866434	0.256324	0.225901	0.18904	0.302928	-0.191912	-0.18904	-0.252054	-0.125434	0.487214	0.452777	0.328974	0.610842	0.71695	0.678989	0.475315	0.926761	0.0612526	0.0462098	0	0.0924196	0.421805	0.393643	0.293974	0.525293	0.563364	0.714133	0.291869	0.714133	0.805748	0.790462	0.706438	0.908443	0.732188	0.756954	0.592257	0.893778	0.712911	0.752679	0.561548	0.892147	GSE165657|Cerebellum_aggr|all|cerebellar_candidate
GSE165657	Cerebellum_aggr	all	cerebellum	10x	human	cerebellum_warning	12154	0	0	0	0.132116	0.0866434	0.0866434	0.173287	0.0529707	0.0630134	0	0.0630134	0.0791449	0.0866434	0.02363	0.0866434	0.271607	0.244466	0.106638	0.390398	0.530673	0.490509	0.307407	0.697584	0.054186	0.0462098	0	0.0924196	0.285489	0.263631	0.167362	0.370406	0.811296	0.714133	0.714133	0.939205	0.29047	0.32673	0.119993	0.32673	0.462655	0.456703	0.21257	0.68019	0.491496	0.490041	0.260938	0.715745	GSE165657|Cerebellum_aggr|all|cerebellum_warning
GSE165657	Cerebellum_aggr	all	cerebellum	10x	human	other_or_ambiguous	36332	0	0	0	0.0126896	0	0	0	0.0758419	0.0630134	0	0.126027	-0.0631523	-0.0630134	-0.0998738	0	0.194996	0.159957	0.053319	0.297785	0.394582	0.365169	0.219921	0.538715	0.0365228	0	0	0.0462098	0.2087	0.189325	0.113732	0.283742	0.352164	0.291869	0.291869	0.291869	0.359184	0.32673	0.119993	0.53412	0.35233	0.310068	0.119327	0.542882	0.35598	0.312957	0.145269	0.537396	GSE165657|Cerebellum_aggr|all|other_or_ambiguous
GSE214309	snRNA_counts	immature_1hr	dentate_gyrus	snRNA_seq	mouse	dentate_candidate	17	8	9	0	1.59964	1.45464	1.3789	1.69515	0.215641	0.184312	0.119429	0.275642	1.384	1.28977	1.08992	1.51222	1.61488	1.56146	1.33504	1.69344	1.91671	1.87212	1.60433	2.27906	1.21939	1.11852	0.816791	1.5308	1.58366	1.56168	1.37967	1.83788	0.735367	0.703242	0.660848	0.798005	0.668476	0.690773	0.53616	0.825436	0.627109	0.625935	0.498753	0.690773	0.609652	0.593516	0.478803	0.780549	GSE214309|snRNA_counts|immature_1hr|dentate_candidate
GSE214309	snRNA_counts	immature_1hr	dentate_gyrus	snRNA_seq	mouse	dentate_low_support	42	0	0	0	0.848227	0.794123	0.463735	1.15806	0.0990992	0.0623264	0	0.133483	0.749128	0.647319	0.433622	1.05537	0.896371	0.932449	0.354364	1.22467	1.37157	1.27839	0.859497	1.7934	0.881932	0.861897	0.496715	1.20262	1.04996	0.999148	0.701804	1.3256	0.37353	0.331671	0.175811	0.542394	0.395054	0.346634	0.144638	0.57419	0.302933	0.269327	0.0860349	0.42394	0.318846	0.256858	0.13217	0.452618	GSE214309|snRNA_counts|immature_1hr|dentate_low_support
GSE214309	snRNA_counts	immature_1hr	dentate_gyrus	snRNA_seq	mouse	other_or_ambiguous	4	0	0	0	0.124266	0.147631	0.107271	0.164626	0.355459	0.313142	0.153784	0.514817	-0.231193	-0.165511	-0.350191	-0.0465128	0.415633	0.287967	0.150641	0.55296	0.754551	0.682927	0.604343	0.833134	0.73895	0.764961	0.252442	1.25147	0.636378	0.663729	0.628656	0.671451	0.0392768	0.0386534	0.0293018	0.0486284	0.699501	0.832918	0.589776	0.942643	0.119077	0.0698255	0.0436409	0.145262	0.102244	0.108479	0.094763	0.11596	GSE214309|snRNA_counts|immature_1hr|other_or_ambiguous
GSE214309	snRNA_counts	immature_4hr	dentate_gyrus	snRNA_seq	mouse	dentate_candidate	29	22	7	0	1.8245	1.70717	1.52168	2.03715	0.241036	0.191298	0.118199	0.295206	1.58346	1.52733	1.22247	1.86182	1.98167	1.92205	1.54465	2.33971	2.31785	2.20358	1.75282	2.57952	1.47621	1.35259	1.2319	1.81791	1.92524	1.88318	1.57726	2.09103	0.798435	0.810474	0.72818	0.890274	0.648035	0.718204	0.533666	0.852868	0.764124	0.812968	0.605985	0.930175	0.759395	0.80798	0.603491	0.910224	GSE214309|snRNA_counts|immature_4hr|dentate_candidate
GSE214309	snRNA_counts	immature_4hr	dentate_gyrus	snRNA_seq	mouse	dentate_low_support	32	0	0	0	0.976085	0.937777	0.605564	1.10582	0.141206	0.105009	0	0.192473	0.834879	0.77763	0.466825	1.01039	1.30162	1.34715	0.862291	1.74995	2.17708	1.98744	1.46479	2.84784	1.45068	1.36126	0.969803	1.92181	1.64313	1.59932	1.30246	2.04038	0.414978	0.411471	0.246883	0.519327	0.499688	0.509975	0.144638	0.716958	0.486908	0.496259	0.245012	0.73192	0.629988	0.627182	0.437033	0.889028	GSE214309|snRNA_counts|immature_4hr|dentate_low_support
GSE214309	snRNA_counts	immatureactive_1hr	dentate_gyrus	snRNA_seq	mouse	dentate_candidate	13	5	8	0	1.74684	1.48248	1.42813	1.87981	0.156271	0.0657005	0	0.273424	1.59058	1.38291	1.25262	1.79657	1.62204	1.61585	1.28334	1.77329	1.55532	1.24183	0.979525	2.19981	1.19373	1.35993	0.67803	1.57715	1.45703	1.55331	1.05679	1.73586	0.761366	0.715711	0.683292	0.855362	0.489257	0.399002	0.144638	0.822943	0.628237	0.653367	0.466334	0.753117	0.542874	0.588529	0.309227	0.723192	GSE214309|snRNA_counts|immatureactive_1hr|dentate_candidate
GSE214309	snRNA_counts	immatureactive_1hr	dentate_gyrus	snRNA_seq	mouse	dentate_low_support	27	0	0	0	0.926036	0.82473	0.552036	1.09124	0.118678	0.100463	0	0.163189	0.807358	0.726943	0.510614	1.05349	0.839452	0.855178	0.619493	1.05753	1.21028	1.26639	0.90152	1.43964	0.709705	0.538592	0.336354	1.10267	0.919813	0.949277	0.688875	1.0913	0.399095	0.349127	0.216957	0.504988	0.458622	0.496259	0.144638	0.65025	0.254964	0.234414	0.158355	0.334164	0.243558	0.23192	0.128429	0.329177	GSE214309|snRNA_counts|immatureactive_1hr|dentate_low_support
GSE214309	snRNA_counts	immatureactive_1hr	dentate_gyrus	snRNA_seq	mouse	other_or_ambiguous	2	0	0	0	0.116987	0.116987	0.0584937	0.175481	0.41356	0.41356	0.385061	0.44206	-0.296573	-0.296573	-0.383566	-0.20958	1.21115	1.21115	1.05824	1.36407	1.04928	1.04928	0.927936	1.17063	0.967228	0.967228	0.733211	1.20124	1.07589	1.07589	0.987359	1.16442	0.0473816	0.0473816	0.0261845	0.0685786	0.9202	0.9202	0.907731	0.932668	0.4202	0.4202	0.339776	0.500623	0.315461	0.315461	0.267456	0.363466	GSE214309|snRNA_counts|immatureactive_1hr|other_or_ambiguous
GSE214309	snRNA_counts	immatureactive_4hr	dentate_gyrus	snRNA_seq	mouse	dentate_candidate	18	15	3	0	1.95668	1.72925	1.53673	2.19105	0.113679	0.0870425	0	0.183517	1.843	1.67102	1.37994	2.01414	2.00712	1.78687	1.55541	2.4017	1.85947	1.8635	1.25361	2.16298	1.68315	1.88909	1.23496	2.16235	1.84991	1.87348	1.63962	2.04371	0.822943	0.819202	0.735037	0.933915	0.466819	0.453242	0.144638	0.691396	0.758797	0.756858	0.612843	0.94015	0.743974	0.801746	0.655861	0.889651	GSE214309|snRNA_counts|immatureactive_4hr|dentate_candidate
GSE214309	snRNA_counts	immatureactive_4hr	dentate_gyrus	snRNA_seq	mouse	dentate_low_support	13	0	0	0	0.947087	0.821286	0.534583	1.16631	0.114631	0.122788	0.0630134	0.144909	0.832455	0.639088	0.464267	1.04352	1.28227	1.20028	0.902027	1.58284	1.65503	1.67889	1.21903	2.08976	1.29813	1.41538	0.605046	1.82512	1.41181	1.56189	1.17543	1.66488	0.380395	0.34414	0.204489	0.548628	0.482256	0.546135	0.366584	0.613466	0.457894	0.401496	0.256858	0.640898	0.520813	0.59601	0.371571	0.673317	GSE214309|snRNA_counts|immatureactive_4hr|dentate_low_support
GSE214309	snRNA_counts	immatureactive_4hr	dentate_gyrus	snRNA_seq	mouse	other_or_ambiguous	1	0	0	0	0.0152772	0.0152772	0.0152772	0.0152772	0.14429	0.14429	0.14429	0.14429	-0.129013	-0.129013	-0.129013	-0.129013	0.990277	0.990277	0.990277	0.990277	1.70982	1.70982	1.70982	1.70982	0.684334	0.684334	0.684334	0.684334	1.12814	1.12814	1.12814	1.12814	0.00997506	0.00997506	0.00997506	0.00997506	0.608479	0.608479	0.608479	0.608479	0.296758	0.296758	0.296758	0.296758	0.346633	0.346633	0.346633	0.346633	GSE214309|snRNA_counts|immatureactive_4hr|other_or_ambiguous
GSE214309	snRNA_counts	mature_1hr	dentate_gyrus	snRNA_seq	mouse	dentate_candidate	18	9	9	0	1.81044	1.79569	1.40441	2.16701	0.199606	0.0847394	0.0623281	0.258696	1.61083	1.49876	1.3121	2.06371	1.76932	1.77652	1.53784	1.98422	1.7441	1.58352	1.33692	1.84583	1.30562	1.26521	1.1956	1.57748	1.60635	1.58952	1.39727	1.81665	0.799252	0.834164	0.671446	0.927681	0.527431	0.448878	0.34414	0.801122	0.710585	0.744389	0.607232	0.842269	0.626767	0.615961	0.488779	0.76621	GSE214309|snRNA_counts|mature_1hr|dentate_candidate
GSE214309	snRNA_counts	mature_1hr	dentate_gyrus	snRNA_seq	mouse	dentate_low_support	24	0	0	0	0.792548	0.803018	0.479509	1.01169	0.143668	0.133681	0.0515538	0.190752	0.648881	0.542678	0.318574	0.883853	0.801157	0.78822	0.437966	1.16198	1.45632	1.40299	0.980588	1.82211	0.929069	0.993323	0.547448	1.28951	1.06218	0.928487	0.709196	1.38484	0.343464	0.342893	0.180175	0.454489	0.536315	0.578553	0.344763	0.709477	0.264235	0.213217	0.0997503	0.382793	0.332606	0.238154	0.139028	0.48192	GSE214309|snRNA_counts|mature_1hr|dentate_low_support
GSE214309	snRNA_counts	mature_1hr	dentate_gyrus	snRNA_seq	mouse	other_or_ambiguous	2	0	0	0	0.088034	0.088034	0.044017	0.132051	0.150675	0.150675	0.0753377	0.226013	-0.0626415	-0.0626415	-0.0939622	-0.0313208	1.408	1.408	1.31283	1.50317	1.30598	1.30598	1.1085	1.50346	1.01585	1.01585	0.800663	1.23103	1.24328	1.24328	1.074	1.41255	0.0261845	0.0261845	0.015586	0.036783	0.504988	0.504988	0.324813	0.685162	0.531172	0.531172	0.472569	0.589776	0.417706	0.417706	0.321072	0.514339	GSE214309|snRNA_counts|mature_1hr|other_or_ambiguous
GSE214309	snRNA_counts	mature_4hr	dentate_gyrus	snRNA_seq	mouse	dentate_candidate	24	19	5	0	1.8037	1.67145	1.47947	1.93809	0.238798	0.205246	0.0995687	0.298503	1.5649	1.47826	1.29417	1.71775	2.00962	1.88246	1.73183	2.33587	2.30012	2.06532	1.80285	2.50241	1.29029	1.34377	1.14879	1.48853	1.86667	1.81327	1.61298	2.13554	0.795719	0.786783	0.715087	0.870324	0.650925	0.738155	0.484102	0.862219	0.798732	0.794264	0.716957	0.92207	0.749584	0.76808	0.63591	0.912095	GSE214309|snRNA_counts|mature_4hr|dentate_candidate
GSE214309	snRNA_counts	mature_4hr	dentate_gyrus	snRNA_seq	mouse	dentate_low_support	20	0	0	0	0.977926	0.828557	0.73475	1.06668	0.187743	0.111238	0.0437628	0.245076	0.790182	0.796287	0.458799	0.931908	1.59812	1.587	1.09736	2.00913	1.78433	1.70831	1.32882	2.01191	1.32362	1.49933	0.873815	1.73808	1.56869	1.58763	1.20254	1.90619	0.425686	0.357855	0.304863	0.493142	0.535224	0.523067	0.27182	0.788653	0.607232	0.63591	0.343516	0.849127	0.600374	0.61596	0.38778	0.824813	GSE214309|snRNA_counts|mature_4hr|dentate_low_support
GSE214309	snRNA_counts	matureactive_1hr	dentate_gyrus	snRNA_seq	mouse	dentate_candidate	9	4	5	0	1.57213	1.46922	1.2696	1.68781	0.0793397	0.0992658	0	0.13991	1.49279	1.40621	1.2696	1.5479	1.57738	1.70918	1.21775	1.80805	1.50741	1.60024	1.08143	2.06959	1.19856	1.07821	0.676381	1.2194	1.42778	1.31297	1.06451	1.65707	0.725963	0.708229	0.603491	0.795511	0.40302	0.476309	0.144638	0.593516	0.62067	0.698254	0.416459	0.773067	0.514547	0.446384	0.319202	0.663342	GSE214309|snRNA_counts|matureactive_1hr|dentate_candidate
GSE214309	snRNA_counts	matureactive_1hr	dentate_gyrus	snRNA_seq	mouse	dentate_low_support	46	0	0	0	0.694837	0.669817	0.302782	1.01782	0.0941482	0.0627855	0	0.137549	0.600689	0.564019	0.194242	0.89178	0.876665	0.875555	0.557004	1.27944	1.02137	0.916459	0.619223	1.4017	0.790003	0.697099	0.394862	1.05367	0.896012	0.884193	0.55648	1.14487	0.298493	0.271821	0.120948	0.458853	0.409113	0.356608	0.144638	0.587905	0.287244	0.243142	0.129675	0.460099	0.24401	0.215711	0.0760599	0.352868	GSE214309|snRNA_counts|matureactive_1hr|dentate_low_support
GSE214309	snRNA_counts	matureactive_1hr	dentate_gyrus	snRNA_seq	mouse	other_or_ambiguous	6	0	0	0	0.1624	0.175264	0.0857533	0.238794	0.199458	0.21802	0.0979871	0.279796	-0.0370583	-0.0229405	-0.060818	-0.0122339	0.590326	0.689097	0.2092	0.749917	0.883128	0.767885	0.594873	1.14693	0.610915	0.574086	0.284763	0.916915	0.694789	0.648493	0.510944	0.770703	0.0559019	0.0567331	0.0199501	0.0907107	0.666251	0.734414	0.486284	0.836658	0.18246	0.184538	0.0639026	0.199501	0.14921	0.112219	0.0623441	0.169576	GSE214309|snRNA_counts|matureactive_1hr|other_or_ambiguous
GSE214309	snRNA_counts	matureactive_4hr	dentate_gyrus	snRNA_seq	mouse	dentate_candidate	18	14	4	0	1.68758	1.68663	1.31029	1.95538	0.116371	0.0759337	0.00561045	0.146707	1.57121	1.51856	1.25684	1.8584	1.67769	1.75479	1.54495	1.80584	1.48738	1.37759	1.04584	1.92176	2.01652	1.92626	1.7444	2.25558	1.7272	1.68644	1.59354	1.88676	0.765586	0.798005	0.629676	0.870948	0.460308	0.432045	0.182668	0.619077	0.686063	0.735661	0.605985	0.767456	0.700471	0.685785	0.615336	0.810474	GSE214309|snRNA_counts|matureactive_4hr|dentate_candidate
GSE214309	snRNA_counts	matureactive_4hr	dentate_gyrus	snRNA_seq	mouse	dentate_low_support	34	0	0	0	0.735051	0.709952	0.58335	0.937524	0.0975975	0.0489071	0	0.150911	0.637453	0.608072	0.515525	0.78186	1.42479	1.52062	1.0811	1.7705	1.40014	1.28221	0.949283	1.83366	1.64318	1.71054	1.45693	2.00915	1.48937	1.57241	1.21119	1.88011	0.315241	0.291771	0.235038	0.409601	0.387927	0.305486	0.144638	0.622194	0.547235	0.594763	0.341022	0.747506	0.565865	0.604738	0.389027	0.807357	GSE214309|snRNA_counts|matureactive_4hr|dentate_low_support
GSE214309	snRNA_counts	matureactive_4hr	dentate_gyrus	snRNA_seq	mouse	other_or_ambiguous	2	0	0	0	0.377883	0.377883	0.29794	0.457827	0.9255	0.9255	0.819709	1.03129	-0.547616	-0.547616	-0.573462	-0.521769	1.63119	1.63119	1.39074	1.87163	1.28218	1.28218	0.882516	1.68185	1.73606	1.73606	1.69114	1.78098	1.54981	1.54981	1.51171	1.58791	0.145886	0.145886	0.115337	0.176434	0.988778	0.988778	0.983167	0.994389	0.620947	0.620947	0.496259	0.745636	0.59227	0.59227	0.564215	0.620324	GSE214309|snRNA_counts|matureactive_4hr|other_or_ambiguous
GSE214905	patch_RNA_QC_counts	all	dentate_gyrus	patch_seq	mouse	dentate_candidate	38	27	11	0	4.2499	4.19493	3.94887	4.4185	0.258892	0.144457	0	0.509425	3.991	3.89751	3.68544	4.31264	4.80991	4.7592	4.37961	5.27917	4.58288	4.63348	4.30282	5.00417	2.7976	3.14311	1.93913	3.53941	4.06346	4.07315	3.64357	4.51046	0.785042	0.78421	0.676316	0.892105	0.568837	0.626316	0.268421	0.807894	0.734903	0.742105	0.581579	0.902632	0.719114	0.726316	0.581579	0.881579	GSE214905|patch_RNA_QC_counts|all|dentate_candidate
GSE214905	patch_RNA_QC_counts	all	dentate_gyrus	patch_seq	mouse	dentate_low_support	56	0	0	0	2.33208	2.48533	1.48121	3.13433	0.165468	0	0	0.354892	2.16661	2.16671	1.34008	2.90519	3.33539	3.39051	2.52772	4.15476	3.27366	3.168	2.28033	3.97367	1.70109	1.77797	0.790355	2.6226	2.77005	2.71277	2.0252	3.43623	0.324248	0.310526	0.165789	0.455263	0.466353	0.268421	0.268421	0.710526	0.355827	0.310526	0.165789	0.489474	0.365601	0.321052	0.155263	0.507895	GSE214905|patch_RNA_QC_counts|all|dentate_low_support
GSE214905	patch_RNA_QC_counts	all	dentate_gyrus	patch_seq	mouse	other_or_ambiguous	1	0	0	0	0	0	0	0	0	0	0	0	0	0	0	0	2.46473	2.46473	2.46473	2.46473	2.52755	2.52755	2.52755	2.52755	1.43004	1.43004	1.43004	1.43004	2.14077	2.14077	2.14077	2.14077	0.0105263	0.0105263	0.0105263	0.0105263	0.268421	0.268421	0.268421	0.268421	0.147368	0.147368	0.147368	0.147368	0.2	0.2	0.2	0.2	GSE214905|patch_RNA_QC_counts|all|other_or_ambiguous
GSE242688	WT_ZT12_rep1	all	cerebellum_spatial	visium_spatial	mouse	cerebellar_candidate	249	108	141	0	0.327561	0.274653	0.22397	0.397257	0.466353	0.409074	0.325774	0.514815	-0.138792	-0.101804	-0.17864	-0.040722	1.25016	1.21394	1.12572	1.35086	1.62879	1.62875	1.47028	1.80415	0.24905	0.238901	0.16566	0.331321	1.04267	1.02473	0.939923	1.13124	0.362533	0.31544	0.235081	0.466214	0.819943	0.84228	0.708083	0.941901	0.597662	0.586359	0.48658	0.710136	0.573442	0.562046	0.456899	0.693401	GSE242688|WT_ZT12_rep1|all|cerebellar_candidate
GSE242688	WT_ZT12_rep1	all	cerebellum_spatial	visium_spatial	mouse	cerebellum_warning	935	0	0	0	0.874206	0.830474	0.70787	0.992461	0.347419	0.335353	0.252054	0.437445	0.526786	0.507053	0.3749	0.644761	1.58516	1.58782	1.31892	1.84474	1.93213	1.93791	1.73016	2.15859	0.413062	0.39671	0.30429	0.51616	1.31012	1.30515	1.12939	1.49181	0.850361	0.849542	0.776918	0.924692	0.68747	0.727187	0.53947	0.882459	0.788063	0.833912	0.688822	0.924061	0.788964	0.835491	0.691822	0.924376	GSE242688|WT_ZT12_rep1|all|cerebellum_warning
GSE242688	WT_ZT12_rep1	all	cerebellum_spatial	visium_spatial	mouse	other_or_ambiguous	1983	0	0	0	0.301188	0.310613	0.173287	0.44794	0.175887	0.162887	0.0630134	0.252054	0.125301	0.117959	0.0104	0.232266	0.898241	0.956089	0.706619	1.1631	1.24328	1.35711	1.00779	1.61674	0.17146	0.153506	0.0732408	0.25808	0.770994	0.828893	0.614575	1.00179	0.352316	0.350332	0.177929	0.532365	0.371684	0.323177	0.134986	0.53947	0.352165	0.31923	0.156615	0.524787	0.354782	0.323019	0.156773	0.529365	GSE242688|WT_ZT12_rep1|all|other_or_ambiguous
GSE242688	WT_ZT12_rep2	all	cerebellum_spatial	visium_spatial	mouse	cerebellar_candidate	54	9	45	0	0.245012	0.22397	0.185958	0.310613	0.332667	0.325774	0.276483	0.386111	-0.0876549	-0.063272	-0.152262	-0.0186117	1.32536	1.31736	1.25045	1.38842	1.75913	1.77168	1.64366	1.85483	0.262611	0.245925	0.202754	0.329358	1.1157	1.10353	1.06317	1.17097	0.130335	0.0959337	0.0707659	0.180221	0.853888	0.886893	0.784396	0.955487	0.546512	0.539676	0.453119	0.630872	0.491607	0.475326	0.407422	0.578464	GSE242688|WT_ZT12_rep2|all|cerebellar_candidate
GSE242688	WT_ZT12_rep2	all	cerebellum_spatial	visium_spatial	mouse	cerebellum_warning	772	0	0	0	0.875043	0.841675	0.750098	0.951601	0.227897	0.225901	0.162887	0.288914	0.647146	0.627356	0.529699	0.738393	1.54429	1.53428	1.36237	1.72412	2.02223	2.02568	1.8602	2.20848	0.402966	0.39671	0.30429	0.496981	1.32316	1.32659	1.20027	1.45023	0.847809	0.848796	0.771762	0.923016	0.593198	0.633044	0.405053	0.810304	0.73475	0.780695	0.605014	0.903771	0.743315	0.791749	0.627023	0.910877	GSE242688|WT_ZT12_rep2|all|cerebellum_warning
GSE242688	WT_ZT12_rep2	all	cerebellum_spatial	visium_spatial	mouse	other_or_ambiguous	1707	0	0	0	0.423887	0.44794	0.310613	0.553852	0.17391	0.162887	0.0998738	0.239914	0.249977	0.248192	0.135395	0.370204	1.16978	1.18157	0.987653	1.3543	1.62037	1.6574	1.41904	1.87031	0.249086	0.238901	0.146482	0.331321	1.01308	1.03782	0.870667	1.17802	0.354689	0.366364	0.180221	0.529214	0.446948	0.405053	0.190683	0.678642	0.392654	0.361232	0.170648	0.590604	0.390518	0.363995	0.171141	0.589222	GSE242688|WT_ZT12_rep2|all|other_or_ambiguous
GSE292261	SS2_filtered_counts	DG_P10	dentate_gyrus	Smart_seq2	mouse	dentate_candidate	53	39	14	0	2.69949	2.65814	2.42196	2.88666	0.104606	0	0	0.209326	2.59488	2.62393	2.38498	2.82892	3.50079	3.49914	3.25741	3.72637	3.7286	3.71994	3.21753	4.04341	2.06731	2.07549	1.78638	2.33355	3.0989	3.09705	2.8559	3.27762	0.775772	0.785855	0.656189	0.880157	0.571969	0.374263	0.374263	0.817289	0.679746	0.695481	0.545187	0.815324	0.688401	0.699411	0.591356	0.776031	GSE292261|SS2_filtered_counts|DG_P10|dentate_candidate
GSE292261	SS2_filtered_counts	DG_P10	dentate_gyrus	Smart_seq2	mouse	dentate_low_support	38	0	0	0	2.09118	2.04502	1.82971	2.23164	0.0755601	0	0	0.110274	2.01562	2.02588	1.70864	2.19253	3.14801	3.15035	2.82249	3.43239	3.34656	3.3261	2.73452	3.82286	1.85073	1.87071	1.57238	2.16664	2.78177	2.76839	2.54711	3.10021	0.482163	0.44106	0.357564	0.537819	0.525876	0.374263	0.374263	0.783399	0.500543	0.468566	0.312623	0.654715	0.552166	0.533399	0.418467	0.701866	GSE292261|SS2_filtered_counts|DG_P10|dentate_low_support
GSE292261	SS2_filtered_counts	DG_P15	dentate_gyrus	Smart_seq2	mouse	dentate_candidate	49	7	42	0	2.7078	2.65321	2.46014	2.96245	0.109921	0	0	0.246186	2.59788	2.56143	2.33299	2.83797	3.3701	3.31289	3.14799	3.52277	2.88278	2.87913	2.71046	3.07548	1.7067	1.7311	1.45104	2.02173	2.65319	2.67777	2.48171	2.7807	0.77964	0.779961	0.683694	0.907662	0.581392	0.374263	0.374263	0.841847	0.604226	0.579568	0.465619	0.711198	0.482619	0.473477	0.400786	0.54224	GSE292261|SS2_filtered_counts|DG_P15|dentate_candidate
GSE292261	SS2_filtered_counts	DG_P15	dentate_gyrus	Smart_seq2	mouse	dentate_low_support	44	0	0	0	2.10439	2.08638	1.90714	2.22768	0.123133	0	0	0.245626	1.98126	2.04057	1.73354	2.19427	3.08043	2.90342	2.76392	3.46973	2.89362	2.95441	2.51274	3.19826	1.57371	1.61877	1.31774	1.83217	2.51592	2.48335	2.30687	2.78191	0.48022	0.462672	0.379174	0.53389	0.587828	0.374263	0.374263	0.8389	0.468834	0.35167	0.282416	0.676326	0.437355	0.400786	0.34332	0.544204	GSE292261|SS2_filtered_counts|DG_P15|dentate_low_support
GSE292261	SS2_filtered_counts	DG_P28	dentate_gyrus	Smart_seq2	mouse	dentate_candidate	7	0	7	0	2.40575	2.30308	2.28482	2.47398	0.0793409	0	0	0.131381	2.32641	2.30308	2.1397	2.47398	3.17187	3.25821	2.97619	3.34534	2.30564	2.09956	1.95453	2.64716	0.765015	0.778118	0.528552	0.983318	2.08084	2.254	1.88367	2.28923	0.637384	0.585462	0.569744	0.680746	0.514173	0.374263	0.374263	0.613949	0.499298	0.548134	0.380157	0.601179	0.285714	0.324165	0.244598	0.333989	GSE292261|SS2_filtered_counts|DG_P28|dentate_candidate
GSE292261	SS2_filtered_counts	DG_P28	dentate_gyrus	Smart_seq2	mouse	dentate_low_support	144	0	0	0	1.25827	1.22748	0.77278	1.63688	0.0694086	0	0	0	1.18886	1.19894	0.727321	1.54971	2.36302	2.36921	2.07953	2.6936	1.69477	1.69388	1.33541	2.10939	0.657576	0.587509	0.418574	0.842692	1.57179	1.5821	1.34473	1.81787	0.219268	0.169941	0.0859528	0.292731	0.476861	0.374263	0.374263	0.374263	0.195672	0.158154	0.0780943	0.259823	0.153528	0.150294	0.0736739	0.226424	GSE292261|SS2_filtered_counts|DG_P28|dentate_low_support
GSE292261	SS2_filtered_counts	DG_P28	dentate_gyrus	Smart_seq2	mouse	other_or_ambiguous	4	0	0	0	0.0433217	0	0	0.0433217	0.120416	0	0	0.120416	-0.0770945	0	-0.0770945	0	2.40463	2.23966	1.96325	2.68105	1.28156	1.23611	1.19415	1.32352	0.776402	0.825414	0.613912	0.987903	1.48753	1.41618	1.35489	1.54883	0.00638508	0.00392927	0.00392927	0.00638508	0.526768	0.374263	0.374263	0.526768	0.210707	0.131631	0.0569744	0.285364	0.119843	0.0952848	0.077112	0.138016	GSE292261|SS2_filtered_counts|DG_P28|other_or_ambiguous
GSE292261	SS2_filtered_counts	DG_P5	dentate_gyrus	Smart_seq2	mouse	dentate_candidate	49	49	0	0	2.82798	2.79771	2.54837	2.97381	0.0353837	0	0	0	2.7926	2.78031	2.4808	2.97171	3.73471	3.76332	3.42729	3.95168	5.06036	5.14747	4.91515	5.30158	2.0397	2.06403	1.75377	2.27956	3.61159	3.62568	3.47375	3.81181	0.818412	0.842829	0.719057	0.915521	0.451225	0.374263	0.374263	0.374263	0.787298	0.836935	0.652259	0.917485	0.889098	0.895874	0.848723	0.950884	GSE292261|SS2_filtered_counts|DG_P5|dentate_candidate
GSE292261	SS2_filtered_counts	DG_P5	dentate_gyrus	Smart_seq2	mouse	dentate_low_support	45	0	0	0	1.81191	1.85893	1.63813	2.09281	0.00890245	0	0	0	1.803	1.8213	1.63813	2.0735	3.52404	3.56432	3.18858	3.8066	5.14167	5.19817	4.87116	5.42982	1.8602	1.91269	1.57077	2.27983	3.50864	3.55348	3.34384	3.75229	0.373172	0.367387	0.292731	0.469548	0.394957	0.374263	0.374263	0.374263	0.680987	0.734774	0.495088	0.858546	0.850906	0.882122	0.797642	0.943026	GSE292261|SS2_filtered_counts|DG_P5|dentate_low_support
GSE292261	SS2_filtered_counts	DG_P7	dentate_gyrus	Smart_seq2	mouse	dentate_candidate	38	24	14	0	2.59526	2.4989	2.37573	2.74106	0.0587513	0	0	0	2.5365	2.48613	2.3661	2.69641	3.66029	3.57742	3.27971	4.02164	3.96957	3.99838	3.69309	4.43084	1.50016	1.41392	1.13404	1.90573	3.04334	3.02033	2.80289	3.26791	0.72645	0.692535	0.625737	0.811886	0.472624	0.374263	0.374263	0.374263	0.738548	0.746562	0.557957	0.93222	0.661514	0.674853	0.552554	0.770629	GSE292261|SS2_filtered_counts|DG_P7|dentate_candidate
GSE292261	SS2_filtered_counts	DG_P7	dentate_gyrus	Smart_seq2	mouse	dentate_low_support	38	0	0	0	1.92261	1.8875	1.59739	2.18745	0.0533801	0	0	0	1.86923	1.87956	1.54204	2.18533	3.21957	3.12411	2.81142	3.62277	4.05193	4.17671	3.44877	4.52492	1.48701	1.48767	1.14864	1.81445	2.91951	2.89736	2.67485	3.11651	0.412315	0.373281	0.277505	0.512279	0.477174	0.374263	0.374263	0.374263	0.524093	0.452848	0.303536	0.77554	0.606814	0.611984	0.470039	0.708742	GSE292261|SS2_filtered_counts|DG_P7|dentate_low_support
GSE312658	Ctrl	all	cerebellum	10x	mouse	cerebellar_candidate	1829	1118	711	0	0.0535895	0	0	0.0866434	0.310901	0.288914	0.225901	0.372213	-0.257312	-0.24871	-0.325774	-0.18904	0.66876	0.643924	0.500789	0.798916	0.636115	0.621227	0.414151	0.814827	0.47291	0.411586	0.292135	0.595375	0.592595	0.552249	0.42348	0.70593	0.48901	0.282067	0.282067	0.688491	0.790022	0.789479	0.664093	0.905909	0.709354	0.724521	0.553428	0.877291	0.660111	0.665431	0.508544	0.814083	GSE312658|Ctrl|all|cerebellar_candidate
GSE312658	Ctrl	all	cerebellum	10x	mouse	cerebellum_warning	596	0	0	0	0.244794	0.22397	0.173287	0.299737	0.0948039	0.0630134	0.0630134	0.126027	0.14999	0.126638	0.0734132	0.21164	0.50891	0.500789	0.325084	0.677911	0.631888	0.621227	0.346574	0.862414	0.715308	0.640251	0.319166	1.02552	0.618702	0.604924	0.352527	0.84289	0.918787	0.928145	0.881511	0.965308	0.333282	0.247375	0.247375	0.437616	0.548896	0.553428	0.343602	0.763331	0.645556	0.718139	0.404004	0.898548	GSE312658|Ctrl|all|cerebellum_warning
GSE312658	Ctrl	all	cerebellum	10x	mouse	other_or_ambiguous	2432	0	0	0	0.0270846	0	0	0.0866434	0.0906577	0.0630134	0	0.126027	-0.0635732	-0.0630134	-0.126027	0	0.30426	0.244466	0.106638	0.457742	0.350338	0.264838	0.167293	0.471913	0.295519	0.184839	0.0924196	0.378211	0.316706	0.239201	0.127955	0.429195	0.40584	0.282067	0.282067	0.688491	0.32295	0.247375	0.0820465	0.437616	0.330777	0.269302	0.110871	0.490529	0.344122	0.267758	0.129066	0.515081	GSE312658|Ctrl|all|other_or_ambiguous
GSE312658	cKO	all	cerebellum	10x	mouse	cerebellar_candidate	2329	1157	1172	0	0.057448	0	0	0.0866434	0.286952	0.272339	0.209326	0.351927	-0.229504	-0.225901	-0.302928	-0.151587	0.615666	0.590605	0.474907	0.730123	0.59876	0.57631	0.432746	0.736751	0.458041	0.398761	0.277259	0.558896	0.557489	0.522573	0.42259	0.657502	0.439665	0.233732	0.233732	0.592211	0.804099	0.816153	0.713288	0.914051	0.704023	0.721278	0.536352	0.878347	0.606567	0.598186	0.461993	0.751656	GSE312658|cKO|all|cerebellar_candidate
GSE312658	cKO	all	cerebellum	10x	mouse	cerebellum_warning	1494	0	0	0	0.251034	0.22397	0.173287	0.310613	0.0730215	0.0630134	0	0.126027	0.178013	0.161376	0.0776997	0.2476	0.474032	0.495088	0.304668	0.623537	0.631759	0.625725	0.365169	0.846898	0.73815	0.737855	0.3505	1.04577	0.614647	0.637468	0.352887	0.832396	0.873721	0.875684	0.808091	0.944788	0.333309	0.312122	0.111575	0.513461	0.540344	0.567593	0.310916	0.764001	0.631331	0.732076	0.365282	0.883782	GSE312658|cKO|all|cerebellum_warning
GSE312658	cKO	all	cerebellum	10x	mouse	other_or_ambiguous	3123	0	0	0	0.032847	0	0	0.0866434	0.0803834	0.0630134	0	0.126027	-0.0475364	-0.0393836	-0.0998738	0	0.299347	0.266595	0.137828	0.443717	0.401614	0.3226	0.178194	0.545396	0.380749	0.25808	0.138629	0.46995	0.36057	0.288623	0.162276	0.483265	0.366373	0.233732	0.233732	0.592211	0.353119	0.312122	0.111575	0.513461	0.328708	0.26994	0.131802	0.489706	0.35786	0.276274	0.125756	0.548589	GSE312658|cKO|all|other_or_ambiguous
GSE95752	C1_all_cells	DC12	dentate_gyrus	C1	mouse	dentate_candidate	15	5	10	0	0.602111	0.539686	0.491262	0.684557	0.00420089	0	0	0	0.59791	0.539686	0.491262	0.65305	0.64687	0.649088	0.512135	0.695988	0.638941	0.622756	0.533409	0.686694	0.326441	0.298489	0.230524	0.41106	0.537417	0.494023	0.425493	0.629414	0.748097	0.713851	0.665328	0.835649	0.414097	0.384064	0.384064	0.384064	0.550369	0.558836	0.411528	0.606383	0.500593	0.463743	0.383413	0.610942	GSE95752|C1_all_cells|DC12|dentate_candidate
GSE95752	C1_all_cells	DC12	dentate_gyrus	C1	mouse	dentate_low_support	17	0	0	0	0.24534	0.22397	0.137327	0.374467	0.0132883	0	0	0	0.232052	0.22397	0.0866434	0.374467	0.617319	0.435612	0.362961	0.692846	0.758927	0.524297	0.390178	0.643888	0.391011	0.25808	0.21187	0.365376	0.589085	0.390253	0.341561	0.554752	0.429427	0.414677	0.331741	0.549501	0.468685	0.384064	0.384064	0.384064	0.500294	0.354755	0.312853	0.601824	0.479145	0.344768	0.304386	0.528875	GSE95752|C1_all_cells|DC12|dentate_low_support
GSE95752	C1_all_cells	DC12	dentate_gyrus	C1	mouse	other_or_ambiguous	8	0	0	0	0	0	0	0	0.0407218	0	0	0.0722285	-0.0407218	0	-0.0722285	0	0.356997	0.053319	0.0399892	0.388466	0.581675	0.195089	0.109532	0.665219	0.264154	0.119451	0.0346574	0.31927	0.400942	0.102711	0.0625378	0.467775	0.112896	0.112896	0.112896	0.112896	0.581334	0.384064	0.384064	0.856329	0.308131	0.09835	0.0819583	0.364796	0.298632	0.0856491	0.0346287	0.390469	GSE95752|C1_all_cells|DC12|other_or_ambiguous
GSE95752	C1_all_cells	DG03	dentate_gyrus	C1	mouse	dentate_candidate	20	14	6	0	0.587453	0.518876	0.44794	0.78327	0.0257407	0	0	0.0630134	0.561713	0.518876	0.397257	0.780188	0.915532	0.920372	0.731605	1.09898	0.810819	0.786917	0.678402	0.994635	0.51981	0.524286	0.381194	0.663333	0.74872	0.773544	0.597293	0.896109	0.737104	0.691055	0.622666	0.907023	0.550445	0.384064	0.384064	0.834564	0.759325	0.811767	0.639383	0.912071	0.687386	0.732522	0.575228	0.816001	GSE95752|C1_all_cells|DG03|dentate_candidate
GSE95752	C1_all_cells	DG03	dentate_gyrus	C1	mouse	dentate_low_support	11	0	0	0	0.212078	0.22397	0.173287	0.22397	0.0238873	0	0	0	0.188191	0.173287	0.148692	0.22397	0.489421	0.469942	0.25553	0.538903	0.47121	0.44794	0.24238	0.595562	0.304809	0.268357	0.17525	0.412893	0.421813	0.407698	0.262389	0.507668	0.401315	0.414677	0.367347	0.414677	0.486579	0.384064	0.384064	0.384064	0.420538	0.380156	0.264872	0.43693	0.39036	0.364742	0.245333	0.473079	GSE95752|C1_all_cells|DG03|dentate_low_support
GSE95752	C1_all_cells	DG03	dentate_gyrus	C1	mouse	other_or_ambiguous	8	0	0	0	0.0171659	0	0	0	0.0453294	0	0	0.0407218	-0.0281635	0	-0.00639	0	0.166121	0.148892	0.137828	0.167755	0.283881	0.219062	0.167293	0.400468	0.0889467	0.0924196	0.0346574	0.126209	0.17965	0.157309	0.122531	0.229949	0.140252	0.112896	0.112896	0.112896	0.53319	0.384064	0.384064	0.531589	0.213526	0.206687	0.19822	0.220419	0.171298	0.161529	0.111377	0.224056	GSE95752|C1_all_cells|DG03|other_or_ambiguous
GSE95752	C1_all_cells	DG04	dentate_gyrus	C1	mouse	dentate_candidate	39	25	14	0	0.661996	0.676456	0.547753	0.782134	0.0132004	0	0	0	0.648795	0.64912	0.547753	0.747818	0.831673	0.811986	0.74208	0.910619	0.819157	0.782073	0.65578	0.927296	0.454095	0.450772	0.336985	0.554142	0.701642	0.691711	0.57399	0.771865	0.799008	0.828485	0.716023	0.905992	0.469388	0.384064	0.384064	0.384064	0.716234	0.717325	0.650238	0.80406	0.655266	0.663048	0.552758	0.731654	GSE95752|C1_all_cells|DG04|dentate_candidate
GSE95752	C1_all_cells	DG04	dentate_gyrus	C1	mouse	dentate_low_support	14	0	0	0	0.23913	0.198628	0.137327	0.297942	0.00450096	0	0	0	0.234629	0.167122	0.137327	0.297942	0.547537	0.556762	0.438901	0.649092	0.631456	0.55096	0.382322	0.984849	0.278332	0.234975	0.21187	0.33572	0.485775	0.442454	0.373872	0.667669	0.424214	0.391012	0.331741	0.481491	0.416243	0.384064	0.384064	0.384064	0.473994	0.457772	0.357523	0.558728	0.451058	0.399914	0.329027	0.640903	GSE95752|C1_all_cells|DG04|dentate_low_support
GSE95752	C1_all_cells	DG04	dentate_gyrus	C1	mouse	other_or_ambiguous	5	0	0	0	0	0	0	0	0.0492374	0	0	0.0998738	-0.0492374	0	-0.0998738	0	0.120493	0	0	0.053319	0.420306	0.231049	0.207076	0.346574	0.190955	0.184839	0.0924196	0.238901	0.243918	0.130638	0.0988878	0.164104	0.112896	0.112896	0.112896	0.112896	0.607903	0.384064	0.384064	0.921624	0.128789	0.0327833	0.0327833	0.09835	0.228094	0.125923	0.0781589	0.173686	GSE95752|C1_all_cells|DG04|other_or_ambiguous
GSE95752	C1_all_cells	DG05	dentate_gyrus	C1	mouse	dentate_candidate	81	62	19	0	0.688389	0.678668	0.570544	0.790992	0.0156326	0	0	0	0.672757	0.657187	0.553852	0.777822	0.869291	0.875888	0.702207	1.02282	0.894155	0.891117	0.744219	1.03434	0.525788	0.480227	0.365376	0.659266	0.763078	0.777068	0.629997	0.908295	0.817495	0.829787	0.740122	0.910769	0.480575	0.384064	0.384064	0.384064	0.737565	0.777247	0.613765	0.87538	0.702058	0.736431	0.611376	0.824577	GSE95752|C1_all_cells|DG05|dentate_candidate
GSE95752	C1_all_cells	DG05	dentate_gyrus	C1	mouse	dentate_low_support	25	0	0	0	0.254088	0.25993	0.173287	0.338506	0.00903602	0	0	0	0.245052	0.230008	0.173287	0.334244	0.589083	0.571273	0.443717	0.728433	0.635492	0.539491	0.450971	0.818487	0.363497	0.369678	0.299987	0.411586	0.529357	0.510542	0.452998	0.575335	0.438567	0.450065	0.367347	0.514329	0.441606	0.384064	0.384064	0.384064	0.500825	0.474815	0.359531	0.637647	0.487816	0.483283	0.409466	0.552323	GSE95752|C1_all_cells|DG05|dentate_low_support
GSE95752	C1_all_cells	DG05	dentate_gyrus	C1	mouse	other_or_ambiguous	20	0	0	0	0.00433217	0	0	0	0.0722285	0.0630134	0	0.0998738	-0.0678964	-0.0630134	-0.0998738	0	0.182996	0.0955733	0.053319	0.169017	0.315586	0.245254	0.167293	0.358584	0.102017	0.0828302	0.0462098	0.119451	0.2002	0.134403	0.106643	0.186257	0.120777	0.112896	0.112896	0.112896	0.717846	0.834564	0.384064	0.921624	0.197449	0.15469	0.09835	0.22449	0.176411	0.130265	0.0916196	0.191706	GSE95752|C1_all_cells|DG05|other_or_ambiguous
GSE95752	C1_all_cells	DG06	dentate_gyrus	C1	mouse	dentate_candidate	20	12	8	0	0.609935	0.628201	0.478202	0.701403	0.00814436	0	0	0	0.601791	0.587787	0.478202	0.701403	0.780019	0.777461	0.587311	0.939645	0.774232	0.790651	0.644114	0.900512	0.466074	0.463873	0.387564	0.55098	0.673441	0.689787	0.577484	0.796048	0.761832	0.789731	0.653115	0.846993	0.433467	0.384064	0.384064	0.384064	0.664839	0.684542	0.494518	0.824305	0.635454	0.661528	0.553517	0.750325	GSE95752|C1_all_cells|DG06|dentate_candidate
GSE95752	C1_all_cells	DG06	dentate_gyrus	C1	mouse	dentate_low_support	15	0	0	0	0.240857	0.310613	0.111985	0.346574	0.0168036	0	0	0.0315067	0.224053	0.310613	0.0866434	0.338228	0.539242	0.57658	0.413798	0.653212	0.742276	0.613976	0.574277	0.781846	0.359158	0.360776	0.301389	0.454896	0.546892	0.503532	0.461282	0.624966	0.423173	0.491967	0.301129	0.523882	0.504197	0.384064	0.384064	0.609314	0.469156	0.481112	0.339992	0.561116	0.504328	0.475033	0.422058	0.605514	GSE95752|C1_all_cells|DG06|dentate_low_support
GSE95752	C1_all_cells	DG06	dentate_gyrus	C1	mouse	other_or_ambiguous	7	0	0	0	0.0123776	0	0	0	0.156092	0.126027	0.0945202	0.212824	-0.143714	-0.126027	-0.212824	-0.0945202	0.173909	0.177122	0.0955735	0.260061	0.330234	0.264838	0.22397	0.424964	0.13466	0.107296	0.0597253	0.198354	0.212935	0.243732	0.127718	0.299448	0.135413	0.112896	0.112896	0.112896	0.872061	0.952453	0.893509	0.990448	0.197972	0.227529	0.148285	0.266284	0.194157	0.231437	0.120061	0.273774	GSE95752|C1_all_cells|DG06|other_or_ambiguous
GSE95752	C1_all_cells	DG07	dentate_gyrus	C1	mouse	dentate_candidate	62	45	17	0	0.606554	0.56651	0.498623	0.724313	0.013807	0	0	0	0.592748	0.565106	0.467419	0.711697	0.841784	0.851893	0.71821	0.976894	0.894203	0.847476	0.750844	1.01682	0.5216	0.510148	0.388215	0.659008	0.752529	0.773074	0.60582	0.874594	0.760376	0.736431	0.67195	0.870224	0.479928	0.384064	0.384064	0.384064	0.724595	0.757056	0.62918	0.850955	0.695079	0.732306	0.586409	0.801454	GSE95752|C1_all_cells|DG07|dentate_candidate
GSE95752	C1_all_cells	DG07	dentate_gyrus	C1	mouse	dentate_low_support	37	0	0	0	0.249959	0.25993	0.173287	0.310613	0.0102184	0	0	0	0.239741	0.22397	0.173287	0.310613	0.615545	0.594358	0.464635	0.686971	0.820626	0.731373	0.505702	1.01704	0.371045	0.3505	0.283233	0.483328	0.602405	0.53091	0.477683	0.685403	0.436182	0.450065	0.367347	0.491967	0.457118	0.384064	0.384064	0.384064	0.518519	0.50152	0.371255	0.595528	0.549647	0.507599	0.438993	0.658272	GSE95752|C1_all_cells|DG07|dentate_low_support
GSE95752	C1_all_cells	DG07	dentate_gyrus	C1	mouse	other_or_ambiguous	19	0	0	0	0	0	0	0	0.0891873	0.0998738	0	0.162887	-0.0891873	-0.0998738	-0.162887	0	0.0955828	0.0845086	0.053319	0.130816	0.252595	0.207076	0.1613	0.300327	0.068059	0.0462098	0	0.0828302	0.138746	0.106052	0.0867983	0.160947	0.112896	0.112896	0.112896	0.112896	0.69302	0.921624	0.384064	0.974164	0.137498	0.140686	0.09835	0.193118	0.120301	0.0887972	0.0627442	0.168259	GSE95752|C1_all_cells|DG07|other_or_ambiguous
GSE95752	C1_all_cells	DG08	dentate_gyrus	C1	mouse	dentate_candidate	60	33	27	0	0.608761	0.601486	0.4839	0.70787	0.0174179	0	0	0.0157533	0.591344	0.587539	0.473677	0.68508	0.789329	0.754122	0.622106	0.960745	0.76323	0.726151	0.597813	0.89386	0.447064	0.440243	0.295388	0.58529	0.666541	0.646853	0.555547	0.768422	0.75994	0.764655	0.658706	0.855623	0.500105	0.384064	0.384064	0.496689	0.67551	0.661528	0.52931	0.840534	0.622232	0.6231	0.530612	0.729483	GSE95752|C1_all_cells|DG08|dentate_candidate
GSE95752	C1_all_cells	DG08	dentate_gyrus	C1	mouse	dentate_low_support	41	0	0	0	0.259211	0.25993	0.173287	0.338506	0.00614765	0	0	0	0.253063	0.25993	0.173287	0.338506	0.547679	0.550355	0.404423	0.698829	0.678186	0.572244	0.524912	0.773942	0.268947	0.277259	0.192691	0.331321	0.498271	0.470568	0.403347	0.55615	0.44288	0.450065	0.367347	0.514329	0.428015	0.384064	0.384064	0.384064	0.470394	0.448762	0.335432	0.608554	0.463415	0.429874	0.358663	0.531481	GSE95752|C1_all_cells|DG08|dentate_low_support
GSE95752	C1_all_cells	DG08	dentate_gyrus	C1	mouse	other_or_ambiguous	17	0	0	0	0.00509667	0	0	0	0.0648366	0.0630134	0	0.126027	-0.05974	-0.0393836	-0.0630134	0	0.1051	0.0845086	0.053319	0.137828	0.269921	0.264838	0.183102	0.375905	0.0806274	0.0732408	0.0462098	0.119451	0.151883	0.128868	0.0882793	0.218746	0.122168	0.112896	0.112896	0.112896	0.662678	0.834564	0.384064	0.952453	0.145041	0.140686	0.09835	0.19822	0.136791	0.123317	0.0649153	0.214069	GSE95752|C1_all_cells|DG08|other_or_ambiguous
GSE95752	C1_all_cells	DG09	dentate_gyrus	C1	mouse	dentate_candidate	37	16	21	0	0.581548	0.575646	0.46111	0.67191	0.0102184	0	0	0	0.571329	0.570544	0.46111	0.644857	0.733071	0.73123	0.56752	0.878118	0.737737	0.673611	0.57631	0.899127	0.414714	0.396011	0.292135	0.545243	0.628507	0.568716	0.50769	0.744832	0.741542	0.747069	0.636344	0.825011	0.457118	0.384064	0.384064	0.384064	0.628804	0.64112	0.471776	0.780504	0.587283	0.545376	0.480243	0.709944	GSE95752|C1_all_cells|DG09|dentate_candidate
GSE95752	C1_all_cells	DG09	dentate_gyrus	C1	mouse	dentate_low_support	45	0	0	0	0.243178	0.22397	0.137327	0.310613	0.0142409	0	0	0	0.228938	0.22397	0.137327	0.287823	0.530693	0.554108	0.360164	0.651255	0.590189	0.548271	0.414151	0.712778	0.303514	0.285111	0.21187	0.412414	0.474799	0.452887	0.38213	0.570054	0.428456	0.414677	0.331741	0.491967	0.478033	0.384064	0.384064	0.384064	0.461114	0.455059	0.311333	0.560139	0.438172	0.409032	0.335215	0.548415	GSE95752|C1_all_cells|DG09|dentate_low_support
GSE95752	C1_all_cells	DG09	dentate_gyrus	C1	mouse	other_or_ambiguous	28	0	0	0	0.00618881	0	0	0	0.0352465	0	0	0.0630134	-0.0290577	0	-0.0630134	0	0.196047	0.137828	0.053319	0.233947	0.322094	0.264838	0.203277	0.355021	0.125298	0.0828302	0	0.16566	0.21448	0.147664	0.104349	0.216542	0.124155	0.112896	0.112896	0.112896	0.564807	0.384064	0.384064	0.834564	0.214107	0.19822	0.09835	0.257599	0.190923	0.149479	0.0860834	0.21396	GSE95752|C1_all_cells|DG09|other_or_ambiguous
GSE95752	C1_all_cells	DG10	dentate_gyrus	C1	mouse	dentate_candidate	18	4	14	0	0.583747	0.550803	0.473726	0.684323	0.00904929	0	0	0	0.574698	0.550803	0.473726	0.644161	0.672941	0.66972	0.591334	0.752944	0.644617	0.673611	0.541218	0.701469	0.365569	0.340911	0.267688	0.496587	0.561042	0.575067	0.493061	0.614564	0.738698	0.719714	0.647254	0.832284	0.438956	0.384064	0.384064	0.384064	0.579305	0.579788	0.498155	0.659628	0.531698	0.552323	0.461355	0.594985	GSE95752|C1_all_cells|DG10|dentate_candidate
GSE95752	C1_all_cells	DG10	dentate_gyrus	C1	mouse	dentate_low_support	27	0	0	0	0.21308	0.173287	0.111985	0.255896	0.0070015	0	0	0	0.206078	0.173287	0.0866434	0.255896	0.418469	0.399458	0.310897	0.485366	0.484384	0.490509	0.286122	0.668185	0.260024	0.25808	0.152145	0.317805	0.387626	0.40586	0.271942	0.475341	0.399865	0.367347	0.301129	0.444203	0.421801	0.384064	0.384064	0.384064	0.36988	0.332175	0.285605	0.391337	0.35691	0.363873	0.253366	0.435519	GSE95752|C1_all_cells|DG10|dentate_low_support
GSE95752	C1_all_cells	DG10	dentate_gyrus	C1	mouse	other_or_ambiguous	30	0	0	0	0	0	0	0	0.0475999	0.0315067	0	0.0906587	-0.0475999	-0.0315067	-0.0906587	0	0.0750448	0.053319	0	0.0845086	0.167933	0.115525	0.0577623	0.225056	0.0737041	0.0462098	0	0.0924196	0.105561	0.0678516	0.0462287	0.126023	0.112896	0.112896	0.112896	0.112896	0.638833	0.609314	0.384064	0.899859	0.109061	0.09835	0.0327833	0.140686	0.0874656	0.0389709	0.0192683	0.117835	GSE95752|C1_all_cells|DG10|other_or_ambiguous
GSE95752	C1_all_cells	DG11	dentate_gyrus	C1	mouse	dentate_candidate	36	7	29	0	0.522316	0.500398	0.467209	0.555306	0.0178012	0	0	0.0157533	0.504515	0.4839	0.433217	0.555306	0.639252	0.630661	0.540872	0.688775	0.632179	0.593861	0.529676	0.703845	0.348055	0.315654	0.251322	0.39322	0.539828	0.491066	0.463704	0.574061	0.690181	0.677051	0.642857	0.724815	0.501526	0.384064	0.384064	0.496689	0.541811	0.539079	0.440241	0.597373	0.500796	0.458098	0.421298	0.550369	GSE95752|C1_all_cells|DG11|dentate_candidate
GSE95752	C1_all_cells	DG11	dentate_gyrus	C1	mouse	dentate_low_support	52	0	0	0	0.233128	0.22397	0.124656	0.329882	0.00484718	0	0	0	0.228281	0.22397	0.0866434	0.31543	0.491509	0.423465	0.30458	0.546541	0.591557	0.493715	0.353935	0.663795	0.302138	0.281185	0.184839	0.362071	0.461735	0.405363	0.288812	0.492605	0.417879	0.414677	0.316435	0.507599	0.418718	0.384064	0.384064	0.384064	0.407984	0.346287	0.282566	0.445614	0.405733	0.361702	0.26574	0.461246	GSE95752|C1_all_cells|DG11|dentate_low_support
GSE95752	C1_all_cells	DG11	dentate_gyrus	C1	mouse	other_or_ambiguous	33	0	0	0	0	0	0	0	0.069672	0	0	0.126027	-0.069672	0	-0.126027	0	0.0887462	0.053319	0	0.106638	0.237487	0.207076	0.091551	0.311472	0.108009	0.0924196	0.0462098	0.138629	0.144747	0.108842	0.0725731	0.188082	0.112896	0.112896	0.112896	0.112896	0.646265	0.384064	0.384064	0.952453	0.121383	0.09835	0.0327833	0.168693	0.12787	0.0937907	0.0445072	0.194095	GSE95752|C1_all_cells|DG11|other_or_ambiguous
GSE95752	C1_all_cells	DG12	dentate_gyrus	C1	mouse	dentate_candidate	35	17	18	0	0.597402	0.570544	0.479866	0.681544	0.0129086	0	0	0	0.584493	0.570544	0.46634	0.681544	0.754602	0.750562	0.626469	0.87311	0.714542	0.723276	0.574795	0.83282	0.40248	0.377531	0.230524	0.540626	0.623874	0.616962	0.530388	0.71778	0.752087	0.740122	0.654038	0.833044	0.466267	0.384064	0.384064	0.384064	0.65125	0.657186	0.533	0.773339	0.589231	0.597047	0.506514	0.687798	GSE95752|C1_all_cells|DG12|dentate_candidate
GSE95752	C1_all_cells	DG12	dentate_gyrus	C1	mouse	dentate_low_support	24	0	0	0	0.215311	0.212575	0.124656	0.277945	0	0	0	0	0.215311	0.212575	0.124656	0.277945	0.45242	0.403817	0.289988	0.539312	0.550783	0.514482	0.325152	0.641074	0.233777	0.202281	0.0732408	0.264838	0.412327	0.359974	0.271731	0.503848	0.401605	0.402845	0.316435	0.467705	0.384064	0.384064	0.384064	0.384064	0.378809	0.334238	0.27589	0.437798	0.371445	0.317629	0.250434	0.476118	GSE95752|C1_all_cells|DG12|dentate_low_support
GSE95752	C1_all_cells	DG12	dentate_gyrus	C1	mouse	other_or_ambiguous	26	0	0	0	0	0	0	0	0.0313245	0	0	0.0630134	-0.0313245	0	-0.0630134	0	0.160184	0.0689138	0	0.146627	0.290447	0.178194	0.115525	0.333764	0.109206	0.0597253	0.0115525	0.119451	0.186612	0.111066	0.0783253	0.14384	0.112896	0.112896	0.112896	0.112896	0.558769	0.384064	0.384064	0.834564	0.181953	0.119518	0.0327833	0.203539	0.158706	0.0961789	0.0512375	0.144377	GSE95752|C1_all_cells|DG12|other_or_ambiguous
GSE95752	C1_all_cells	DG13	dentate_gyrus	C1	mouse	dentate_candidate	27	11	16	0	0.567488	0.562476	0.44794	0.612881	0.00700149	0	0	0	0.560486	0.553852	0.44794	0.597174	0.69892	0.673385	0.556762	0.814511	0.68969	0.669174	0.599719	0.807545	0.403154	0.384555	0.285111	0.476996	0.597255	0.5588	0.501813	0.71457	0.726854	0.73274	0.622666	0.776813	0.43412	0.384064	0.384064	0.384064	0.597578	0.58337	0.457772	0.720473	0.562069	0.532783	0.472645	0.683891	GSE95752|C1_all_cells|DG13|dentate_candidate
GSE95752	C1_all_cells	DG13	dentate_gyrus	C1	mouse	dentate_low_support	34	0	0	0	0.226082	0.22397	0.0993143	0.325065	0.0169949	0	0	0	0.209087	0.199049	0.0866434	0.304916	0.432869	0.497443	0.233947	0.611407	0.451647	0.438125	0.3226	0.542522	0.232561	0.217008	0.131953	0.31741	0.372359	0.385212	0.301847	0.454743	0.411165	0.414677	0.285823	0.503691	0.473066	0.384064	0.384064	0.384064	0.38409	0.401324	0.257599	0.516283	0.343593	0.338037	0.276487	0.413048	GSE95752|C1_all_cells|DG13|dentate_low_support
GSE95752	C1_all_cells	DG13	dentate_gyrus	C1	mouse	other_or_ambiguous	18	0	0	0	0.00481352	0	0	0	0.0769368	0.0630134	0	0.119489	-0.0721233	-0.0630134	-0.119489	0	0.118492	0.0689138	0.053319	0.13003	0.281124	0.22836	0.115525	0.428693	0.120814	0.115524	0.0462098	0.16566	0.173477	0.148014	0.10031	0.216198	0.121653	0.112896	0.112896	0.112896	0.732704	0.834564	0.384064	0.944746	0.155051	0.119518	0.09835	0.190838	0.160937	0.149153	0.0804386	0.212549	GSE95752|C1_all_cells|DG13|other_or_ambiguous
GSE95752	C1_all_cells	DG14	dentate_gyrus	C1	mouse	dentate_candidate	30	13	17	0	0.625495	0.653153	0.521171	0.700839	0.0138314	0	0	0	0.611664	0.629009	0.484847	0.700839	0.712394	0.740509	0.625369	0.800375	0.720998	0.72723	0.66514	0.85533	0.39316	0.379305	0.295174	0.440393	0.608851	0.604817	0.523945	0.691008	0.776625	0.81003	0.694909	0.847808	0.465979	0.384064	0.384064	0.384064	0.618722	0.649696	0.534358	0.707338	0.57766	0.585541	0.50152	0.662288	GSE95752|C1_all_cells|DG14|dentate_candidate
GSE95752	C1_all_cells	DG14	dentate_gyrus	C1	mouse	dentate_low_support	18	0	0	0	0.217796	0.24195	0.108304	0.310613	0.00700149	0	0	0	0.210795	0.24195	0.108304	0.310613	0.466668	0.506096	0.322272	0.620588	0.447111	0.46635	0.298368	0.623944	0.239432	0.263219	0.103972	0.380953	0.384404	0.399727	0.281618	0.555353	0.403266	0.432371	0.294725	0.491967	0.43412	0.384064	0.384064	0.384064	0.412952	0.407946	0.292119	0.528007	0.35613	0.356492	0.258142	0.530396	GSE95752|C1_all_cells|DG14|dentate_low_support
GSE95752	C1_all_cells	DG14	dentate_gyrus	C1	mouse	other_or_ambiguous	11	0	0	0	0	0	0	0	0.0501523	0	0	0.0998738	-0.0501523	0	-0.0998738	0	0.0957556	0.106638	0	0.148893	0.201786	0.173287	0.0866437	0.305705	0.133721	0.138629	0.0924196	0.156071	0.143754	0.129274	0.106256	0.165455	0.112896	0.112896	0.112896	0.112896	0.628074	0.384064	0.384064	0.921624	0.13512	0.168693	0.0327833	0.202454	0.133975	0.124186	0.0894485	0.174338	GSE95752|C1_all_cells|DG14|other_or_ambiguous
GSE95752	C1_all_cells	DG15	dentate_gyrus	C1	mouse	dentate_candidate	51	19	32	0	0.580963	0.534583	0.46416	0.69887	0.0157594	0	0	0	0.565204	0.503169	0.46416	0.688099	0.704796	0.709101	0.583422	0.799776	0.656175	0.642853	0.581874	0.728533	0.442178	0.442919	0.325244	0.568869	0.60105	0.605013	0.510783	0.698379	0.736163	0.707121	0.639601	0.844225	0.47983	0.384064	0.384064	0.384064	0.606472	0.620061	0.488927	0.706253	0.570066	0.585323	0.483283	0.66891	GSE95752|C1_all_cells|DG15|dentate_candidate
GSE95752	C1_all_cells	DG15	dentate_gyrus	C1	mouse	dentate_low_support	55	0	0	0	0.228795	0.22397	0.137327	0.310613	0.00687419	0	0	0	0.221921	0.22397	0.137327	0.310613	0.433921	0.466802	0.333027	0.576628	0.421015	0.422931	0.288811	0.52605	0.262776	0.268357	0.16566	0.325244	0.372571	0.368321	0.298187	0.466071	0.413986	0.414677	0.331741	0.491967	0.433209	0.384064	0.384064	0.384064	0.378652	0.374512	0.298307	0.48122	0.342826	0.323925	0.27247	0.423795	GSE95752|C1_all_cells|DG15|dentate_low_support
GSE95752	C1_all_cells	DG15	dentate_gyrus	C1	mouse	other_or_ambiguous	26	0	0	0	0.00333244	0	0	0	0.0347539	0	0	0.0630134	-0.0314215	0	-0.0630134	0	0.209109	0.137828	0.053319	0.278923	0.333032	0.235957	0.115525	0.410431	0.146426	0.119451	0.0462098	0.200318	0.229522	0.153162	0.061465	0.271333	0.118958	0.112896	0.112896	0.112896	0.564489	0.384064	0.384064	0.834564	0.222619	0.19822	0.09835	0.272037	0.212014	0.156969	0.0337061	0.249891	GSE95752|C1_all_cells|DG15|other_or_ambiguous
GSE95752	C1_all_cells	DG16	dentate_gyrus	C1	mouse	dentate_candidate	12	5	7	0	0.525302	0.479866	0.444259	0.580456	0	0	0	0	0.525302	0.479866	0.444259	0.580456	0.698977	0.686725	0.571491	0.849863	0.679111	0.621227	0.559236	0.747965	0.431367	0.421589	0.363753	0.513802	0.603152	0.588567	0.547584	0.662597	0.690223	0.654147	0.618595	0.748372	0.384064	0.384064	0.384064	0.384064	0.60233	0.597373	0.474381	0.754559	0.573636	0.564916	0.521168	0.635692	GSE95752|C1_all_cells|DG16|dentate_candidate
GSE95752	C1_all_cells	DG16	dentate_gyrus	C1	mouse	dentate_low_support	31	0	0	0	0.224657	0.22397	0.173287	0.287823	0.00203269	0	0	0	0.222624	0.22397	0.173287	0.281238	0.49204	0.466802	0.357682	0.630205	0.440988	0.432746	0.323246	0.548271	0.259999	0.238901	0.17525	0.390107	0.397676	0.365128	0.306897	0.496684	0.411749	0.414677	0.367347	0.47373	0.398596	0.384064	0.384064	0.384064	0.425924	0.374512	0.311116	0.538102	0.369686	0.320886	0.278984	0.466565	GSE95752|C1_all_cells|DG16|dentate_low_support
GSE95752	C1_all_cells	DG16	dentate_gyrus	C1	mouse	other_or_ambiguous	10	0	0	0	0.0173287	0	0	0	0.0435227	0	0	0.0906587	-0.026194	0	-0.0480598	0	0.193457	0.122233	0.0133297	0.351347	0.165897	0.141716	0.0577623	0.282324	0.0973956	0.0924196	0.0462098	0.116412	0.15225	0.115297	0.0634861	0.199182	0.14442	0.112896	0.112896	0.112896	0.597872	0.384064	0.384064	0.899859	0.195484	0.17792	0.049175	0.308945	0.13135	0.103126	0.0353344	0.198328	GSE95752|C1_all_cells|DG16|other_or_ambiguous
GSE95752	C1_all_cells	DG17	dentate_gyrus	C1	mouse	dentate_candidate	40	12	28	0	0.527868	0.500896	0.457817	0.598436	0.00787667	0	0	0	0.519991	0.500896	0.457817	0.578147	0.663707	0.639819	0.532844	0.774472	0.715249	0.688091	0.588625	0.834756	0.28911	0.30429	0.192691	0.376536	0.556022	0.586003	0.487898	0.630173	0.694518	0.675749	0.632925	0.761398	0.440377	0.384064	0.384064	0.384064	0.567694	0.547655	0.430688	0.681611	0.526596	0.562528	0.452128	0.610942	GSE95752|C1_all_cells|DG17|dentate_candidate
GSE95752	C1_all_cells	DG17	dentate_gyrus	C1	mouse	dentate_low_support	58	0	0	0	0.212609	0.20118	0.137327	0.310613	0.00543219	0	0	0	0.207176	0.20118	0.137327	0.287823	0.479621	0.509762	0.331	0.617901	0.511321	0.515578	0.380362	0.602673	0.189163	0.170799	0.107296	0.265788	0.393369	0.398453	0.305719	0.485375	0.39921	0.391012	0.331741	0.491967	0.4229	0.384064	0.384064	0.384064	0.418783	0.410117	0.29733	0.525727	0.362275	0.3528	0.27931	0.447894	GSE95752|C1_all_cells|DG17|dentate_low_support
GSE95752	C1_all_cells	DG17	dentate_gyrus	C1	mouse	other_or_ambiguous	57	0	0	0	0.00392931	0	0	0	0.0605534	0	0	0.0998738	-0.0566241	0	-0.0630134	0	0.131013	0.0845086	0.053319	0.159957	0.295136	0.231049	0.149313	0.356389	0.0685293	0.0462098	0	0.0924196	0.164893	0.139513	0.0868933	0.168879	0.119501	0.112896	0.112896	0.112896	0.643128	0.384064	0.384064	0.921624	0.164092	0.140686	0.09835	0.215154	0.148079	0.138081	0.0638298	0.178463	GSE95752|C1_all_cells|DG17|other_or_ambiguous
GSE95752	C1_all_cells	DG18	dentate_gyrus	C1	mouse	dentate_low_support	25	0	0	0	0.136608	0.137327	0.0866434	0.173287	0.0216387	0	0	0.0630134	0.114969	0.0866434	0.0866434	0.173287	0.144749	0.106638	0.053319	0.191147	0.320108	0.264838	0.173287	0.393208	0.0910604	0.0462098	0	0.138629	0.185306	0.130802	0.098061	0.227855	0.324881	0.331741	0.270517	0.367347	0.515788	0.384064	0.384064	0.834564	0.175293	0.168693	0.09835	0.236214	0.168146	0.126357	0.0766392	0.22449	GSE95752|C1_all_cells|DG18|dentate_low_support
GSE95752	C1_all_cells	DG18	dentate_gyrus	C1	mouse	other_or_ambiguous	51	0	0	0	0.00509667	0	0	0	0.0490265	0	0	0.0814436	-0.0439298	0	-0.0630134	0	0.0841724	0.053319	0	0.122233	0.257802	0.207076	0.115525	0.334587	0.0662989	0.0462098	0	0.0924196	0.136091	0.122634	0.0621227	0.16478	0.122168	0.112896	0.112896	0.112896	0.633998	0.384064	0.384064	0.878094	0.12591	0.09835	0.0327833	0.183457	0.122909	0.111159	0.0344117	0.173469	GSE95752|C1_all_cells|DG18|other_or_ambiguous
GSE95752	C1_all_cells	DG19	dentate_gyrus	C1	mouse	dentate_candidate	2	1	1	0	0.461886	0.461886	0.443518	0.480255	0.0630135	0.0630135	0.0315068	0.0945203	0.398873	0.398873	0.348998	0.448748	0.458706	0.458706	0.446076	0.471336	0.770626	0.770626	0.575494	0.965758	0.240113	0.240113	0.179782	0.300445	0.489815	0.489815	0.40045	0.579179	0.634173	0.634173	0.615285	0.653062	0.668258	0.668258	0.526161	0.810356	0.370495	0.370495	0.360671	0.380319	0.463092	0.463092	0.373752	0.552432	GSE95752|C1_all_cells|DG19|dentate_candidate
GSE95752	C1_all_cells	DG19	dentate_gyrus	C1	mouse	dentate_low_support	32	0	0	0	0.148401	0.137327	0.0866434	0.173287	0.0228127	0	0	0.0630134	0.125589	0.0866434	0.0866434	0.173287	0.256189	0.213276	0.101106	0.30537	0.543501	0.591171	0.258845	0.745198	0.177092	0.146068	0.0346574	0.270727	0.325594	0.343294	0.139455	0.443941	0.336131	0.331741	0.270517	0.367347	0.529208	0.384064	0.384064	0.834564	0.259824	0.247503	0.161691	0.283869	0.298795	0.305471	0.138298	0.400673	GSE95752|C1_all_cells|DG19|dentate_low_support
GSE95752	C1_all_cells	DG19	dentate_gyrus	C1	mouse	other_or_ambiguous	53	0	0	0	0.00653912	0	0	0	0.0589672	0	0	0.126027	-0.0524281	0	-0.0998738	0	0.128223	0.0845086	0.053319	0.159957	0.408158	0.335446	0.207076	0.539491	0.109614	0.0924196	0.0462098	0.153506	0.215332	0.168532	0.106147	0.298508	0.124792	0.112896	0.112896	0.112896	0.631125	0.384064	0.384064	0.952453	0.159894	0.140686	0.09835	0.215154	0.195778	0.177594	0.0894485	0.272688	GSE95752|C1_all_cells|DG19|other_or_ambiguous
GSE95752	C1_all_cells	DG20	dentate_gyrus	C1	mouse	dentate_candidate	51	50	1	0	0.648333	0.617705	0.505208	0.783551	0.0106072	0	0	0	0.637726	0.617705	0.498623	0.783551	0.977393	0.982246	0.837263	1.08162	1.70519	1.67733	1.46654	1.83875	0.552084	0.51616	0.401996	0.665363	1.07822	1.03792	0.910149	1.19495	0.786208	0.780069	0.679548	0.90621	0.456438	0.384064	0.384064	0.384064	0.811367	0.853669	0.743921	0.905341	0.876563	0.899696	0.825228	0.943769	GSE95752|C1_all_cells|DG20|dentate_candidate
GSE95752	C1_all_cells	DG20	dentate_gyrus	C1	mouse	dentate_low_support	63	0	0	0	0.212645	0.22397	0.137327	0.281238	0.0166474	0	0	0	0.195998	0.196917	0.0984587	0.25993	0.859129	0.872198	0.626153	1.14225	1.71575	1.52035	1.1315	2.50922	0.480375	0.450772	0.340911	0.558067	1.01842	0.94432	0.674967	1.39527	0.399589	0.414677	0.331741	0.469714	0.483059	0.384064	0.384064	0.384064	0.699905	0.772254	0.533977	0.929874	0.783574	0.847156	0.647633	0.980678	GSE95752|C1_all_cells|DG20|dentate_low_support
GSE95752	C1_all_cells	DG20	dentate_gyrus	C1	mouse	other_or_ambiguous	15	0	0	0	0.0115525	0	0	0	0.0272716	0	0	0	-0.0157192	0	0	0	0.623796	0.702207	0.28672	0.852183	1.35899	1.09486	0.563465	2.21603	0.372618	0.438617	0.21187	0.534023	0.785133	0.780993	0.345814	1.19836	0.133912	0.112896	0.112896	0.112896	0.460906	0.384064	0.384064	0.384064	0.544695	0.613765	0.278767	0.748263	0.635939	0.740339	0.318497	0.940947	GSE95752|C1_all_cells|DG20|other_or_ambiguous
GSE95752	C1_all_cells	DG21	dentate_gyrus	C1	mouse	dentate_candidate	67	65	2	0	0.664961	0.657187	0.558164	0.767411	0.0103455	0	0	0	0.654616	0.64912	0.550594	0.754163	0.924485	0.932648	0.792158	1.04369	1.44064	1.35245	1.15845	1.60728	0.504302	0.488079	0.355638	0.61433	0.956476	0.914525	0.775276	1.05192	0.804298	0.812419	0.728072	0.897199	0.458027	0.384064	0.384064	0.384064	0.782205	0.817412	0.699414	0.887973	0.826041	0.828919	0.734911	0.90469	GSE95752|C1_all_cells|DG21|dentate_candidate
GSE95752	C1_all_cells	DG21	dentate_gyrus	C1	mouse	dentate_low_support	36	0	0	0	0.21263	0.22397	0.0866434	0.287823	0.0132765	0	0	0	0.199353	0.22397	0.0866434	0.287823	0.530253	0.561897	0.337867	0.750204	1.06118	1.12341	0.674179	1.28114	0.311878	0.315654	0.205112	0.396565	0.634438	0.663064	0.477228	0.780255	0.398774	0.414677	0.270517	0.47373	0.46484	0.384064	0.384064	0.384064	0.457326	0.463525	0.300912	0.656263	0.577743	0.636561	0.443552	0.738276	GSE95752|C1_all_cells|DG21|dentate_low_support
GSE95752	C1_all_cells	DG21	dentate_gyrus	C1	mouse	other_or_ambiguous	33	0	0	0	0.00262556	0	0	0	0.0385144	0	0	0.0630134	-0.0358888	0	-0.0630134	0	0.122025	0.053319	0.053319	0.106638	0.503938	0.477508	0.3226	0.563464	0.120798	0.119451	0.0462098	0.16566	0.248921	0.19816	0.148553	0.283803	0.117672	0.112896	0.112896	0.112896	0.564264	0.384064	0.384064	0.834564	0.158081	0.09835	0.09835	0.168693	0.230582	0.201042	0.152844	0.259661	GSE95752|C1_all_cells|DG21|other_or_ambiguous
GSE95752	C1_all_cells	DG22	dentate_gyrus	C1	mouse	dentate_candidate	81	80	1	0	0.751652	0.782925	0.578122	0.900426	0.0203932	0	0	0	0.731259	0.753836	0.570544	0.87309	0.979772	0.927684	0.797961	1.18897	1.60676	1.54452	1.37028	1.81121	0.560315	0.540675	0.425115	0.677518	1.04895	1.01172	0.891783	1.20632	0.850372	0.906644	0.747937	0.958967	0.494355	0.384064	0.384064	0.384064	0.806916	0.814155	0.702779	0.943769	0.868593	0.887104	0.810682	0.94746	GSE95752|C1_all_cells|DG22|dentate_candidate
GSE95752	C1_all_cells	DG22	dentate_gyrus	C1	mouse	dentate_low_support	29	0	0	0	0.237954	0.25993	0.137327	0.310613	0.0229998	0	0	0.0630134	0.214954	0.2476	0.110274	0.261422	0.660625	0.698829	0.413483	0.877601	1.1949	1.26234	0.634073	1.53676	0.354504	0.331321	0.16566	0.484827	0.736677	0.822575	0.466237	0.986461	0.423593	0.450065	0.331741	0.491967	0.519472	0.384064	0.384064	0.834564	0.576227	0.608554	0.338906	0.779852	0.651848	0.768129	0.423795	0.87234	GSE95752|C1_all_cells|DG22|dentate_low_support
GSE95752	C1_all_cells	DG22	dentate_gyrus	C1	mouse	other_or_ambiguous	9	0	0	0	0.0192541	0	0	0	0.0646156	0.0630134	0	0.126027	-0.0453615	-0.0132304	-0.0630134	0	0.232242	0.159957	0.137828	0.372022	0.632038	0.374984	0.3226	1.03303	0.189109	0.119451	0.0462098	0.16566	0.35113	0.226085	0.18663	0.508168	0.147923	0.112896	0.112896	0.112896	0.686255	0.834564	0.384064	0.952453	0.23479	0.215154	0.19822	0.316109	0.332972	0.221884	0.192358	0.481112	GSE95752|C1_all_cells|DG22|other_or_ambiguous
GSE95752	C1_all_cells	DG23	dentate_gyrus	C1	mouse	dentate_candidate	51	50	1	0	0.697174	0.667192	0.58756	0.770358	0.00937165	0	0	0	0.687802	0.66229	0.58756	0.761131	1.0128	0.948259	0.831333	1.21207	1.39781	1.39844	1.15953	1.66764	0.559458	0.526437	0.449832	0.685617	0.990022	0.991241	0.860615	1.12342	0.82384	0.820886	0.753582	0.90013	0.432858	0.384064	0.384064	0.384064	0.830822	0.834564	0.73654	0.949848	0.844176	0.87538	0.791142	0.928354	GSE95752|C1_all_cells|DG23|dentate_candidate
GSE95752	C1_all_cells	DG23	dentate_gyrus	C1	mouse	dentate_low_support	31	0	0	0	0.232629	0.25993	0.0866434	0.34254	0.00644347	0	0	0	0.226186	0.25993	0.0866434	0.32456	0.553658	0.590605	0.39741	0.762811	0.963183	0.990833	0.73067	1.17233	0.305881	0.299987	0.184839	0.394559	0.607574	0.634073	0.500921	0.728936	0.415909	0.450065	0.270517	0.519105	0.418745	0.384064	0.384064	0.384064	0.491183	0.498697	0.331524	0.670213	0.568277	0.614416	0.471993	0.694746	GSE95752|C1_all_cells|DG23|dentate_low_support
GSE95752	C1_all_cells	DG23	dentate_gyrus	C1	mouse	other_or_ambiguous	38	0	0	0	0.00228009	0	0	0	0.0528146	0.0630134	0	0.0998738	-0.0505345	-0.0630134	-0.0998738	0	0.0915521	0.0845086	0.053319	0.137828	0.389947	0.377673	0.253443	0.508733	0.0868262	0.0828302	0.0462098	0.138629	0.189442	0.196182	0.133013	0.232026	0.117044	0.112896	0.112896	0.112896	0.669727	0.834564	0.384064	0.921624	0.140229	0.140686	0.09835	0.19822	0.180023	0.198437	0.129776	0.22601	GSE95752|C1_all_cells|DG23|other_or_ambiguous
GSE95752	C1_all_cells	DG24	dentate_gyrus	C1	mouse	dentate_candidate	82	76	6	0	0.694794	0.65911	0.531942	0.842207	0.0103679	0	0	0	0.684426	0.65911	0.531062	0.814975	0.948806	0.884337	0.753526	1.15046	1.30429	1.29449	1.07864	1.53656	0.560305	0.560218	0.46038	0.635611	0.937799	0.919023	0.769071	1.07686	0.812196	0.813939	0.701096	0.936876	0.434904	0.384064	0.384064	0.384064	0.77703	0.787017	0.660497	0.932588	0.811661	0.831959	0.730243	0.913699	GSE95752|C1_all_cells|DG24|dentate_candidate
GSE95752	C1_all_cells	DG24	dentate_gyrus	C1	mouse	dentate_low_support	40	0	0	0	0.193564	0.155307	0.0866434	0.25993	0.0103735	0	0	0	0.183191	0.137327	0.0866434	0.25993	0.693091	0.635051	0.476114	0.87726	1.04757	0.934001	0.60004	1.28885	0.36832	0.353486	0.208831	0.476708	0.702992	0.65059	0.46854	0.817397	0.380113	0.349544	0.270517	0.450065	0.453815	0.384064	0.384064	0.384064	0.578935	0.543096	0.382761	0.77893	0.609053	0.627008	0.426509	0.766283	GSE95752|C1_all_cells|DG24|dentate_low_support
GSE95752	C1_all_cells	DG24	dentate_gyrus	C1	mouse	other_or_ambiguous	10	0	0	0	0.00866434	0	0	0	0.0565689	0.0315067	0	0.0906587	-0.0479045	-0.0066152	-0.0630134	0	0.14832	0.053319	0.053319	0.0845086	0.492927	0.25993	0.207076	0.508452	0.0984232	0.0462098	0.0462098	0.136404	0.246557	0.133922	0.0908697	0.200049	0.128658	0.112896	0.112896	0.112896	0.64657	0.609314	0.384064	0.899859	0.178029	0.09835	0.09835	0.140686	0.217781	0.130048	0.0680091	0.202345	GSE95752|C1_all_cells|DG24|other_or_ambiguous
GSE95752	C1_all_cells	DG25	dentate_gyrus	C1	mouse	dentate_candidate	70	67	3	0	0.748907	0.75322	0.627555	0.864417	0.00952849	0	0	0	0.739379	0.738812	0.605409	0.855074	1.01779	0.994688	0.862681	1.13249	1.3043	1.263	1.10053	1.49581	0.564658	0.568869	0.450889	0.66744	0.962248	0.941513	0.819331	1.06959	0.85602	0.887864	0.790925	0.948708	0.44398	0.384064	0.384064	0.384064	0.8339	0.861051	0.765741	0.926237	0.834905	0.84455	0.766392	0.910769	GSE95752|C1_all_cells|DG25|dentate_candidate
GSE95752	C1_all_cells	DG25	dentate_gyrus	C1	mouse	dentate_low_support	8	0	0	0	0.261084	0.251584	0.225751	0.285272	0	0	0	0	0.261084	0.251584	0.225751	0.285272	0.688267	0.746032	0.463368	0.832168	1.01722	1.04933	0.649456	1.30699	0.364331	0.411251	0.333284	0.438144	0.689938	0.692607	0.519679	0.84763	0.449088	0.442792	0.418476	0.471884	0.384064	0.384064	0.384064	0.384064	0.594279	0.655124	0.378745	0.728778	0.633684	0.655666	0.494355	0.78528	GSE95752|C1_all_cells|DG25|dentate_low_support
GSE95752	C1_all_cells	DG25	dentate_gyrus	C1	mouse	other_or_ambiguous	16	0	0	0	0.0162456	0	0	0	0.0724605	0.0630134	0	0.106412	-0.0562149	-0.0511985	-0.0722285	0	0.205489	0.106638	0.053319	0.174549	0.445024	0.330843	0.207076	0.417197	0.142556	0.0924196	0	0.209512	0.264356	0.157164	0.122872	0.262594	0.14245	0.112896	0.112896	0.112896	0.742727	0.834564	0.384064	0.929331	0.209984	0.168693	0.09835	0.227421	0.227611	0.163265	0.115447	0.245006	GSE95752|C1_all_cells|DG25|other_or_ambiguous
